spatial_disp_gradient_max,tilt_x_current,vib_mean,vib_variance,vib_std,spatial_avg_neighbor_disp,spatial_avg_neighbor_risk,tilt_mag_std,vib_min,tilt_trend_r2,disp_trend_r2,spatial_num_abnormal_neighbors,tilt_accel_max,tilt_stability_index,spatial_pct_abnormal_neighbors,tilt_rate_max,disp_accel_max,disp_rate_max,vib_cov,vib_skewness,disp_stability_index,vib_crest_factor,vib_kurtosis,vib_spectral_energy_mid,vib_dominant_frequency,vib_spectral_centroid,vib_spectral_energy_low,vib_spectral_energy_high,vib_spectral_entropy,vib_second_dominant_frequency,risk_label,timestamp
0.04229,0.1004,0.03358,0.00015,0.01214,0.0,0.0,0.0095,0.0008,0.048,0.0033,0.0,66.49718,0.8982,0.0,1.03878,73.08,1.218,0.3614,-0.16597,0.6186,1.69868,-0.08285,0.53215,0.13333,0.25708,0.07932,0.38852,0.95211,0.15,NORMAL,2026-09-10 06:01:00
0.03795,0.1192,0.03498,0.00016,0.01266,0.3524,6.67,0.006,0.0056,0.0965,0.0617,0.0,72.85041,0.8989,0.0,1.06508,78.12,1.302,0.36201,0.21818,0.6033,1.7813,0.08141,0.50623,0.45,0.26287,0.11197,0.3818,0.97589,0.2,NORMAL,2026-09-10 06:01:00
0.03494,0.0862,0.03593,0.00016,0.01282,0.4744,10.0,0.008,0.0112,0.0334,0.0462,0.0,81.71701,0.874,0.0,1.36195,83.52,0.96,0.35681,0.05625,0.6724,1.65816,-0.50835,0.32578,0.38333,0.26694,0.14441,0.52981,0.97005,0.4,NORMAL,2026-09-10 06:01:00
0.03884,0.0938,0.03381,0.00014,0.01166,0.5241,10.0,0.0083,0.0038,0.0233,0.0005,0.0,103.77076,0.897,0.0,1.06534,104.04,1.734,0.34485,0.01152,0.5332,1.76591,0.39863,0.39025,0.46667,0.25042,0.22106,0.38869,0.96643,0.3,NORMAL,2026-09-10 06:01:00
0.00106,0.1256,0.0369,0.00015,0.01222,0.9599,20.0,0.008,0.0098,0.0005,0.1435,0.0,175.59379,0.8639,0.0,1.49514,104.76,1.458,0.33114,-0.14739,0.5759,1.60401,-0.57354,0.3424,0.5,0.28709,0.09355,0.56406,0.96094,0.48333,NORMAL,2026-09-10 06:01:00
0.00155,0.0944,0.03618,0.00013,0.01141,0.9567,20.0,0.0079,0.0098,0.1113,0.0849,0.0,175.59379,0.864,0.0,1.49514,178.56,2.976,0.3154,-0.26563,0.4005,1.48787,-0.46404,0.38006,0.5,0.30372,0.04847,0.57147,0.95221,0.3,NORMAL,2026-09-10 06:01:10
0.00305,0.0987,0.03619,0.00014,0.01189,0.9663,20.0,0.0075,0.0115,0.0062,0.0035,0.0,90.9479,0.8551,0.0,1.62014,83.52,0.96,0.32851,0.07138,0.6727,1.71539,0.01552,0.36069,0.38333,0.27813,0.09999,0.53933,0.96574,0.4,NORMAL,2026-09-10 06:01:10
0.00286,0.103,0.03463,0.00015,0.01222,1.0091,20.0,0.0078,0.0038,0.0144,0.0195,0.0,103.77076,0.9001,0.0,1.03278,104.04,1.734,0.35301,-0.12626,0.5328,1.72004,0.01237,0.40564,0.3,0.25916,0.15953,0.43483,0.94873,0.38333,NORMAL,2026-09-10 06:01:10
0.00369,0.0667,0.03442,0.00013,0.01159,0.9488,20.0,0.0093,0.0086,0.0381,0.0395,0.0,62.32693,0.8984,0.0,1.03878,66.24,1.104,0.33684,0.12019,0.6416,1.66991,-0.55741,0.63859,0.13333,0.26155,0.03361,0.3278,0.94555,0.21667,NORMAL,2026-09-10 06:01:10
0.00346,0.0993,0.03611,0.00016,0.01256,1.0232,20.0,0.0071,0.0056,0.0078,0.2138,0.0,88.11592,0.8763,0.0,1.34147,78.12,1.302,0.34779,0.05667,0.5986,1.73319,0.07128,0.55566,0.28333,0.25481,0.12919,0.31515,0.96757,0.26667,NORMAL,2026-09-10 06:01:10
0.00351,0.079,0.03447,0.00017,0.01304,0.9615,20.0,0.0102,0.0039,0.0825,0.0369,0.0,67.69372,0.8976,0.0,1.03878,57.24,0.954,0.37841,0.00562,0.6743,1.64606,-0.35288,0.54481,0.21667,0.25983,0.07688,0.37831,0.95956,0.15,NORMAL,2026-09-10 06:01:20
0.00369,0.1076,0.03646,0.00013,0.0114,1.0259,20.0,0.0051,0.0094,0.019,0.0277,0.0,64.78184,0.8996,0.0,1.06508,84.24,1.302,0.3127,0.07636,0.6033,1.7343,-0.09804,0.50728,0.26667,0.25066,0.20208,0.29064,0.95073,0.28333,NORMAL,2026-09-10 06:01:20
0.00286,0.1074,0.03654,0.00014,0.0118,0.9544,20.0,0.0074,0.0115,0.0609,0.0057,0.0,73.47977,0.8851,0.0,1.22466,83.52,0.96,0.32303,0.10427,0.673,1.7019,0.03905,0.37201,0.25,0.2673,0.15144,0.47655,0.97666,0.48333,NORMAL,2026-09-10 06:01:20
0.00135,0.1092,0.03416,0.00014,0.01183,1.0095,20.0,0.0084,0.0038,0.2203,0.0001,0.0,99.24062,0.8995,0.0,1.03278,78.12,1.014,0.34649,-0.10897,0.6602,1.7472,0.17344,0.36032,0.38333,0.24975,0.1964,0.44328,0.95954,0.3,NORMAL,2026-09-10 06:01:20
0.00073,0.1007,0.03617,0.00012,0.01097,0.9725,20.0,0.0083,0.0098,0.1022,0.0168,0.0,175.59379,0.8637,0.0,1.49514,83.52,1.14,0.3033,-0.39152,0.6344,1.4933,-0.21181,0.44621,0.5,0.30677,0.04152,0.51228,0.94104,0.3,NORMAL,2026-09-10 06:01:20
0.00177,0.1216,0.03782,0.00011,0.01045,0.9474,20.0,0.0086,0.0098,0.0527,0.0906,0.0,175.59379,0.8635,0.0,1.49514,83.52,1.14,0.27637,-0.29402,0.6341,1.46623,-0.01792,0.50301,0.28333,0.28707,0.05553,0.44146,0.92392,0.3,NORMAL,2026-09-10 06:01:30
0.00188,0.0758,0.03306,0.00012,0.01086,1.0028,20.0,0.0091,0.0038,0.0197,0.3068,0.0,99.24062,0.8989,0.0,1.03278,96.48,0.804,0.32843,-0.25948,0.7023,1.74563,0.33675,0.36806,0.38333,0.27093,0.13385,0.49809,0.95931,0.15,NORMAL,2026-09-10 06:01:30
0.00366,0.0983,0.03374,0.00016,0.01277,0.957,20.0,0.0095,0.0039,0.1149,0.0066,0.0,75.52502,0.8981,0.0,1.03878,57.24,0.954,0.37863,0.23232,0.6743,1.68156,-0.3213,0.37862,0.21667,0.26324,0.20841,0.41297,0.96405,0.43333,NORMAL,2026-09-10 06:01:30
0.00496,0.0993,0.03575,0.00012,0.01085,1.0186,20.0,0.0062,0.0094,0.0175,0.1071,0.0,64.78184,0.9034,0.0,1.0067,84.24,1.302,0.30334,-0.09691,0.5988,1.56686,-0.45414,0.27384,0.01667,0.22145,0.46258,0.26358,0.95167,0.0,NORMAL,2026-09-10 06:01:30
0.00409,0.1179,0.03704,0.00014,0.01184,0.9562,20.0,0.0081,0.0115,0.169,0.0258,0.0,84.71376,0.8845,0.0,1.22466,83.52,0.96,0.31964,0.14148,0.6722,1.68078,-0.13601,0.43406,0.46667,0.25419,0.14492,0.42102,0.96617,0.48333,NORMAL,2026-09-10 06:01:30
0.005,0.0856,0.03376,0.00015,0.01244,0.9244,20.0,0.01,0.0039,0.0005,0.1394,0.0,75.52502,0.8978,0.0,1.03878,57.24,0.954,0.36849,0.14887,0.6737,1.66104,-0.37179,0.27303,0.5,0.27976,0.19029,0.53669,0.94331,0.48333,NORMAL,2026-09-10 06:01:40
0.00364,0.0921,0.03664,0.00011,0.01053,1.0178,20.0,0.0078,0.0111,0.0007,0.1309,0.0,82.51419,0.8869,0.0,1.19791,84.24,1.302,0.2874,0.03629,0.5982,1.54052,-0.57896,0.21563,0.03333,0.2555,0.36636,0.41801,0.9366,0.01667,NORMAL,2026-09-10 06:01:40
0.00301,0.0998,0.03818,0.00014,0.01179,0.9644,20.0,0.0083,0.0115,0.1048,0.0119,0.0,91.88136,0.8818,0.0,1.25775,90.0,0.75,0.30867,0.19295,0.7235,1.63542,-0.28917,0.48505,0.46667,0.24983,0.12844,0.38651,0.94638,0.13333,NORMAL,2026-09-10 06:01:40
0.00269,0.119,0.03386,0.00013,0.01149,1.0055,20.0,0.0091,0.0091,0.0657,0.395,0.0,99.24062,0.8331,0.0,1.91164,96.48,0.804,0.33918,0.01367,0.7006,1.69906,-0.17429,0.36506,0.5,0.28216,0.08009,0.55485,0.96537,0.36667,NORMAL,2026-09-10 06:01:40
0.00186,0.1092,0.03723,0.00013,0.01123,0.9556,20.0,0.0078,0.0098,0.1854,0.1944,0.0,175.59379,0.8641,0.0,1.49514,83.52,1.14,0.30155,-0.50064,0.6298,1.47978,0.15044,0.47182,0.31667,0.2495,0.13517,0.39301,0.94278,0.26667,NORMAL,2026-09-10 06:01:40
0.0035,0.11,0.03508,0.00017,0.01301,0.9584,20.0,0.0088,0.0039,0.0455,0.0371,0.0,129.81157,0.8838,0.0,1.22659,57.24,0.954,0.37086,0.18081,0.6738,1.72307,-0.29089,0.25727,0.5,0.26819,0.2049,0.53783,0.94685,0.48333,NORMAL,2026-09-10 06:01:50
0.00454,0.1297,0.0371,0.00013,0.01123,1.0263,20.0,0.0094,0.0111,0.1205,0.3774,0.0,141.7834,0.8027,0.0,2.36306,84.24,0.768,0.30272,0.011,0.71,1.51541,-0.78847,0.29094,0.03333,0.2596,0.28993,0.41912,0.96224,0.01667,NORMAL,2026-09-10 06:01:50
0.00261,0.1067,0.03708,0.00012,0.01103,0.9427,20.0,0.0069,0.013,0.0374,0.033,0.0,84.71376,0.8783,0.0,1.3166,90.0,1.434,0.29736,0.18028,0.5792,1.6893,-0.26024,0.49153,0.11667,0.24256,0.14546,0.36301,0.9627,0.46667,NORMAL,2026-09-10 06:01:50
0.0012,0.1101,0.03538,0.00014,0.01169,0.9985,20.0,0.0081,0.0091,0.0139,0.097,0.0,74.44597,0.9054,0.0,0.96332,96.48,1.188,0.33046,0.18134,0.6247,1.89366,0.5145,0.47096,0.3,0.27882,0.07414,0.45491,0.94751,0.5,NORMAL,2026-09-10 06:01:50
0.00154,0.1314,0.03754,0.00011,0.01035,0.9509,20.0,0.0077,0.0098,0.0658,0.215,0.0,76.49619,0.8809,0.0,1.27494,94.32,1.482,0.27584,-0.50591,0.5679,1.47756,0.33318,0.45011,0.26667,0.24001,0.18942,0.36047,0.96864,0.36667,NORMAL,2026-09-10 06:01:50
0.00099,0.1271,0.03766,0.00012,0.0108,0.9523,20.0,0.0081,0.0021,0.0144,0.0,0.0,149.96167,0.8806,0.0,1.27494,94.32,0.972,0.28678,-0.93207,0.67,1.46872,1.30033,0.47282,0.26667,0.24804,0.18631,0.34087,0.97207,0.36667,NORMAL,2026-09-10 06:02:00
0.00128,0.1132,0.03655,0.00015,0.01209,0.9968,20.0,0.0083,0.0089,0.1679,0.0388,0.0,130.46202,0.8775,0.0,1.31351,123.84,2.226,0.33084,0.02855,0.4716,1.83292,0.20318,0.55783,0.26667,0.27278,0.09512,0.34705,0.94822,0.28333,NORMAL,2026-09-10 06:02:00
0.00502,0.0842,0.03531,0.00018,0.01338,0.9325,20.0,0.0088,0.0039,0.1483,0.0371,0.0,129.81157,0.8838,0.0,1.22659,81.0,0.954,0.37878,0.12833,0.6737,1.70714,-0.50008,0.37069,0.5,0.25878,0.2057,0.42361,0.9473,0.48333,NORMAL,2026-09-10 06:02:00
0.0052,0.1332,0.0361,0.00013,0.01158,1.0115,20.0,0.0098,0.0111,0.2093,0.1962,0.0,103.92628,0.8517,0.0,1.64338,84.24,0.942,0.32075,0.04296,0.6716,1.5494,-0.88555,0.49216,0.26667,0.2532,0.15096,0.35688,0.95993,0.45,NORMAL,2026-09-10 06:02:00
0.00348,0.0892,0.03565,0.00013,0.0116,0.9486,20.0,0.0067,0.011,0.0075,0.1758,0.0,112.45733,0.8785,0.0,1.3166,90.0,1.434,0.3254,0.17457,0.5741,1.74303,-0.04668,0.41084,0.11667,0.23502,0.23629,0.35287,0.97497,0.33333,NORMAL,2026-09-10 06:02:00
0.00545,0.0907,0.03555,0.00017,0.01298,0.928,20.0,0.0085,0.0039,0.2672,0.0117,0.0,129.81157,0.8841,0.0,1.22659,81.0,0.894,0.36519,0.09994,0.6875,1.70345,-0.28117,0.56094,0.25,0.24657,0.17021,0.26884,0.96455,0.23333,NORMAL,2026-09-10 06:02:10
0.00394,0.0975,0.0339,0.00014,0.01188,1.0123,20.0,0.0094,0.0111,0.0768,0.0352,0.0,82.51419,0.8856,0.0,1.19791,76.32,0.942,0.35026,0.40706,0.6769,1.63547,-0.70111,0.42916,0.25,0.26455,0.15168,0.41916,0.98002,0.31667,NORMAL,2026-09-10 06:02:10
0.00217,0.0754,0.0357,0.00015,0.0121,0.9712,20.0,0.0071,0.011,0.0147,0.1411,0.0,112.45733,0.8782,0.0,1.3166,96.48,1.506,0.33895,0.0124,0.5628,1.59567,-0.67521,0.30571,0.33333,0.24336,0.22952,0.46478,0.95457,0.13333,NORMAL,2026-09-10 06:02:10
0.00202,0.1328,0.03759,0.00013,0.01159,0.9889,20.0,0.0088,0.0089,0.0889,0.02,0.0,130.46202,0.8771,0.0,1.31351,141.12,1.176,0.30834,-0.07767,0.6269,1.79338,0.5282,0.47682,0.26667,0.26415,0.15538,0.36779,0.94991,0.28333,NORMAL,2026-09-10 06:02:10
0.00094,0.115,0.03769,0.00013,0.01126,0.9627,20.0,0.0088,0.0021,0.0176,0.144,0.0,149.96167,0.8801,0.0,1.27494,94.32,0.792,0.29877,-0.76655,0.7134,1.46276,0.7771,0.42695,0.28333,0.25444,0.18034,0.39271,0.98351,0.36667,NORMAL,2026-09-10 06:02:10
0.00228,0.1369,0.03645,0.00015,0.01226,0.9659,20.0,0.0061,0.01,0.1375,0.0199,0.0,129.81157,0.8859,0.0,1.22659,81.0,1.266,0.3363,0.18712,0.6089,1.67606,-0.63256,0.6495,0.25,0.24777,0.11009,0.24042,0.95932,0.15,NORMAL,2026-09-10 06:02:20
0.00198,0.0892,0.03508,0.00013,0.01151,1.0086,20.0,0.01,0.0166,0.0292,0.3902,0.0,92.96745,0.8851,0.0,1.19791,56.52,0.942,0.3282,0.25901,0.6653,1.59117,-1.02894,0.27764,0.5,0.27509,0.22023,0.50213,0.95662,0.48333,NORMAL,2026-09-10 06:02:20
0.00218,0.1033,0.03566,0.00015,0.01238,0.9664,20.0,0.0065,0.011,0.1173,0.0445,0.0,112.45733,0.8786,0.0,1.3166,174.6,2.91,0.34729,-0.07553,0.4057,1.59366,-0.74582,0.21549,0.33333,0.27914,0.14393,0.64058,0.93059,0.13333,NORMAL,2026-09-10 06:02:20
0.00248,0.1141,0.03814,0.00013,0.01134,1.0038,20.0,0.0083,0.0089,0.0451,0.1416,0.0,130.46202,0.8774,0.0,1.31351,141.12,1.188,0.29732,-0.11728,0.6244,1.77323,0.72598,0.39045,0.08333,0.25392,0.23838,0.37118,0.96716,0.43333,NORMAL,2026-09-10 06:02:20
0.00108,0.1039,0.03642,0.00014,0.01181,0.9618,20.0,0.0083,0.0021,0.0008,0.0011,0.0,149.96167,0.8804,0.0,1.27494,94.32,1.086,0.32426,-0.65055,0.6455,1.50281,0.20813,0.2469,0.45,0.30507,0.10663,0.64647,0.94417,0.46667,NORMAL,2026-09-10 06:02:20
0.00208,0.0999,0.03506,0.00015,0.01244,0.9587,20.0,0.0085,0.0021,0.0159,0.0076,0.0,149.96167,0.8804,0.0,1.27359,94.32,0.792,0.35481,-0.63557,0.7128,1.5201,-0.20184,0.27851,0.46667,0.30339,0.08311,0.63839,0.95894,0.48333,NORMAL,2026-09-10 06:02:30
0.00286,0.1146,0.03716,0.00014,0.01196,1.008,20.0,0.009,0.0089,0.0948,0.1399,0.0,130.46202,0.8729,0.0,1.36525,141.12,1.176,0.32196,-0.07084,0.6267,1.80757,0.37962,0.31772,0.45,0.24117,0.31811,0.36417,0.97052,0.08333,NORMAL,2026-09-10 06:02:30
0.00298,0.0979,0.03602,0.00016,0.01254,0.9572,20.0,0.0068,0.011,0.2606,0.0098,0.0,112.45733,0.8784,0.0,1.3166,96.48,1.434,0.34826,-0.02383,0.5797,1.57712,-0.76746,0.22447,0.5,0.2917,0.10174,0.67379,0.94955,0.45,NORMAL,2026-09-10 06:02:30
0.00226,0.0836,0.03609,0.00015,0.01222,0.9733,20.0,0.0061,0.01,0.0007,0.0536,0.0,129.81157,0.8859,0.0,1.22659,81.0,0.972,0.33857,0.15445,0.6689,1.69148,-0.47239,0.58481,0.15,0.25516,0.12544,0.28975,0.94335,0.16667,NORMAL,2026-09-10 06:02:30
0.00262,0.1099,0.0349,0.00015,0.01216,1.0106,20.0,0.011,0.0118,0.2006,0.068,0.0,92.96745,0.8844,0.0,1.19791,65.16,1.086,0.34832,0.20587,0.6442,1.58994,-0.9871,0.36877,0.05,0.2556,0.27865,0.35259,0.94775,0.5,NORMAL,2026-09-10 06:02:30
0.0049,0.1159,0.03626,0.00017,0.01296,0.9642,20.0,0.0072,0.01,0.0971,0.0131,0.0,99.27344,0.8966,0.0,1.08069,81.0,0.972,0.35749,0.16837,0.6696,1.67399,-0.60524,0.44066,0.15,0.25132,0.26518,0.29416,0.95429,0.1,NORMAL,2026-09-10 06:02:40
0.0055,0.1006,0.03426,0.00016,0.01253,1.0436,20.0,0.0096,0.0118,0.2264,0.1266,0.0,92.96745,0.8742,0.0,1.34325,56.52,0.942,0.36579,0.17994,0.6704,1.60496,-1.0061,0.5942,0.26667,0.23867,0.20839,0.19741,0.95903,0.25,NORMAL,2026-09-10 06:02:40
0.00298,0.1151,0.0351,0.00017,0.01307,0.9511,20.0,0.0072,0.0078,0.0,0.0734,0.0,112.45733,0.8669,0.0,1.46263,123.48,1.434,0.37226,-0.12834,0.5796,1.56621,-0.79082,0.31667,0.5,0.28775,0.07575,0.60758,0.94849,0.45,NORMAL,2026-09-10 06:02:40
0.00113,0.0985,0.03662,0.00013,0.01143,1.0144,20.0,0.0088,0.0089,0.016,0.0001,0.0,130.46202,0.8731,0.0,1.36525,141.12,1.176,0.31197,0.00958,0.6268,1.83901,0.48438,0.27795,0.45,0.25973,0.26305,0.459,0.96628,0.01667,NORMAL,2026-09-10 06:02:40
0.00097,0.1309,0.03618,0.00014,0.01187,0.9693,20.0,0.0072,0.0021,0.0035,0.1602,0.0,149.96167,0.8814,0.0,1.27359,94.32,0.792,0.32811,-0.564,0.7133,1.57182,0.24049,0.43925,0.28333,0.28986,0.05509,0.50565,0.96142,0.46667,NORMAL,2026-09-10 06:02:40
0.00396,0.0918,0.0355,0.00019,0.01381,0.9491,20.0,0.0061,0.003,0.0102,0.009,0.0,99.27344,0.8975,0.0,1.08069,109.08,1.41,0.38893,-0.07678,0.5838,1.57948,-0.6183,0.40105,0.08333,0.24728,0.31285,0.2861,0.94477,0.2,NORMAL,2026-09-10 06:02:50
0.00397,0.1049,0.03363,0.00016,0.0125,1.0165,20.0,0.0095,0.0109,0.014,0.0002,0.0,112.4892,0.8685,0.0,1.41867,98.28,1.638,0.37181,0.15613,0.547,1.63204,-0.93059,0.63539,0.11667,0.21763,0.23699,0.12762,0.93902,0.26667,NORMAL,2026-09-10 06:02:50
0.00438,0.1099,0.03516,0.00019,0.01382,0.9691,20.0,0.0082,0.0078,0.1795,0.0041,0.0,112.45733,0.8662,0.0,1.46263,123.48,1.182,0.3929,-0.05588,0.6258,1.63231,-0.85518,0.3525,0.5,0.27856,0.11417,0.53333,0.94277,0.45,NORMAL,2026-09-10 06:02:50
0.00316,0.12,0.03463,0.00012,0.01116,1.0182,20.0,0.0096,0.0089,0.0004,0.1256,0.0,84.79083,0.8689,0.0,1.41318,141.12,1.176,0.32208,-0.41717,0.6266,1.55396,-0.4053,0.30769,0.01667,0.28107,0.17853,0.51378,0.95311,0.21667,NORMAL,2026-09-10 06:02:50
0.00081,0.0847,0.03677,0.00017,0.01301,0.9561,20.0,0.0083,0.0021,0.0,0.1647,0.0,190.11981,0.8552,0.0,1.6108,48.24,0.792,0.35384,-0.37637,0.7133,1.70133,-0.02521,0.47457,0.28333,0.27107,0.07623,0.4492,0.95638,0.41667,NORMAL,2026-09-10 06:02:50
0.00056,0.1239,0.03649,0.00017,0.01293,0.9713,20.0,0.007,0.009,0.0486,0.3243,0.0,190.11981,0.8561,0.0,1.6108,63.72,1.062,0.35428,-0.11555,0.6437,1.71415,-0.50445,0.37333,0.33333,0.27546,0.10877,0.5179,0.95738,0.43333,NORMAL,2026-09-10 06:03:00
0.002,0.0984,0.03585,0.00019,0.01387,0.969,20.0,0.0079,0.0078,0.0758,0.0053,0.0,87.75772,0.8664,0.0,1.46263,123.48,1.182,0.38672,-0.03126,0.6262,1.7266,-0.67476,0.39599,0.5,0.26392,0.17113,0.43288,0.95191,0.21667,NORMAL,2026-09-10 06:03:00
0.00185,0.1081,0.03347,0.00012,0.01093,0.9983,20.0,0.0089,0.0103,0.0236,0.0407,0.0,81.91472,0.8731,0.0,1.36525,113.76,0.954,0.32644,-0.37856,0.6733,1.43846,-0.65195,0.46231,0.2,0.26609,0.08916,0.44853,0.95469,0.5,NORMAL,2026-09-10 06:03:00
0.00399,0.0684,0.0342,0.0002,0.01426,0.9488,20.0,0.008,0.003,0.1706,0.0002,0.0,99.27344,0.8768,0.0,1.32487,109.08,1.41,0.41698,-0.12194,0.5839,1.62403,-0.55754,0.50575,0.2,0.24922,0.18791,0.30635,0.9217,0.46667,NORMAL,2026-09-10 06:03:00
0.00335,0.1001,0.03505,0.00015,0.01235,1.0267,20.0,0.0085,0.0109,0.0997,0.0792,0.0,112.4892,0.8693,0.0,1.41867,51.12,0.852,0.35243,-0.05378,0.6968,1.5756,-0.91722,0.43877,0.1,0.21211,0.39631,0.16491,0.96552,0.08333,NORMAL,2026-09-10 06:03:00
0.00298,0.0813,0.03401,0.00021,0.01452,0.9746,20.0,0.0078,0.003,0.011,0.0454,0.0,112.60644,0.8961,0.0,1.08069,109.08,1.41,0.42696,-0.06061,0.584,1.62737,-0.65229,0.63452,0.2,0.26544,0.06513,0.30035,0.93212,0.18333,NORMAL,2026-09-10 06:03:10
0.00425,0.1153,0.03636,0.00015,0.01235,1.0182,20.0,0.0089,0.0109,0.2109,0.0368,0.0,112.4892,0.8689,0.0,1.41867,55.08,0.918,0.33983,-0.02027,0.6821,1.74905,-0.47466,0.30994,0.05,0.24182,0.37867,0.31139,0.97659,0.06667,NORMAL,2026-09-10 06:03:10
0.00388,0.1134,0.03512,0.00017,0.0132,0.9554,20.0,0.0085,0.0078,0.2234,0.1397,0.0,87.75772,0.866,0.0,1.46263,123.48,1.182,0.37579,0.00465,0.6256,1.76906,-0.4252,0.46817,0.21667,0.25479,0.18232,0.34951,0.95085,0.5,NORMAL,2026-09-10 06:03:10
0.00275,0.1117,0.03267,0.00012,0.01105,1.011,20.0,0.0085,0.0103,0.0021,0.0036,0.0,81.91472,0.8733,0.0,1.36525,105.84,0.906,0.33806,-0.2241,0.6847,1.5147,-0.76299,0.53678,0.2,0.24444,0.15314,0.31009,0.95409,0.11667,NORMAL,2026-09-10 06:03:10
0.00154,0.1244,0.0367,0.00016,0.0127,0.9501,20.0,0.0082,0.009,0.0093,0.0137,0.0,190.11981,0.8552,0.0,1.6108,63.72,1.062,0.34601,-0.09865,0.6506,1.70876,-0.23527,0.33556,0.35,0.25759,0.23268,0.43176,0.9602,0.41667,NORMAL,2026-09-10 06:03:10
0.00453,0.0977,0.03388,0.00018,0.01344,0.9428,20.0,0.0088,0.003,0.0063,0.135,0.0,112.60644,0.8936,0.0,1.10325,177.12,1.476,0.39685,-0.07544,0.5733,1.65085,-0.31113,0.60936,0.2,0.26751,0.06984,0.3208,0.95906,0.18333,NORMAL,2026-09-10 06:03:20
0.00397,0.1005,0.03407,0.00015,0.01232,1.0284,20.0,0.0091,0.0109,0.1882,0.1156,0.0,112.4892,0.8688,0.0,1.41867,51.12,0.852,0.3616,0.29293,0.698,1.85416,-0.31911,0.26298,0.05,0.23017,0.43202,0.305,0.9715,0.0,NORMAL,2026-09-10 06:03:20
0.00248,0.0862,0.03539,0.00016,0.01266,0.9571,20.0,0.0096,0.0078,0.0829,0.1189,0.0,87.75772,0.8652,0.0,1.46263,123.48,1.182,0.35767,0.02013,0.626,1.76581,-0.12809,0.4663,0.21667,0.25921,0.18985,0.34385,0.95153,0.23333,NORMAL,2026-09-10 06:03:20
0.00227,0.0968,0.0325,0.00013,0.01157,1.004,20.0,0.0088,0.0103,0.0045,0.0053,0.0,81.91472,0.8731,0.0,1.36525,105.84,0.906,0.35615,0.04648,0.6843,1.70904,-0.6192,0.45433,0.1,0.23625,0.27697,0.2687,0.95988,0.11667,NORMAL,2026-09-10 06:03:20
0.00044,0.0992,0.03579,0.00016,0.01278,0.9538,20.0,0.0063,0.009,0.0019,0.0014,0.0,190.11981,0.8566,0.0,1.6108,69.84,1.164,0.3572,0.06058,0.6295,1.74633,-0.35978,0.42299,0.06667,0.23685,0.25919,0.31782,0.96102,0.41667,NORMAL,2026-09-10 06:03:20
0.00442,0.0898,0.03622,0.00019,0.01373,0.9339,20.0,0.0086,0.0056,0.0344,0.0166,0.0,87.75772,0.8659,0.0,1.46263,123.48,1.182,0.3792,-0.15077,0.6256,1.71343,-0.1947,0.42706,0.21667,0.24475,0.24269,0.33025,0.96753,0.2,NORMAL,2026-09-10 06:03:30
0.0021,0.1106,0.03599,0.00014,0.01173,0.9439,20.0,0.0054,0.0131,0.0206,0.1038,0.0,190.11981,0.8573,0.0,1.6108,69.84,1.164,0.32581,0.29172,0.6293,1.75271,-0.17715,0.45831,0.2,0.23967,0.2047,0.33699,0.96047,0.23333,NORMAL,2026-09-10 06:03:30
0.00188,0.0741,0.03375,0.00014,0.01182,0.9946,20.0,0.0086,0.0103,0.0029,0.0647,0.0,57.15853,0.9144,0.0,0.85057,66.96,1.116,0.35015,0.00923,0.6387,1.64879,-0.73818,0.38037,0.08333,0.23831,0.29859,0.32104,0.97539,0.13333,NORMAL,2026-09-10 06:03:30
0.00554,0.1212,0.03549,0.00015,0.01208,1.012,20.0,0.0063,0.0109,0.0202,0.0085,0.0,112.4892,0.871,0.0,1.41867,51.12,0.852,0.34034,0.05687,0.6975,1.79157,-0.31059,0.32769,0.03333,0.21393,0.4574,0.21491,0.96354,0.05,NORMAL,2026-09-10 06:03:30
0.00394,0.1157,0.03485,0.00018,0.01344,0.9568,20.0,0.0089,0.003,0.0304,0.0188,0.0,115.4449,0.8916,0.0,1.12609,177.12,1.476,0.38563,-0.1728,0.5729,1.61086,-0.33878,0.498,0.26667,0.25568,0.12963,0.37237,0.97328,0.43333,NORMAL,2026-09-10 06:03:30
0.00562,0.0976,0.03487,0.00016,0.01267,0.9169,20.0,0.0093,0.003,0.149,0.0058,0.0,115.4449,0.8913,0.0,1.12609,177.12,1.476,0.36338,-0.3008,0.5731,1.61902,-0.08442,0.35759,0.31667,0.27637,0.12111,0.5213,0.97477,0.43333,NORMAL,2026-09-10 06:03:40
0.00479,0.1307,0.03512,0.00013,0.01139,1.0215,20.0,0.0079,0.0109,0.0865,0.008,0.0,148.55778,0.8697,0.0,1.41867,57.6,0.852,0.32434,0.04421,0.6976,1.81884,-0.07934,0.32314,0.03333,0.22174,0.45281,0.22405,0.94647,0.05,NORMAL,2026-09-10 06:03:40
0.00338,0.1,0.03588,0.00019,0.01391,0.9543,20.0,0.0083,0.0003,0.0004,0.0001,0.0,64.86609,0.9071,0.0,0.94079,68.04,0.858,0.38775,-0.25177,0.6961,1.72464,0.05257,0.51492,0.2,0.23503,0.21497,0.27011,0.95919,0.18333,NORMAL,2026-09-10 06:03:40
0.00149,0.1073,0.03478,0.00014,0.01202,1.0011,20.0,0.0086,0.0103,0.0157,0.001,0.0,122.86431,0.8589,0.0,1.55664,55.8,0.93,0.3456,0.03053,0.6789,1.60211,-0.70936,0.40819,0.43333,0.24831,0.21706,0.37476,0.96896,0.35,NORMAL,2026-09-10 06:03:40
0.00179,0.1159,0.03606,0.00014,0.01201,0.9576,20.0,0.0065,0.0131,0.0001,0.2222,0.0,190.11981,0.8565,0.0,1.6108,69.84,1.164,0.33299,0.19564,0.6242,1.74604,-0.49481,0.40177,0.2,0.21793,0.30037,0.29786,0.94599,0.18333,NORMAL,2026-09-10 06:03:40
0.00487,0.077,0.03496,0.00012,0.01084,0.9377,20.0,0.0108,0.0037,0.1154,0.0341,0.0,115.4449,0.877,0.0,1.29474,177.12,1.476,0.31007,-0.26817,0.5728,1.5203,0.14195,0.23953,0.5,0.29919,0.09255,0.66792,0.95799,0.33333,NORMAL,2026-09-10 06:03:50
0.00477,0.1196,0.03456,0.00012,0.01114,1.0244,20.0,0.0068,0.0123,0.118,0.0083,0.0,148.55778,0.8845,0.0,1.23798,60.48,1.29,0.32244,0.12587,0.605,1.84923,-0.03746,0.37505,0.05,0.22808,0.37103,0.25392,0.95603,0.03333,NORMAL,2026-09-10 06:03:50
0.00403,0.1069,0.03652,0.00016,0.01279,0.9588,20.0,0.0075,0.0003,0.0366,0.0541,0.0,64.86609,0.9145,0.0,0.85995,68.04,0.78,0.35019,-0.41739,0.7158,1.71514,0.64263,0.51462,0.25,0.26509,0.11954,0.36584,0.97535,0.46667,NORMAL,2026-09-10 06:03:50
0.001,0.0931,0.0349,0.00015,0.01223,1.0161,20.0,0.0097,0.012,0.0019,0.0193,0.0,135.68874,0.8581,0.0,1.55664,139.68,1.314,0.35035,0.16595,0.6006,1.59421,-0.90548,0.3578,0.43333,0.2669,0.16948,0.47272,0.96862,0.35,NORMAL,2026-09-10 06:03:50
0.00176,0.0915,0.03596,0.00014,0.01164,0.9755,20.0,0.0051,0.0131,0.0053,0.1289,0.0,80.26692,0.8996,0.0,1.06572,96.84,1.614,0.32365,0.11284,0.5476,1.60452,-0.83595,0.46571,0.03333,0.22448,0.29828,0.236,0.96402,0.18333,NORMAL,2026-09-10 06:03:50
0.00137,0.117,0.0351,0.00011,0.01069,0.9445,20.0,0.0044,0.0151,0.0002,0.018,0.0,80.26692,0.9291,0.0,0.7194,100.44,1.164,0.3045,0.27535,0.6286,1.65263,-0.61355,0.53519,0.3,0.25827,0.14697,0.31784,0.95884,0.28333,NORMAL,2026-09-10 06:04:00
0.00335,0.1012,0.0359,0.00015,0.01217,0.979,20.0,0.0069,0.0003,0.0403,0.007,0.0,64.86609,0.915,0.0,0.85995,68.04,1.164,0.33888,-0.57291,0.6286,1.70043,0.63077,0.44658,0.25,0.27428,0.13682,0.4166,0.97226,0.5,NORMAL,2026-09-10 06:04:00
0.00297,0.1109,0.03483,0.00014,0.01199,0.9989,20.0,0.0088,0.0155,0.0341,0.1262,0.0,135.68874,0.8588,0.0,1.55664,139.68,1.314,0.34435,0.38755,0.5949,1.60034,-1.01059,0.37171,0.5,0.2709,0.16991,0.45837,0.97729,0.43333,NORMAL,2026-09-10 06:04:00
0.00353,0.0754,0.0357,9e-05,0.00969,0.9402,20.0,0.0109,0.0154,0.0024,0.2424,0.0,115.4449,0.8841,0.0,1.20293,177.12,1.476,0.2714,0.2535,0.5686,1.53374,-0.47641,0.21245,0.48333,0.29945,0.09061,0.69694,0.95845,0.5,NORMAL,2026-09-10 06:04:00
0.00375,0.0948,0.03336,0.00013,0.01124,1.0121,20.0,0.0077,0.0123,0.003,0.0009,0.0,148.55778,0.8838,0.0,1.23798,60.48,0.96,0.33703,0.29008,0.6727,1.90767,0.00845,0.53479,0.26667,0.25247,0.21151,0.2537,0.95946,0.25,NORMAL,2026-09-10 06:04:00
0.00534,0.1065,0.03688,0.0001,0.00985,0.9472,20.0,0.0107,0.0154,0.0001,0.0121,0.0,115.4449,0.8902,0.0,1.12609,316.8,2.64,0.26712,0.26498,0.4295,1.48892,-0.75677,0.23469,0.48333,0.29352,0.14682,0.61849,0.96255,0.45,NORMAL,2026-09-10 06:04:10
0.00563,0.1508,0.03168,0.0001,0.0102,1.0292,20.0,0.0079,0.0123,0.0264,0.0018,0.0,148.55778,0.8649,0.0,1.48303,97.92,2.136,0.32206,0.03047,0.4814,1.58182,-0.83622,0.57229,0.26667,0.24633,0.21293,0.21478,0.94855,0.25,NORMAL,2026-09-10 06:04:10
0.00363,0.0997,0.03681,0.00015,0.01204,0.9409,20.0,0.0068,0.0003,0.0127,0.08,0.0,64.86609,0.9151,0.0,0.85995,69.12,0.78,0.32716,-0.74379,0.7152,1.66414,0.9822,0.45293,0.25,0.26389,0.15446,0.3926,0.97208,0.5,NORMAL,2026-09-10 06:04:10
0.00158,0.0976,0.03452,0.00015,0.01225,1.0034,20.0,0.0107,0.0155,0.1441,0.0363,0.0,135.68874,0.8573,0.0,1.55664,139.68,1.326,0.35488,0.46252,0.5978,1.60943,-1.06664,0.47701,0.28333,0.26819,0.15848,0.36451,0.95572,0.26667,NORMAL,2026-09-10 06:04:10
0.00244,0.1013,0.03457,0.00012,0.01114,0.9617,20.0,0.0062,0.0091,0.108,0.0099,0.0,80.26692,0.9123,0.0,0.89928,100.44,1.374,0.32209,0.06308,0.5902,1.58972,-0.65785,0.51106,0.3,0.26078,0.15693,0.33201,0.96418,0.28333,NORMAL,2026-09-10 06:04:10
0.00473,0.0984,0.03611,0.0001,0.01004,0.94,20.0,0.0084,0.0154,0.3238,0.0227,0.0,115.4449,0.8921,0.0,1.12609,316.8,2.64,0.27818,0.27997,0.4294,1.51655,-0.76713,0.38332,0.1,0.24882,0.27542,0.34126,0.96517,0.08333,NORMAL,2026-09-10 06:04:20
0.00535,0.1387,0.03396,0.00013,0.0113,1.0341,20.0,0.0081,0.0123,0.3531,0.0008,0.0,148.55778,0.8769,0.0,1.32284,60.48,0.96,0.33265,0.01228,0.6719,1.60802,-0.76216,0.41711,0.26667,0.21404,0.38352,0.19937,0.95212,0.1,NORMAL,2026-09-10 06:04:20
0.00428,0.1035,0.03496,0.00017,0.01293,0.9541,20.0,0.0068,0.0003,0.0002,0.0375,0.0,64.86609,0.9151,0.0,0.85995,69.12,0.78,0.36977,-0.56404,0.715,1.72967,0.27417,0.5507,0.25,0.25695,0.11565,0.33365,0.95973,0.16667,NORMAL,2026-09-10 06:04:20
0.00229,0.1203,0.0342,0.00016,0.01282,1.0223,20.0,0.0102,0.0081,0.1156,0.0219,0.0,135.68874,0.8578,0.0,1.55664,139.68,1.326,0.37494,0.27362,0.598,1.6087,-1.04848,0.49314,0.26667,0.25689,0.16691,0.33995,0.96187,0.45,NORMAL,2026-09-10 06:04:20
0.00164,0.1222,0.03524,0.00013,0.01124,0.9437,20.0,0.0061,0.0091,0.1095,0.075,0.0,80.26692,0.9276,0.0,0.7194,100.44,1.188,0.31905,-0.24213,0.6241,1.56115,-0.25971,0.59179,0.3,0.25532,0.16324,0.24497,0.96285,0.28333,NORMAL,2026-09-10 06:04:20
0.00152,0.1086,0.03377,0.00017,0.01296,1.0044,20.0,0.0106,0.0081,0.0033,0.038,0.0,135.68874,0.8575,0.0,1.55664,139.68,1.326,0.38377,0.31768,0.5977,1.62448,-1.0515,0.53546,0.26667,0.24684,0.14935,0.31519,0.96116,0.25,NORMAL,2026-09-10 06:04:30
0.00204,0.1005,0.03576,0.00014,0.01176,0.968,20.0,0.0062,0.0091,0.02,0.0912,0.0,105.48177,0.897,0.0,1.08722,100.44,1.188,0.32889,-0.32619,0.6244,1.5338,-0.45292,0.65337,0.21667,0.23702,0.17307,0.17356,0.94053,0.28333,NORMAL,2026-09-10 06:04:30
0.00426,0.0997,0.03229,0.00012,0.0109,1.0195,20.0,0.0074,0.0139,0.0015,0.0015,0.0,75.62357,0.884,0.0,1.23798,61.92,1.032,0.33761,0.32483,0.6564,1.68853,-0.6932,0.27069,0.05,0.23939,0.32068,0.40863,0.95672,0.03333,NORMAL,2026-09-10 06:04:30
0.00515,0.1058,0.03564,0.0001,0.00986,0.9246,20.0,0.0079,0.0107,0.3286,0.0015,0.0,89.9122,0.8689,0.0,1.4301,316.8,2.64,0.27675,0.15281,0.4295,1.53682,-0.28102,0.48108,0.25,0.23108,0.28844,0.23048,0.96607,0.23333,NORMAL,2026-09-10 06:04:30
0.00354,0.0731,0.03411,0.00014,0.01186,0.9547,20.0,0.0098,0.0003,0.2065,0.0008,0.0,62.31518,0.898,0.0,1.03859,83.52,1.392,0.34761,-0.73349,0.587,1.67685,0.49914,0.53665,0.15,0.26037,0.08865,0.3747,0.9563,0.16667,NORMAL,2026-09-10 06:04:30
0.00488,0.1129,0.03693,0.00015,0.01206,0.9467,20.0,0.0085,0.0091,0.1168,0.1455,0.0,86.55047,0.8646,0.0,1.48121,316.8,2.64,0.32661,0.36434,0.4272,1.8601,0.56561,0.41621,0.33333,0.23133,0.26909,0.3147,0.9583,0.03333,NORMAL,2026-09-10 06:04:40
0.0048,0.1024,0.03355,0.00012,0.01079,1.0372,20.0,0.0065,0.0155,0.0536,0.0137,0.0,75.62357,0.9072,0.0,0.9574,61.92,1.032,0.32175,0.22996,0.6567,1.63293,-0.78877,0.22661,0.03333,0.27388,0.2415,0.53189,0.94195,0.41667,NORMAL,2026-09-10 06:04:40
0.00353,0.0942,0.03433,0.00012,0.01099,0.9691,20.0,0.0089,0.0076,0.179,0.0043,0.0,84.66722,0.8987,0.0,1.03859,91.44,1.524,0.32029,-0.52584,0.565,1.67971,0.28285,0.45837,0.15,0.25051,0.13678,0.40485,0.95017,0.41667,NORMAL,2026-09-10 06:04:40
0.00281,0.1085,0.03222,0.00015,0.0124,1.0225,20.0,0.0103,0.0081,0.1452,0.3923,0.0,82.34809,0.8856,0.0,1.18845,139.68,1.326,0.38466,0.44887,0.5895,1.70196,-0.84644,0.57404,0.25,0.25474,0.08854,0.33742,0.94909,0.38333,NORMAL,2026-09-10 06:04:40
0.0014,0.086,0.03473,0.00012,0.01108,0.9508,20.0,0.0067,0.0091,0.0269,0.0128,0.0,105.48177,0.8965,0.0,1.08722,100.44,1.188,0.31896,-0.25625,0.6243,1.58419,-0.16928,0.62839,0.23333,0.26548,0.10131,0.2703,0.95487,0.21667,NORMAL,2026-09-10 06:04:40
0.00063,0.1092,0.03478,0.00012,0.0108,0.9773,20.0,0.0071,0.0091,0.0212,0.0296,0.0,105.48177,0.8798,0.0,1.29493,149.76,1.248,0.31038,-0.29943,0.6124,1.56071,-0.07798,0.6026,0.21667,0.26184,0.09184,0.30556,0.95811,0.23333,NORMAL,2026-09-10 06:04:50
0.00512,0.1144,0.03633,0.00016,0.01274,0.9488,20.0,0.0046,0.0091,0.0135,0.2405,0.0,86.55047,0.9258,0.0,0.75475,316.8,2.64,0.35058,0.38113,0.427,1.87688,0.10647,0.43994,0.33333,0.24101,0.18639,0.37367,0.96176,0.03333,NORMAL,2026-09-10 06:04:50
0.00425,0.0977,0.03412,0.00013,0.01136,1.034,20.0,0.0078,0.0155,0.0213,0.328,0.0,154.28445,0.8592,0.0,1.56114,61.92,1.032,0.33291,0.39394,0.649,1.68083,-0.76702,0.2635,0.05,0.27409,0.21384,0.52266,0.94008,0.5,NORMAL,2026-09-10 06:04:50
0.00289,0.0735,0.0346,0.00014,0.01182,0.9618,20.0,0.0091,0.0076,0.0362,0.0487,0.0,107.63376,0.8414,0.0,1.7939,94.68,0.93,0.34166,-0.21614,0.679,1.74651,0.27222,0.38177,0.41667,0.25206,0.2054,0.41283,0.97691,0.4,NORMAL,2026-09-10 06:04:50
0.00186,0.0971,0.03164,0.00015,0.01235,1.0138,20.0,0.0094,0.0081,0.001,0.0569,0.0,82.34809,0.8957,0.0,1.07089,111.96,1.326,0.3905,0.38507,0.5983,1.73034,-0.82005,0.46502,0.38333,0.26405,0.08586,0.44912,0.93313,0.4,NORMAL,2026-09-10 06:04:50
0.00253,0.0887,0.03531,0.00014,0.01165,0.969,20.0,0.0093,0.0076,0.0073,0.0579,0.0,106.21335,0.8984,0.0,1.03859,86.4,1.26,0.32989,-0.20529,0.6105,1.71754,0.35197,0.32303,0.43333,0.28198,0.18575,0.49123,0.95493,0.23333,NORMAL,2026-09-10 06:05:00
0.00215,0.1006,0.03324,0.00018,0.01346,0.9928,20.0,0.0093,0.0081,0.0884,0.0054,0.0,94.42921,0.8572,0.0,1.57382,79.92,1.326,0.40502,0.30162,0.5981,1.70013,-0.89256,0.38856,0.4,0.26095,0.12453,0.48691,0.95057,0.38333,NORMAL,2026-09-10 06:05:00
0.00388,0.0549,0.0358,0.00017,0.01307,0.9707,20.0,0.0076,0.0091,0.0245,0.0149,0.0,71.2245,0.868,0.0,1.44496,316.8,2.64,0.365,0.33323,0.4296,1.8961,-0.00654,0.61067,0.23333,0.25255,0.10285,0.28648,0.95583,0.25,NORMAL,2026-09-10 06:05:00
0.00454,0.1311,0.03416,0.00013,0.01154,1.0252,20.0,0.0074,0.0155,0.0428,0.3016,0.0,154.28445,0.8595,0.0,1.56114,61.92,1.032,0.33801,0.44029,0.6474,1.67673,-0.87248,0.32638,0.5,0.26377,0.19759,0.47603,0.96061,0.13333,NORMAL,2026-09-10 06:05:00
0.00072,0.1302,0.0368,0.00013,0.01146,0.9536,20.0,0.0082,0.0091,0.0306,0.0017,0.0,149.63587,0.8666,0.0,1.45744,149.76,1.308,0.31146,-0.37572,0.6014,1.59663,-0.01972,0.51893,0.23333,0.22899,0.17845,0.30262,0.96697,0.31667,NORMAL,2026-09-10 06:05:00
0.00162,0.0959,0.03667,0.00012,0.01116,0.9585,20.0,0.0077,0.0091,0.1159,0.0304,0.0,149.63587,0.8669,0.0,1.45744,174.24,1.68,0.3044,-0.24111,0.5407,1.60549,-0.25762,0.52714,0.11667,0.22829,0.20916,0.2637,0.95639,0.31667,NORMAL,2026-09-10 06:05:10
0.00257,0.1008,0.0346,0.00018,0.01335,1.009,20.0,0.0089,0.0081,0.0072,0.0001,0.0,70.06378,0.896,0.0,1.07089,79.92,0.9,0.38585,0.24538,0.6859,1.72234,-0.61876,0.40943,0.26667,0.22627,0.282,0.30857,0.96434,0.36667,NORMAL,2026-09-10 06:05:10
0.00507,0.1169,0.03488,0.00018,0.01345,0.9542,20.0,0.0096,0.0091,0.1537,0.1506,0.0,71.2245,0.8377,0.0,1.84161,89.64,0.834,0.38567,0.38572,0.7026,1.93338,-0.03592,0.60093,0.21667,0.25657,0.11017,0.28889,0.969,0.25,NORMAL,2026-09-10 06:05:10
0.00535,0.1151,0.03589,0.00015,0.01212,1.0231,20.0,0.0087,0.0155,0.1488,0.1331,0.0,154.28445,0.8585,0.0,1.56114,61.92,1.032,0.33774,0.23317,0.6517,1.5958,-1.10587,0.31978,0.45,0.26639,0.16808,0.51214,0.97667,0.13333,NORMAL,2026-09-10 06:05:10
0.00399,0.0692,0.03407,0.00013,0.01144,0.9501,20.0,0.0094,0.0076,0.0026,0.0516,0.0,106.21335,0.8982,0.0,1.03859,86.4,1.044,0.33585,0.0417,0.6539,1.77659,0.40509,0.27576,0.43333,0.26363,0.24507,0.47917,0.95352,0.45,NORMAL,2026-09-10 06:05:10
0.00501,0.1134,0.03594,0.00019,0.01394,0.9472,20.0,0.0076,0.0091,0.1409,0.013,0.0,71.2245,0.8878,0.0,1.18708,105.12,0.876,0.38778,0.26885,0.6925,1.87505,-0.3114,0.51833,0.36667,0.25125,0.1465,0.33517,0.97378,0.3,NORMAL,2026-09-10 06:05:20
0.00471,0.0693,0.03445,0.00014,0.01198,1.0384,20.0,0.0104,0.015,0.0632,0.0003,0.0,154.28445,0.845,0.0,1.72951,51.48,0.672,0.3478,0.38323,0.7441,1.65746,-0.89202,0.35243,0.45,0.27858,0.12777,0.5198,0.95902,0.11667,NORMAL,2026-09-10 06:05:20
0.00249,0.1,0.03486,0.00013,0.01132,0.9623,20.0,0.0081,0.0088,0.2311,0.0438,0.0,106.21335,0.91,0.0,0.9086,136.8,2.604,0.32482,0.05098,0.4326,1.74221,0.08273,0.28276,0.03333,0.25579,0.31789,0.39935,0.95021,0.43333,NORMAL,2026-09-10 06:05:20
0.00116,0.1057,0.03563,0.00019,0.01387,1.0065,20.0,0.0084,0.004,0.0003,0.013,0.0,136.35885,0.8913,0.0,1.13632,79.92,1.026,0.38933,0.04462,0.6571,1.67562,-0.58377,0.43183,0.01667,0.22578,0.26018,0.30799,0.97629,0.36667,NORMAL,2026-09-10 06:05:20
0.00064,0.1557,0.03828,0.00011,0.01051,0.9684,20.0,0.0077,0.0164,0.026,0.015,0.0,149.63587,0.867,0.0,1.45744,174.24,1.5,0.27453,-0.04412,0.5688,1.54996,-0.68275,0.57254,0.11667,0.25732,0.11538,0.31208,0.95785,0.13333,NORMAL,2026-09-10 06:05:20
0.00358,0.1002,0.03714,0.0002,0.01403,0.9547,20.0,0.0096,0.0091,0.0369,0.0013,0.0,72.0712,0.8462,0.0,1.72158,89.64,0.876,0.37773,0.31058,0.692,1.82048,-0.35497,0.48494,0.3,0.25053,0.17111,0.34395,0.97555,0.28333,NORMAL,2026-09-10 06:05:30
0.00346,0.103,0.03561,0.00015,0.01221,1.0117,20.0,0.0073,0.015,0.0004,0.011,0.0,154.28445,0.8595,0.0,1.56114,145.8,1.512,0.34305,0.28564,0.5665,1.60601,-0.9266,0.46635,0.2,0.26265,0.16025,0.37341,0.96185,0.43333,NORMAL,2026-09-10 06:05:30
0.00198,0.1198,0.0354,0.00012,0.01084,0.9699,20.0,0.0064,0.0121,0.0828,0.1544,0.0,106.21335,0.9113,0.0,0.9086,86.4,1.176,0.30618,0.05601,0.6272,1.72461,-0.15071,0.35874,0.03333,0.23301,0.36813,0.27313,0.95915,0.01667,NORMAL,2026-09-10 06:05:30
0.00147,0.0935,0.03463,0.0002,0.01404,0.9906,20.0,0.0087,0.003,0.002,0.0206,0.0,136.35885,0.891,0.0,1.13632,59.76,0.996,0.40533,0.01479,0.6635,1.71461,-0.33155,0.38265,0.01667,0.2268,0.32139,0.29597,0.9672,0.18333,NORMAL,2026-09-10 06:05:30
0.00085,0.1087,0.03764,0.00012,0.01076,0.9605,20.0,0.0073,0.0064,0.0589,0.0855,0.0,149.63587,0.8673,0.0,1.45744,174.24,1.962,0.28595,-0.27294,0.5026,1.57193,0.04652,0.40685,0.46667,0.27016,0.12027,0.47288,0.95845,0.13333,NORMAL,2026-09-10 06:05:30
0.00059,0.1256,0.03768,0.00015,0.01237,0.949,20.0,0.0076,0.0064,0.0269,0.0,0.0,149.63587,0.8671,0.0,1.45744,189.0,3.15,0.32821,-0.36211,0.3869,1.59753,-0.17094,0.30402,0.46667,0.2751,0.15714,0.53885,0.96007,0.48333,NORMAL,2026-09-10 06:05:40
0.00268,0.1255,0.03577,0.0002,0.01431,1.0111,20.0,0.0097,0.003,0.0071,0.0413,0.0,136.35885,0.8902,0.0,1.13632,83.88,0.996,0.39999,-0.16013,0.6636,1.66331,-0.39394,0.33038,0.18333,0.24122,0.321,0.34862,0.96253,0.01667,NORMAL,2026-09-10 06:05:40
0.00399,0.073,0.03496,0.00011,0.01062,0.9512,20.0,0.0083,0.0121,0.003,0.2194,0.0,106.21335,0.8859,0.0,1.20462,86.4,0.96,0.30377,0.09223,0.6679,1.7473,-0.08237,0.50889,0.21667,0.23128,0.2364,0.25471,0.9598,0.13333,NORMAL,2026-09-10 06:05:40
0.00466,0.1434,0.03529,0.00015,0.01243,1.0155,20.0,0.0067,0.015,0.0001,0.1957,0.0,154.28445,0.86,0.0,1.56114,145.8,1.512,0.35212,0.34541,0.5621,1.61586,-0.93805,0.58625,0.15,0.24559,0.14914,0.2646,0.97165,0.2,NORMAL,2026-09-10 06:05:40
0.00392,0.0655,0.0345,0.00017,0.01312,0.9578,20.0,0.0074,0.0125,0.0,0.0005,0.0,71.2245,0.888,0.0,1.18708,115.2,2.13,0.3802,0.2808,0.4822,1.78462,-0.66084,0.44482,0.28333,0.23878,0.24375,0.31143,0.95552,0.3,NORMAL,2026-09-10 06:05:40
0.00428,0.0958,0.03519,0.00017,0.01312,0.9393,20.0,0.0073,0.0125,0.059,0.0015,0.0,71.2245,0.8881,0.0,1.18708,125.64,2.094,0.37289,0.23992,0.4863,1.75388,-0.60327,0.40951,0.06667,0.23307,0.30201,0.28848,0.94724,0.35,NORMAL,2026-09-10 06:05:50
0.00222,0.1336,0.03621,0.00014,0.01196,1.0141,20.0,0.0072,0.015,0.0756,0.0766,0.0,86.82529,0.9099,0.0,0.91869,145.8,1.512,0.33019,0.14766,0.5665,1.57999,-0.91771,0.57913,0.13333,0.24114,0.13634,0.28452,0.95563,0.15,NORMAL,2026-09-10 06:05:50
0.00308,0.1064,0.03409,9e-05,0.00961,0.9747,20.0,0.0065,0.0121,0.03,0.0012,0.0,96.35811,0.9201,0.0,0.80298,266.04,2.304,0.28186,-0.10484,0.4629,1.5623,-0.41198,0.49837,0.21667,0.25225,0.17161,0.33001,0.95837,0.46667,NORMAL,2026-09-10 06:05:50
0.0026,0.1107,0.03843,0.00019,0.01367,1.0041,20.0,0.0106,0.003,0.1252,0.0026,0.0,136.35885,0.8641,0.0,1.46732,83.88,0.996,0.35561,-0.36818,0.6641,1.57064,0.04683,0.34933,0.2,0.25248,0.28902,0.36165,0.95805,0.03333,NORMAL,2026-09-10 06:05:50
0.00101,0.1186,0.03651,0.00015,0.01216,0.9819,20.0,0.0073,0.0064,0.0019,0.1791,0.0,149.63587,0.8673,0.0,1.45744,174.24,1.956,0.33294,-0.23338,0.4997,1.64621,-0.16081,0.43482,0.36667,0.24481,0.19967,0.3655,0.95823,0.26667,NORMAL,2026-09-10 06:05:50
0.00317,0.091,0.03698,0.00017,0.01294,0.9906,20.0,0.0075,0.013,0.1391,0.0141,0.0,67.76196,0.9135,0.0,0.87159,72.72,0.906,0.3498,0.08618,0.6844,1.68085,-0.66957,0.34359,0.06667,0.23182,0.34894,0.30747,0.97143,0.3,NORMAL,2026-09-10 06:06:00
0.00422,0.1134,0.03656,0.00014,0.01202,1.0271,20.0,0.0086,0.015,0.2244,0.0046,0.0,110.07319,0.836,0.0,1.87615,145.8,2.364,0.32868,0.15044,0.4562,1.56534,-0.86026,0.42472,0.13333,0.24138,0.2351,0.34018,0.95144,0.46667,NORMAL,2026-09-10 06:06:00
0.00334,0.0897,0.03411,0.0001,0.01019,0.9687,20.0,0.0072,0.0121,0.0057,0.074,0.0,96.35811,0.8946,0.0,1.10624,266.04,2.304,0.29863,0.01198,0.4626,1.58519,-0.42899,0.37871,0.46667,0.26692,0.2016,0.41969,0.95603,0.21667,NORMAL,2026-09-10 06:06:00
0.00264,0.1049,0.03803,0.00017,0.01317,1.004,20.0,0.0103,0.003,0.064,0.0196,0.0,136.35885,0.8643,0.0,1.46732,83.88,1.002,0.34635,-0.43223,0.6623,1.59142,0.25182,0.42195,0.03333,0.24259,0.24569,0.33236,0.97183,0.01667,NORMAL,2026-09-10 06:06:00
0.00041,0.0927,0.03496,0.00013,0.01125,0.9665,20.0,0.0071,0.0064,0.0767,0.0354,0.0,110.59851,0.8978,0.0,1.06766,172.08,1.644,0.32167,-0.13995,0.5461,1.72501,0.10993,0.47447,0.16667,0.26119,0.16666,0.35886,0.95853,0.15,NORMAL,2026-09-10 06:06:00
0.00049,0.1376,0.03641,0.00013,0.01148,0.9723,20.0,0.0071,0.0064,0.1018,0.0187,0.0,110.59851,0.8978,0.0,1.06766,165.24,1.566,0.31531,-0.22776,0.558,1.65924,0.08107,0.32325,0.08333,0.25415,0.27106,0.40569,0.97361,0.48333,NORMAL,2026-09-10 06:06:10
0.00207,0.1211,0.0372,0.00017,0.01308,1.0001,20.0,0.0103,0.003,0.0163,0.0129,0.0,135.68088,0.8536,0.0,1.61198,83.88,1.428,0.35146,-0.54431,0.5806,1.62445,0.13249,0.46843,0.13333,0.2485,0.16348,0.36809,0.96275,0.11667,NORMAL,2026-09-10 06:06:10
0.00183,0.0895,0.0345,0.0001,0.01023,0.9759,20.0,0.0065,0.0121,0.0692,0.0087,0.0,96.35811,0.9095,0.0,0.9299,266.04,2.304,0.29664,-0.04875,0.4625,1.56841,-0.46796,0.44382,0.23333,0.27646,0.13923,0.41695,0.95436,0.45,NORMAL,2026-09-10 06:06:10
0.00337,0.1403,0.03546,0.00015,0.01232,1.0306,20.0,0.0072,0.009,0.1736,0.0795,0.0,48.2462,0.9195,0.0,0.8041,145.8,1.512,0.34743,0.21384,0.5667,1.60517,-0.68822,0.29765,0.46667,0.23928,0.34517,0.35718,0.95825,0.13333,NORMAL,2026-09-10 06:06:10
0.00413,0.0946,0.03723,0.00016,0.01266,0.9643,20.0,0.0083,0.013,0.1074,0.006,0.0,98.94569,0.8762,0.0,1.33058,72.72,0.906,0.34014,0.23006,0.685,1.67462,-0.64684,0.26388,0.5,0.25393,0.26651,0.4696,0.95805,0.03333,NORMAL,2026-09-10 06:06:10
0.0019,0.0733,0.03644,0.00015,0.01224,0.9833,20.0,0.0089,0.013,0.0688,0.0044,0.0,98.94569,0.8557,0.0,1.59742,72.72,1.026,0.33585,0.23226,0.6576,1.71335,-0.37781,0.2273,0.5,0.28816,0.14752,0.62518,0.96077,0.48333,NORMAL,2026-09-10 06:06:20
0.00336,0.1227,0.03592,0.00013,0.01134,1.0076,20.0,0.0071,0.009,0.1432,0.041,0.0,48.2462,0.9195,0.0,0.8041,95.04,1.512,0.31563,0.147,0.5666,1.59944,-0.41439,0.32583,0.5,0.27376,0.17981,0.49436,0.95308,0.3,NORMAL,2026-09-10 06:06:20
0.00326,0.0881,0.03412,0.0001,0.00995,0.954,20.0,0.0058,0.0148,0.1685,0.0079,0.0,96.35811,0.9101,0.0,0.9299,266.04,2.304,0.29153,0.14685,0.4625,1.58804,-0.48031,0.62244,0.23333,0.26051,0.08757,0.28999,0.94775,0.21667,NORMAL,2026-09-10 06:06:20
0.00266,0.0969,0.0365,0.00014,0.01196,0.9984,20.0,0.0101,0.003,0.0587,0.2577,0.0,135.68088,0.8644,0.0,1.46732,83.88,0.888,0.32759,-0.35718,0.6832,1.55581,-0.06006,0.49092,0.11667,0.24785,0.1615,0.34757,0.97532,0.13333,NORMAL,2026-09-10 06:06:20
0.00138,0.111,0.03577,0.00013,0.01148,0.9476,20.0,0.0069,0.0064,0.133,0.2307,0.0,55.54367,0.9163,0.0,0.84441,165.24,1.566,0.321,-0.17,0.5527,1.68627,0.00048,0.23929,0.08333,0.23999,0.38954,0.37116,0.96112,0.03333,NORMAL,2026-09-10 06:06:20
0.00404,0.0714,0.03559,0.00016,0.01256,0.9467,20.0,0.0087,0.013,0.1027,0.0521,0.0,148.23334,0.8758,0.0,1.33058,72.72,0.96,0.353,0.15913,0.6712,1.60165,-0.71621,0.3008,0.46667,0.25979,0.19147,0.50773,0.96102,0.48333,NORMAL,2026-09-10 06:06:30
0.00415,0.1135,0.03663,0.00014,0.01185,1.0196,20.0,0.0077,0.009,0.0005,0.0128,0.0,48.2462,0.9076,0.0,0.94114,94.32,1.686,0.32346,0.10059,0.54,1.62227,-0.45075,0.30877,0.5,0.30043,0.07743,0.6138,0.93729,0.3,NORMAL,2026-09-10 06:06:30
0.00351,0.0986,0.03424,0.00012,0.01112,0.9462,20.0,0.0054,0.0088,0.0045,0.0264,0.0,96.35811,0.8725,0.0,1.40813,266.04,2.304,0.32477,0.14518,0.4625,1.62929,-0.38763,0.57873,0.21667,0.26096,0.09307,0.32821,0.95373,0.23333,NORMAL,2026-09-10 06:06:30
0.00153,0.1036,0.03748,0.00015,0.01223,1.0073,20.0,0.009,0.0119,0.0111,0.0007,0.0,135.68088,0.8653,0.0,1.46732,109.08,1.308,0.32632,-0.13186,0.6019,1.52042,-0.57904,0.60702,0.3,0.2599,0.09327,0.29971,0.94068,0.11667,NORMAL,2026-09-10 06:06:30
0.00099,0.0923,0.03678,0.00013,0.01138,0.9647,20.0,0.0078,0.01,0.0002,0.4537,0.0,64.55903,0.8893,0.0,1.16692,165.24,1.566,0.3093,0.05803,0.551,1.64524,-0.29974,0.27944,0.03333,0.22686,0.44116,0.2794,0.95125,0.08333,NORMAL,2026-09-10 06:06:30
0.00094,0.1145,0.03802,0.00012,0.01104,0.963,20.0,0.0069,0.0122,0.0334,0.2764,0.0,63.36804,0.9163,0.0,0.84441,165.24,1.566,0.2903,0.09901,0.5542,1.59734,-0.5517,0.3592,0.25,0.23283,0.32388,0.31692,0.9593,0.03333,NORMAL,2026-09-10 06:06:40
0.00248,0.0972,0.03798,0.00015,0.01243,1.0073,20.0,0.0092,0.0119,0.0363,0.0048,0.0,128.88587,0.8833,0.0,1.2287,163.44,2.016,0.32722,0.05989,0.4961,1.63267,-0.53014,0.6223,0.3,0.24722,0.11992,0.25778,0.95504,0.43333,NORMAL,2026-09-10 06:06:40
0.00328,0.0753,0.03383,0.00013,0.0114,0.9725,20.0,0.0062,0.0088,0.0014,0.0154,0.0,93.69594,0.8603,0.0,1.5616,276.48,2.304,0.33691,0.18265,0.4623,1.64317,-0.4637,0.36993,0.21667,0.26713,0.12488,0.50519,0.96042,0.31667,NORMAL,2026-09-10 06:06:40
0.00431,0.0977,0.03691,0.00013,0.01159,1.0241,20.0,0.0072,0.009,0.1476,0.0443,0.0,48.2462,0.9194,0.0,0.8041,93.6,1.104,0.31412,0.02498,0.6411,1.61403,-0.34274,0.307,0.5,0.293,0.09391,0.59909,0.95163,0.48333,NORMAL,2026-09-10 06:06:40
0.00493,0.1006,0.03695,0.00015,0.01207,0.9439,20.0,0.0077,0.0137,0.0585,0.0,0.0,148.23334,0.8766,0.0,1.33058,108.72,1.326,0.32676,0.23618,0.5981,1.55505,-0.80749,0.45132,0.25,0.26411,0.12296,0.42572,0.96137,0.46667,NORMAL,2026-09-10 06:06:40
0.00341,0.0708,0.03612,0.00015,0.01218,0.9593,20.0,0.0084,0.0137,0.0092,0.1569,0.0,148.23334,0.8761,0.0,1.33058,66.96,0.96,0.33722,0.29671,0.6651,1.58611,-0.8325,0.5944,0.26667,0.26471,0.09329,0.31231,0.95956,0.13333,NORMAL,2026-09-10 06:06:50
0.00387,0.1112,0.03526,0.00013,0.01144,1.0245,20.0,0.0057,0.009,0.1846,0.1488,0.0,41.51257,0.9303,0.0,0.69188,97.56,0.918,0.32429,0.18871,0.682,1.6845,-0.19717,0.40496,0.21667,0.25157,0.19355,0.40148,0.9777,0.15,NORMAL,2026-09-10 06:06:50
0.00308,0.1153,0.0336,0.00014,0.01174,0.9572,20.0,0.006,0.0088,0.0226,0.0813,0.0,78.83727,0.9099,0.0,0.9299,82.8,1.38,0.34928,0.24207,0.5845,1.64783,-0.51851,0.30003,0.31667,0.2479,0.23371,0.46626,0.96045,0.21667,NORMAL,2026-09-10 06:06:50
0.00157,0.1033,0.03638,0.00016,0.0126,1.0062,20.0,0.0073,0.0119,0.0439,0.011,0.0,61.39548,0.906,0.0,0.96427,163.44,2.016,0.34647,0.24626,0.4961,1.6951,-0.42333,0.53283,0.11667,0.2735,0.04715,0.42002,0.94331,0.2,NORMAL,2026-09-10 06:06:50
0.00147,0.1302,0.03782,0.00012,0.01111,0.9628,20.0,0.0086,0.0122,0.2721,0.038,0.0,112.5041,0.8361,0.0,1.87507,165.24,1.566,0.29365,0.03747,0.5586,1.60444,-0.37357,0.53124,0.25,0.23107,0.23446,0.2343,0.95144,0.26667,NORMAL,2026-09-10 06:06:50
0.00392,0.1196,0.03466,0.00016,0.01281,0.9478,20.0,0.0072,0.0029,0.0181,0.0086,0.0,148.23334,0.877,0.0,1.33058,77.4,0.96,0.36973,0.18408,0.6712,1.63622,-0.3802,0.5833,0.2,0.27065,0.07504,0.34167,0.95343,0.28333,NORMAL,2026-09-10 06:07:00
0.00382,0.1177,0.03498,0.00012,0.01076,1.0209,20.0,0.008,0.009,0.063,0.0012,0.0,60.48017,0.8931,0.0,1.11675,97.56,1.32,0.30759,0.20157,0.5991,1.70643,0.13245,0.39426,0.03333,0.21112,0.39544,0.2103,0.96993,0.05,NORMAL,2026-09-10 06:07:00
0.0026,0.0675,0.03196,0.00013,0.01132,0.9641,20.0,0.0082,0.0088,0.0747,0.0003,0.0,150.4764,0.7905,0.0,2.56891,91.44,1.14,0.35412,0.31009,0.6335,1.72998,-0.28435,0.34836,0.1,0.22769,0.33915,0.31249,0.96886,0.05,NORMAL,2026-09-10 06:07:00
0.00067,0.1119,0.03548,0.00016,0.01254,1.0036,20.0,0.0074,0.0119,0.013,0.0245,0.0,106.21517,0.8382,0.0,1.85648,163.44,2.016,0.35343,0.28836,0.4959,1.73431,-0.36314,0.40587,0.33333,0.27486,0.04883,0.5453,0.95132,0.35,NORMAL,2026-09-10 06:07:00
0.00143,0.1072,0.03716,0.00014,0.01189,0.9728,20.0,0.0081,0.0122,0.1233,0.1761,0.0,87.8074,0.8662,0.0,1.46346,72.72,1.236,0.32001,0.0226,0.6114,1.62109,-0.69829,0.56388,0.26667,0.22471,0.20889,0.22723,0.95927,0.25,NORMAL,2026-09-10 06:07:00
0.00265,0.0981,0.03415,0.00017,0.0129,1.0191,20.0,0.0074,0.0113,0.1045,0.0635,0.0,92.81367,0.906,0.0,0.96427,163.44,2.016,0.37768,0.46968,0.4959,1.78812,-0.3627,0.37694,0.35,0.27021,0.08795,0.53511,0.95497,0.36667,NORMAL,2026-09-10 06:07:10
0.00352,0.0954,0.03205,0.00012,0.01109,0.976,20.0,0.0063,0.0088,0.0929,0.13,0.0,64.88682,0.9127,0.0,0.89352,91.44,1.14,0.34588,0.27515,0.6338,1.72941,-0.12135,0.35863,0.05,0.23708,0.34825,0.29312,0.95841,0.1,NORMAL,2026-09-10 06:07:10
0.0013,0.0938,0.03573,0.00015,0.01205,0.961,20.0,0.009,0.0098,0.1649,0.1865,0.0,63.36804,0.8995,0.0,1.02758,72.72,0.774,0.33733,0.01323,0.7114,1.67723,-0.54918,0.49728,0.28333,0.23735,0.23045,0.27227,0.9526,0.01667,NORMAL,2026-09-10 06:07:10
0.0041,0.0811,0.0344,0.00015,0.01223,0.9504,20.0,0.0086,0.0029,0.1468,0.0095,0.0,148.23334,0.8027,0.0,2.37225,77.4,0.96,0.35546,0.0585,0.6714,1.64201,-0.29421,0.52009,0.36667,0.26978,0.0587,0.42121,0.93761,0.2,NORMAL,2026-09-10 06:07:10
0.00384,0.0989,0.03631,0.00011,0.01062,1.0204,20.0,0.0072,0.0141,0.083,0.0,0.0,56.38316,0.8865,0.0,1.20886,98.28,1.32,0.29257,0.20112,0.5996,1.65056,-0.20143,0.33805,0.03333,0.19845,0.52556,0.13638,0.94395,0.06667,NORMAL,2026-09-10 06:07:10
0.00414,0.0818,0.03642,0.00016,0.0125,0.9568,20.0,0.006,0.0029,0.0424,0.0001,0.0,119.38154,0.9046,0.0,0.99485,77.4,0.96,0.34321,-0.16947,0.6716,1.557,-0.46958,0.44451,0.38333,0.24924,0.11939,0.43609,0.95564,0.36667,NORMAL,2026-09-10 06:07:20
0.00386,0.0976,0.03766,0.00013,0.01144,1.0336,20.0,0.0073,0.0141,0.0377,0.045,0.0,82.87067,0.908,0.0,0.93972,117.36,2.598,0.30366,0.08577,0.4329,1.58656,-0.5399,0.21354,0.06667,0.19469,0.63714,0.14932,0.92908,0.03333,NORMAL,2026-09-10 06:07:20
0.00278,0.1165,0.03261,0.00012,0.01082,0.9645,20.0,0.0079,0.0088,0.0138,0.0121,0.0,69.64208,0.8897,0.0,1.1607,92.88,1.434,0.33172,0.22076,0.5797,1.70728,-0.01873,0.28738,0.08333,0.23235,0.35679,0.35584,0.96238,0.05,NORMAL,2026-09-10 06:07:20
0.00191,0.122,0.03435,0.00016,0.01278,1.0145,20.0,0.0075,0.0113,0.0138,0.0217,0.0,92.81367,0.9068,0.0,0.95261,163.44,2.016,0.37201,0.37782,0.496,1.78089,-0.30825,0.41759,0.35,0.25785,0.14219,0.44022,0.96208,0.3,NORMAL,2026-09-10 06:07:20
0.00024,0.1514,0.03508,0.00015,0.01243,0.9698,20.0,0.0097,0.0065,0.1249,0.0393,0.0,73.92713,0.8827,0.0,1.23212,75.6,0.768,0.35428,-0.13552,0.7186,1.69992,-0.41999,0.49868,0.28333,0.24213,0.19413,0.30719,0.94691,0.35,NORMAL,2026-09-10 06:07:20
0.00482,0.1044,0.0374,0.00014,0.01193,0.9637,20.0,0.0059,0.0029,0.0308,0.0019,0.0,74.26207,0.912,0.0,0.90577,77.4,0.93,0.3189,-0.26717,0.6787,1.47863,-0.21771,0.40179,0.38333,0.25238,0.12006,0.47815,0.93269,0.4,NORMAL,2026-09-10 06:07:30
0.00516,0.1038,0.03537,0.00013,0.01141,1.0294,20.0,0.007,0.0047,0.0306,0.0969,0.0,82.87067,0.9083,0.0,0.93972,100.08,1.518,0.3225,-0.09507,0.5618,1.66437,-0.08383,0.15138,0.06667,0.22714,0.52232,0.3263,0.95118,0.08333,NORMAL,2026-09-10 06:07:30
0.00259,0.1111,0.03129,0.0001,0.00998,0.9655,20.0,0.0076,0.0062,0.0274,0.0107,0.0,140.95735,0.8877,0.0,1.18859,92.88,1.494,0.31906,-0.04403,0.5697,1.71234,-0.05112,0.30989,0.08333,0.23824,0.32557,0.36455,0.96097,0.38333,NORMAL,2026-09-10 06:07:30
0.00177,0.1105,0.03523,0.00016,0.01256,0.9953,20.0,0.0064,0.0113,0.0,0.0274,0.0,92.81367,0.8803,0.0,1.29616,75.96,1.266,0.35642,0.22886,0.6094,1.745,-0.49106,0.33241,0.4,0.23977,0.2898,0.37779,0.97259,0.13333,NORMAL,2026-09-10 06:07:30
0.00097,0.1222,0.03353,0.00017,0.01288,0.9609,20.0,0.0102,0.0013,0.0924,0.0424,0.0,69.35941,0.8985,0.0,1.02758,83.52,1.416,0.38416,-0.37409,0.5828,1.76114,-0.10511,0.46459,0.35,0.27355,0.08423,0.45118,0.9638,0.11667,NORMAL,2026-09-10 06:07:30
0.0016,0.1089,0.03259,0.00013,0.0115,0.9596,20.0,0.0108,0.0013,0.1375,0.177,0.0,69.35941,0.898,0.0,1.02758,92.88,0.774,0.35282,-0.73815,0.7176,1.50035,0.14472,0.31963,0.41667,0.28733,0.12313,0.55724,0.96373,0.5,NORMAL,2026-09-10 06:07:40
0.00131,0.1032,0.03497,0.00014,0.01167,1.0025,20.0,0.006,0.0113,0.0139,0.0068,0.0,92.81367,0.908,0.0,0.95261,141.84,1.386,0.33373,0.11421,0.5876,1.6775,-0.39499,0.28436,0.41667,0.25215,0.2389,0.47675,0.97365,0.4,NORMAL,2026-09-10 06:07:40
0.00334,0.0882,0.03274,0.00011,0.01035,0.9521,20.0,0.0074,0.0062,0.0665,0.0471,0.0,140.95735,0.8834,0.0,1.24571,142.56,1.494,0.31622,-0.02291,0.5692,1.63808,-0.1616,0.41721,0.1,0.24646,0.24396,0.33883,0.96727,0.08333,NORMAL,2026-09-10 06:07:40
0.00374,0.1158,0.03449,0.00015,0.01234,1.0116,20.0,0.0094,0.0022,0.0,0.0027,0.0,148.17725,0.796,0.0,2.46962,100.08,1.32,0.35767,-0.18024,0.5986,1.68891,-0.00585,0.16137,0.06667,0.23509,0.45489,0.38374,0.9415,0.43333,NORMAL,2026-09-10 06:07:40
0.00304,0.094,0.03763,0.00013,0.01123,0.955,20.0,0.006,0.0029,0.1052,0.0714,0.0,74.26207,0.912,0.0,0.90577,88.56,0.93,0.29857,-0.36005,0.6784,1.47039,0.19719,0.36298,0.38333,0.2409,0.22099,0.41603,0.95576,0.4,NORMAL,2026-09-10 06:07:40
0.00452,0.1012,0.03922,0.00012,0.0111,0.9374,20.0,0.0063,0.0029,0.0632,0.0241,0.0,105.6463,0.8458,0.0,1.76077,88.56,0.894,0.28303,-0.4178,0.6874,1.62267,0.94017,0.49995,0.28333,0.23487,0.25693,0.24313,0.97252,0.23333,NORMAL,2026-09-10 06:07:50
0.0052,0.1052,0.03475,0.00016,0.01248,1.0189,20.0,0.0085,0.0022,0.3526,0.0183,0.0,82.87067,0.8875,0.0,1.18182,118.08,2.004,0.35922,-0.20649,0.4967,1.67538,-0.14359,0.24262,0.05,0.22833,0.46786,0.28952,0.93115,0.03333,NORMAL,2026-09-10 06:07:50
0.00558,0.087,0.03207,0.00012,0.01081,0.951,20.0,0.0079,0.0062,0.329,0.01,0.0,140.95735,0.8875,0.0,1.18859,142.56,1.494,0.33712,-0.08063,0.5694,1.57904,-0.51732,0.56784,0.13333,0.25458,0.13812,0.29404,0.9433,0.28333,NORMAL,2026-09-10 06:07:50
0.00258,0.1268,0.03586,0.00014,0.01182,1.0226,20.0,0.0076,0.0113,0.0022,0.0246,0.0,108.11372,0.8112,0.0,2.25088,129.96,1.518,0.32961,-0.04758,0.566,1.57462,-0.51944,0.24304,0.41667,0.27077,0.15859,0.59837,0.96083,0.4,NORMAL,2026-09-10 06:07:50
0.00301,0.1129,0.03347,0.00015,0.01218,0.9515,20.0,0.0105,0.0013,0.0018,0.0453,0.0,69.35941,0.8982,0.0,1.02758,92.88,0.852,0.36399,-0.57128,0.6973,1.50077,-0.06571,0.23232,0.31667,0.28278,0.18584,0.58184,0.9436,0.4,NORMAL,2026-09-10 06:07:50
0.00543,0.0996,0.03806,0.00012,0.01077,0.9204,20.0,0.0055,0.0097,0.0285,0.0275,0.0,65.31452,0.9296,0.0,0.70144,88.56,0.822,0.28287,-0.06749,0.7051,1.67219,0.14709,0.5304,0.26667,0.21841,0.31165,0.15795,0.95918,0.28333,NORMAL,2026-09-10 06:08:00
0.00564,0.108,0.03461,0.00017,0.01317,1.0422,20.0,0.0086,0.0022,0.0021,0.0407,0.0,89.02365,0.8643,0.0,1.48373,100.08,1.11,0.38057,-0.1922,0.6385,1.67037,-0.47645,0.27264,0.05,0.21065,0.53505,0.19231,0.95553,0.03333,NORMAL,2026-09-10 06:08:00
0.00357,0.1157,0.03427,0.00013,0.01142,0.9507,20.0,0.007,0.0062,0.0141,0.0288,0.0,140.95735,0.8882,0.0,1.18859,142.56,1.89,0.33331,0.0592,0.5112,1.80634,-0.04769,0.62809,0.28333,0.26493,0.08036,0.29156,0.94459,0.3,NORMAL,2026-09-10 06:08:00
0.00085,0.1146,0.03602,0.00013,0.0115,1.0094,20.0,0.0071,0.0113,0.0859,0.0024,0.0,97.33118,0.8552,0.0,1.62219,129.96,1.188,0.31936,0.03111,0.6248,1.57228,-0.47266,0.18223,0.41667,0.24694,0.277,0.54077,0.95339,0.31667,NORMAL,2026-09-10 06:08:00
0.00147,0.1296,0.03438,0.00015,0.01232,0.9542,20.0,0.01,0.0013,0.0288,0.0906,0.0,134.33922,0.8733,0.0,1.35112,166.68,2.256,0.35841,-0.6098,0.4654,1.64153,0.23606,0.27534,0.33333,0.26063,0.19671,0.52795,0.96634,0.08333,NORMAL,2026-09-10 06:08:00
0.00137,0.0891,0.03751,0.00012,0.01102,0.9866,20.0,0.0076,0.0132,0.0195,0.0285,0.0,78.23079,0.8998,0.0,1.03701,129.96,1.188,0.29394,-0.00225,0.6246,1.52044,-0.48758,0.21498,0.41667,0.24421,0.34176,0.44326,0.95056,0.05,NORMAL,2026-09-10 06:08:10
0.00286,0.0812,0.03383,0.00015,0.0122,0.9691,20.0,0.0071,0.0062,0.0069,0.0238,0.0,140.95735,0.8882,0.0,1.18859,157.68,1.494,0.36054,0.0488,0.5694,1.81488,-0.41527,0.62651,0.28333,0.26208,0.09529,0.2782,0.95016,0.15,NORMAL,2026-09-10 06:08:10
0.00185,0.1026,0.03481,0.00015,0.01242,0.9642,20.0,0.0081,0.0013,0.024,0.2148,0.0,134.33922,0.8747,0.0,1.35112,166.68,1.446,0.3568,-0.41042,0.5726,1.74435,0.48329,0.46957,0.33333,0.25676,0.15142,0.37901,0.96878,0.16667,NORMAL,2026-09-10 06:08:10
0.00526,0.1078,0.03769,0.00012,0.0109,0.919,20.0,0.0061,0.0097,0.0159,0.052,0.0,146.60647,0.8863,0.0,1.22172,88.56,1.104,0.2892,0.02704,0.6412,1.68583,0.04213,0.37787,0.1,0.22067,0.41993,0.2022,0.95405,0.05,NORMAL,2026-09-10 06:08:10
0.00406,0.1549,0.03287,0.00017,0.01287,1.0038,20.0,0.0088,0.0022,0.0329,0.2174,0.0,89.02365,0.8642,0.0,1.48373,138.6,2.256,0.39151,-0.0394,0.4637,1.75268,-0.44612,0.30704,0.05,0.22155,0.42927,0.2637,0.95907,0.03333,NORMAL,2026-09-10 06:08:10
0.0038,0.1115,0.03745,0.00015,0.01225,0.9489,20.0,0.0056,0.0097,0.0044,0.024,0.0,146.60647,0.8867,0.0,1.22172,88.56,1.044,0.32701,0.26275,0.6535,1.74237,0.20203,0.30277,0.05,0.20075,0.53934,0.1579,0.94912,0.06667,NORMAL,2026-09-10 06:08:20
0.00382,0.1326,0.03092,0.00014,0.012,1.023,20.0,0.0093,0.0022,0.0052,0.0295,0.0,99.21573,0.8513,0.0,1.6536,138.6,1.2,0.38818,0.0022,0.6215,1.72663,-0.36138,0.40755,0.31667,0.23719,0.2353,0.35715,0.97817,0.3,NORMAL,2026-09-10 06:08:20
0.00204,0.086,0.03477,0.00016,0.0125,0.964,20.0,0.0075,0.0062,0.0306,0.0351,0.0,146.82749,0.7986,0.0,2.44712,142.56,1.794,0.35958,-0.01571,0.5244,1.76642,-0.46953,0.5966,0.28333,0.25096,0.14848,0.25491,0.95421,0.43333,NORMAL,2026-09-10 06:08:20
0.0004,0.1214,0.03726,0.00012,0.01084,1.002,20.0,0.0073,0.0139,0.0451,0.0252,0.0,63.04131,0.924,0.0,0.74923,129.96,1.902,0.29102,0.11573,0.5107,1.53156,-0.58599,0.29648,0.41667,0.23615,0.30369,0.39983,0.95584,0.03333,NORMAL,2026-09-10 06:08:20
0.00152,0.1079,0.03521,0.00014,0.01201,0.98,20.0,0.0085,0.0013,0.0003,0.0335,0.0,134.33922,0.8744,0.0,1.35112,166.68,1.446,0.34112,-0.24294,0.5775,1.73267,0.50681,0.61602,0.16667,0.25335,0.12388,0.2601,0.94946,0.26667,NORMAL,2026-09-10 06:08:20
0.00431,0.0996,0.03649,0.00014,0.01187,0.9485,20.0,0.0063,0.0097,0.1555,0.0507,0.0,146.60647,0.8862,0.0,1.22172,83.52,1.134,0.3253,0.35965,0.635,1.78918,0.52788,0.35111,0.06667,0.20912,0.49288,0.15601,0.95155,0.26667,NORMAL,2026-09-10 06:08:30
0.00448,0.1109,0.03228,0.00013,0.01143,1.0098,20.0,0.0097,0.0022,0.0005,0.0142,0.0,89.02365,0.8484,0.0,1.68999,138.6,1.2,0.35399,-0.0655,0.6221,1.67215,-0.3626,0.46239,0.35,0.26172,0.09968,0.43793,0.9576,0.11667,NORMAL,2026-09-10 06:08:30
0.00474,0.1234,0.03565,0.00015,0.01233,0.9779,20.0,0.0081,0.0117,0.0125,0.2495,0.0,118.19408,0.7934,0.0,2.52336,107.28,1.2,0.34582,0.06599,0.618,1.72983,-0.57201,0.51609,0.25,0.24289,0.21639,0.26751,0.9586,0.23333,NORMAL,2026-09-10 06:08:30
0.00297,0.1146,0.03668,0.0001,0.01024,1.0181,20.0,0.007,0.0139,0.0319,0.0237,0.0,63.04131,0.9243,0.0,0.74923,149.76,2.496,0.27923,0.15821,0.4431,1.54229,-0.52193,0.29569,0.41667,0.25919,0.18628,0.51802,0.95079,0.38333,NORMAL,2026-09-10 06:08:30
0.00115,0.1241,0.03622,0.00012,0.01076,0.9589,20.0,0.0082,0.0129,0.0043,0.0009,0.0,134.33922,0.8216,0.0,2.0892,166.68,1.908,0.2971,0.23896,0.5088,1.70531,-0.14844,0.66537,0.26667,0.25656,0.10234,0.23229,0.94709,0.16667,NORMAL,2026-09-10 06:08:30
0.00132,0.1398,0.03519,0.00014,0.01164,0.9955,20.0,0.0072,0.0069,0.0002,0.0002,0.0,72.73946,0.8862,0.0,1.21232,62.64,0.792,0.33076,-0.16056,0.7133,1.58523,-0.48745,0.25904,0.4,0.25346,0.23939,0.50157,0.96943,0.31667,NORMAL,2026-09-10 06:08:40
0.00228,0.1153,0.03537,0.00017,0.01291,0.9644,20.0,0.0076,0.0117,0.1559,0.0574,0.0,92.72983,0.9035,0.0,0.99163,72.0,0.804,0.3649,0.21517,0.7095,1.76811,-0.31632,0.44584,0.25,0.24228,0.27033,0.28384,0.9554,0.03333,NORMAL,2026-09-10 06:08:40
0.00113,0.1068,0.03596,0.00013,0.01125,0.964,20.0,0.0092,0.0153,0.1674,0.2056,0.0,134.33922,0.8739,0.0,1.35112,166.68,1.446,0.3127,0.29806,0.5726,1.71045,-0.51893,0.66268,0.25,0.24323,0.12377,0.21354,0.95082,0.15,NORMAL,2026-09-10 06:08:40
0.00522,0.0931,0.03558,0.00016,0.01262,0.9443,20.0,0.0062,0.0097,0.0284,0.0047,0.0,146.60647,0.8862,0.0,1.22172,182.16,1.608,0.35481,0.28835,0.5516,1.81901,0.17955,0.25293,0.05,0.21058,0.51652,0.23055,0.93827,0.06667,NORMAL,2026-09-10 06:08:40
0.00478,0.1342,0.03368,0.00013,0.01137,1.0388,20.0,0.0102,0.0127,0.0057,0.1458,0.0,128.99931,0.8162,0.0,2.14999,138.6,1.32,0.33756,0.11072,0.5997,1.61059,-0.7869,0.37269,0.35,0.24506,0.1779,0.4494,0.97526,0.16667,NORMAL,2026-09-10 06:08:40
0.00371,0.1,0.03499,0.00016,0.01256,0.9553,20.0,0.0066,0.0069,0.0675,0.0,0.0,146.60647,0.8859,0.0,1.22172,158.76,1.428,0.35888,0.03673,0.5807,1.84691,0.08298,0.13456,0.05,0.19666,0.64481,0.22063,0.93541,0.03333,NORMAL,2026-09-10 06:08:50
0.0037,0.116,0.03375,0.00016,0.01257,1.0165,20.0,0.008,0.0006,0.1226,0.0154,0.0,124.99327,0.8221,0.0,2.08322,138.6,1.2,0.37239,-0.07336,0.6225,1.69566,-0.31151,0.41824,0.16667,0.23742,0.2258,0.35596,0.95379,0.15,NORMAL,2026-09-10 06:08:50
0.00291,0.1097,0.03599,0.00015,0.01231,0.9642,20.0,0.0073,0.0117,0.0,0.1138,0.0,125.68215,0.8835,0.0,1.24547,72.0,0.804,0.34215,0.24458,0.7094,1.74993,-0.18373,0.46059,0.25,0.24411,0.2443,0.29511,0.96672,0.03333,NORMAL,2026-09-10 06:08:50
0.00244,0.137,0.03503,0.00012,0.01091,1.0088,20.0,0.0084,0.0069,0.0512,0.1943,0.0,69.90991,0.892,0.0,1.1269,62.64,0.84,0.31154,-0.35992,0.6959,1.48125,-0.40909,0.42267,0.33333,0.2255,0.2698,0.30752,0.95838,0.13333,NORMAL,2026-09-10 06:08:50
0.00044,0.1289,0.03601,0.00013,0.01137,0.9553,20.0,0.0089,0.0149,0.0001,0.1277,0.0,134.33922,0.8741,0.0,1.35112,173.52,1.446,0.3158,0.36417,0.5741,1.70643,-0.0907,0.50265,0.1,0.24366,0.21343,0.28392,0.95361,0.23333,NORMAL,2026-09-10 06:08:50
0.00087,0.1058,0.03545,0.00014,0.01165,0.9504,20.0,0.0092,0.014,0.0141,0.0577,0.0,87.82957,0.9055,0.0,0.95151,76.32,1.038,0.32873,0.2989,0.655,1.72703,-0.34856,0.21954,0.41667,0.27284,0.23523,0.54523,0.96203,0.48333,NORMAL,2026-09-10 06:09:00
0.00237,0.1045,0.03508,0.00012,0.01083,0.9914,20.0,0.0064,0.0069,0.0635,0.2056,0.0,106.7203,0.9046,0.0,0.9904,62.64,1.23,0.30884,-0.40726,0.6118,1.48011,-0.35732,0.4719,0.33333,0.21564,0.22428,0.30382,0.95484,0.35,NORMAL,2026-09-10 06:09:00
0.00248,0.0919,0.03444,0.00014,0.01194,0.9549,20.0,0.009,0.0117,0.0007,0.2807,0.0,125.68215,0.8822,0.0,1.24547,72.0,0.714,0.34681,0.22325,0.7254,1.8262,-0.25817,0.47152,0.3,0.25975,0.16249,0.36599,0.98185,0.28333,NORMAL,2026-09-10 06:09:00
0.00412,0.0915,0.03624,0.00016,0.01274,0.9556,20.0,0.0071,0.0069,0.0023,0.0177,0.0,146.60647,0.8441,0.0,1.77633,158.76,1.428,0.35156,-0.05938,0.5805,1.78751,-0.21092,0.19064,0.05,0.20116,0.61996,0.1894,0.93055,0.03333,NORMAL,2026-09-10 06:09:00
0.00414,0.1258,0.03512,0.00015,0.01242,1.0176,20.0,0.0056,0.0006,0.0086,0.0653,0.0,79.42373,0.8847,0.0,1.24682,102.96,1.776,0.35378,-0.27054,0.5276,1.63897,-0.23564,0.60799,0.15,0.23021,0.16803,0.22398,0.95384,0.16667,NORMAL,2026-09-10 06:09:00
0.00417,0.0898,0.03572,0.00018,0.01344,0.9549,20.0,0.007,0.001,0.0228,0.0762,0.0,69.49444,0.927,0.0,0.71647,158.76,1.428,0.37619,-0.24132,0.5806,1.79937,0.01536,0.28882,0.05,0.22939,0.40227,0.30891,0.94382,0.03333,NORMAL,2026-09-10 06:09:10
0.00478,0.1427,0.03607,0.00015,0.01224,1.0146,20.0,0.0061,0.0006,0.1341,0.0383,0.0,79.84276,0.8843,0.0,1.24682,104.04,0.918,0.33938,-0.41885,0.683,1.60297,-0.09228,0.6302,0.15,0.23362,0.14817,0.22163,0.95697,0.16667,NORMAL,2026-09-10 06:09:10
0.0026,0.1,0.03551,0.00014,0.01181,0.9428,20.0,0.0099,0.013,0.0028,0.2036,0.0,125.68215,0.8625,0.0,1.49513,92.88,0.84,0.3326,0.26531,0.6933,1.77848,-0.2426,0.47047,0.3,0.28145,0.06559,0.46394,0.95133,0.28333,NORMAL,2026-09-10 06:09:10
0.00161,0.1423,0.03388,0.00012,0.01082,0.9861,20.0,0.0059,0.0069,0.0331,0.0009,0.0,106.7203,0.905,0.0,0.9904,62.64,0.924,0.31946,-0.31086,0.6801,1.51655,-0.58306,0.38378,0.33333,0.24497,0.20092,0.41529,0.95655,0.35,NORMAL,2026-09-10 06:09:10
0.00257,0.0847,0.03507,0.00013,0.01134,0.9482,20.0,0.0099,0.0139,0.0022,0.0365,0.0,114.11447,0.9049,0.0,0.95151,115.92,1.038,0.32326,0.12844,0.6549,1.71906,-0.61725,0.31529,0.41667,0.29604,0.12306,0.56164,0.94345,0.5,NORMAL,2026-09-10 06:09:10
0.00101,0.1223,0.03393,0.00016,0.01265,0.9474,20.0,0.0085,0.0029,0.0115,0.0351,0.0,114.11447,0.904,0.0,0.97722,141.84,1.284,0.37289,-0.03047,0.6059,1.74956,-0.4424,0.47543,0.41667,0.29422,0.05693,0.46764,0.9445,0.23333,NORMAL,2026-09-10 06:09:20
0.00298,0.095,0.03491,0.00014,0.01181,0.9502,20.0,0.009,0.01,0.0026,0.0002,0.0,125.68215,0.8234,0.0,2.05512,92.88,1.194,0.33834,0.12112,0.6227,1.80588,-0.07544,0.39318,0.38333,0.27727,0.07603,0.5308,0.95543,0.28333,NORMAL,2026-09-10 06:09:20
0.00264,0.1061,0.03347,0.00013,0.01119,1.0176,20.0,0.0054,0.0069,0.0061,0.0879,0.0,106.7203,0.9054,0.0,0.9904,50.76,0.84,0.33429,-0.27004,0.7009,1.52837,-0.70762,0.28397,0.33333,0.26654,0.23274,0.48329,0.95831,0.35,NORMAL,2026-09-10 06:09:20
0.00447,0.1448,0.03731,0.00017,0.01287,1.0257,20.0,0.0073,0.0006,0.1551,0.0174,0.0,79.84276,0.865,0.0,1.48868,104.04,1.098,0.34502,-0.32277,0.643,1.73949,0.28795,0.52362,0.15,0.2474,0.15233,0.32405,0.96038,0.46667,NORMAL,2026-09-10 06:09:20
0.00463,0.1163,0.03385,0.00014,0.01176,0.9398,20.0,0.0073,0.001,0.02,0.0004,0.0,105.6896,0.8608,0.0,1.54411,158.76,1.428,0.34738,-0.48401,0.5801,1.54453,-0.02434,0.31659,0.41667,0.25611,0.23719,0.44622,0.98172,0.4,NORMAL,2026-09-10 06:09:20
0.0046,0.1184,0.03419,0.00016,0.01249,0.9438,20.0,0.0088,0.001,0.1203,0.0554,0.0,105.6896,0.8597,0.0,1.54411,158.76,1.428,0.3652,-0.37761,0.5808,1.52085,-0.38851,0.31103,0.1,0.27142,0.19763,0.49134,0.96995,0.35,NORMAL,2026-09-10 06:09:30
0.00442,0.1301,0.03727,0.00018,0.01356,1.017,20.0,0.0076,0.0006,0.2904,0.0048,0.0,79.84276,0.8832,0.0,1.24682,104.04,1.02,0.36385,-0.25121,0.6594,1.73145,-0.12839,0.33201,0.46667,0.28302,0.10682,0.56118,0.95422,0.38333,NORMAL,2026-09-10 06:09:30
0.0033,0.092,0.03467,0.00016,0.01253,0.9496,20.0,0.0075,0.0055,0.0227,0.0103,0.0,125.89586,0.8833,0.0,1.24547,92.88,1.17,0.36131,0.36379,0.628,1.99304,0.97504,0.37183,0.38333,0.26773,0.12331,0.50486,0.95374,0.28333,NORMAL,2026-09-10 06:09:30
0.00175,0.0986,0.03278,0.00014,0.01165,1.0024,20.0,0.0065,0.0069,0.0029,0.0,0.0,106.7203,0.8984,0.0,1.06555,79.56,1.386,0.35527,-0.19733,0.5881,1.55071,-0.94539,0.45193,0.28333,0.25818,0.21969,0.32838,0.96048,0.08333,NORMAL,2026-09-10 06:09:30
0.00166,0.1173,0.03327,0.00016,0.01249,0.9633,20.0,0.0077,0.0029,0.0001,0.0082,0.0,126.26531,0.8209,0.0,2.10442,141.84,1.284,0.37544,-0.00645,0.6057,1.78305,-0.35758,0.53629,0.21667,0.2763,0.04814,0.41556,0.94275,0.26667,NORMAL,2026-09-10 06:09:30
0.00408,0.095,0.03335,0.00016,0.01248,0.9483,20.0,0.0095,0.001,0.0766,0.0006,0.0,161.09063,0.8592,0.0,1.54411,102.24,1.128,0.37409,-0.30862,0.6362,1.55449,-0.39472,0.3071,0.48333,0.26346,0.20702,0.48588,0.96519,0.33333,NORMAL,2026-09-10 06:09:40
0.00391,0.1172,0.03547,0.00017,0.01308,1.0264,20.0,0.0073,0.0006,0.1249,0.0058,0.0,79.84276,0.9115,0.0,0.89747,104.04,1.02,0.36885,-0.01158,0.6596,1.81651,0.07138,0.28317,0.46667,0.28997,0.10348,0.61335,0.94897,0.38333,NORMAL,2026-09-10 06:09:40
0.00321,0.1028,0.03545,0.00014,0.01202,0.9654,20.0,0.0071,0.0055,0.0111,0.0794,0.0,125.68215,0.8837,0.0,1.24547,160.56,2.676,0.33921,0.41587,0.426,1.96248,1.53618,0.47966,0.28333,0.25628,0.14056,0.37978,0.95062,0.16667,NORMAL,2026-09-10 06:09:40
0.00328,0.1228,0.03462,0.00013,0.01152,1.0155,20.0,0.0069,0.0097,0.009,0.089,0.0,106.7203,0.9042,0.0,0.9904,83.52,1.392,0.33291,-0.20165,0.5871,1.62395,-0.84276,0.59931,0.28333,0.24286,0.15999,0.2407,0.93011,0.2,NORMAL,2026-09-10 06:09:40
0.0016,0.1232,0.03383,0.00016,0.01284,0.9435,20.0,0.0067,0.0029,0.0031,0.0021,0.0,114.11447,0.9076,0.0,0.95151,141.84,1.284,0.3796,-0.03036,0.6053,1.75108,-0.5322,0.58307,0.3,0.24824,0.10985,0.30708,0.96113,0.21667,NORMAL,2026-09-10 06:09:40
0.00094,0.108,0.0337,0.00019,0.01361,0.9585,20.0,0.0069,0.0029,0.0006,0.0012,0.0,114.11447,0.8846,0.0,1.23587,141.84,1.284,0.40371,0.26296,0.6058,1.98888,-0.10895,0.59105,0.18333,0.24301,0.15869,0.25026,0.96031,0.3,NORMAL,2026-09-10 06:09:50
0.00139,0.1114,0.03365,0.00013,0.01143,0.9895,20.0,0.0083,0.0097,0.0337,0.0178,0.0,97.57045,0.898,0.0,1.05363,74.16,0.702,0.33975,0.01949,0.7365,1.66746,-0.8709,0.51092,0.2,0.27415,0.09353,0.39555,0.94891,0.21667,NORMAL,2026-09-10 06:09:50
0.00234,0.0967,0.03503,0.00015,0.01217,0.9441,20.0,0.006,0.0055,0.0289,0.0103,0.0,57.76134,0.9369,0.0,0.61389,92.88,1.488,0.34753,0.43946,0.5708,1.9811,1.57768,0.46657,0.3,0.26244,0.11183,0.4216,0.96845,0.33333,NORMAL,2026-09-10 06:09:50
0.00513,0.1072,0.03701,0.00014,0.01177,1.0297,20.0,0.0085,0.0093,0.1048,0.0014,0.0,79.84276,0.9174,0.0,0.81587,104.04,1.176,0.31816,0.10195,0.6271,1.76767,-0.16938,0.23022,0.38333,0.2884,0.13054,0.63924,0.95407,0.4,NORMAL,2026-09-10 06:09:50
0.00518,0.1034,0.03348,0.00014,0.0119,0.9526,20.0,0.0095,0.001,0.1849,0.0146,0.0,161.09063,0.8592,0.0,1.54411,115.92,1.32,0.35535,-0.2041,0.5996,1.56645,-0.20654,0.44439,0.1,0.25958,0.15107,0.40454,0.96561,0.48333,NORMAL,2026-09-10 06:09:50
0.0048,0.095,0.03402,0.00013,0.01126,0.9538,20.0,0.0085,0.001,0.0515,0.0552,0.0,161.09063,0.8599,0.0,1.54411,122.04,1.32,0.3309,-0.31258,0.5999,1.55264,0.19098,0.54682,0.26667,0.24823,0.17811,0.27507,0.97436,0.11667,NORMAL,2026-09-10 06:10:00
0.00473,0.1164,0.03493,0.00016,0.01272,1.0202,20.0,0.0075,0.0053,0.114,0.1528,0.0,96.04274,0.9124,0.0,0.88492,104.04,1.884,0.36426,0.02396,0.5089,1.84721,0.01258,0.19585,0.38333,0.28411,0.13125,0.6729,0.94725,0.4,NORMAL,2026-09-10 06:10:00
0.00295,0.0908,0.03503,0.00015,0.01214,0.9594,20.0,0.0073,0.0055,0.0088,0.0052,0.0,51.47698,0.9294,0.0,0.68667,100.44,1.674,0.34651,0.49167,0.5421,1.98134,1.60708,0.39592,0.45,0.26241,0.14753,0.45654,0.9787,0.46667,NORMAL,2026-09-10 06:10:00
0.00204,0.0709,0.03356,0.00014,0.01179,1.0057,20.0,0.0075,0.0097,0.1312,0.1283,0.0,109.14477,0.8986,0.0,1.05363,74.16,0.72,0.35136,-0.07742,0.7312,1.66579,-0.85412,0.34201,0.21667,0.26803,0.18358,0.47441,0.97725,0.5,NORMAL,2026-09-10 06:10:00
0.001,0.1385,0.03304,0.00019,0.01369,0.9621,20.0,0.0068,0.0029,0.1092,0.0212,0.0,51.00362,0.929,0.0,0.69614,141.84,2.07,0.41428,0.30675,0.4891,2.02161,-0.03019,0.60276,0.18333,0.24983,0.14218,0.25506,0.96371,0.3,NORMAL,2026-09-10 06:10:00
0.00311,0.0873,0.03376,0.00012,0.01082,0.9557,20.0,0.0093,0.005,0.1472,0.0,0.0,161.09063,0.8469,0.0,1.71377,122.04,1.32,0.32046,-0.29742,0.5996,1.56981,-0.12385,0.5144,0.28333,0.23621,0.26052,0.22509,0.95863,0.25,NORMAL,2026-09-10 06:10:10
0.00317,0.1044,0.0341,0.00016,0.01274,1.0162,20.0,0.0069,0.0053,0.1933,0.2743,0.0,57.812,0.9205,0.0,0.79396,84.96,1.416,0.37369,0.33936,0.5759,1.88638,0.41929,0.24884,0.38333,0.24415,0.3041,0.44707,0.96011,0.03333,NORMAL,2026-09-10 06:10:10
0.00284,0.088,0.03459,0.00014,0.012,0.9612,20.0,0.0067,0.0055,0.1964,0.0149,0.0,120.93614,0.8953,0.0,1.10304,84.96,1.17,0.34701,0.49529,0.6283,2.00633,1.72992,0.37436,0.26667,0.24476,0.28021,0.34542,0.96919,0.08333,NORMAL,2026-09-10 06:10:10
0.00204,0.1198,0.03348,0.00013,0.01146,1.0054,20.0,0.0079,0.0097,0.0001,0.2248,0.0,109.14477,0.893,0.0,1.1185,74.16,1.152,0.34247,-0.15787,0.6249,1.67447,-0.65063,0.33655,0.06667,0.24903,0.25869,0.40476,0.96994,0.43333,NORMAL,2026-09-10 06:10:10
0.00095,0.1114,0.03319,0.00019,0.01382,0.959,20.0,0.0065,0.0029,0.0153,0.0321,0.0,51.00362,0.9384,0.0,0.59164,97.92,0.834,0.41651,0.30915,0.7018,2.01071,-0.12709,0.42486,0.2,0.25779,0.18632,0.38882,0.96818,0.18333,NORMAL,2026-09-10 06:10:10
0.00231,0.123,0.03441,0.00016,0.01278,0.9548,20.0,0.0075,0.0124,0.1313,0.001,0.0,65.91104,0.8792,0.0,1.2982,97.92,0.834,0.37128,0.41109,0.7024,1.96892,-0.03936,0.22836,0.4,0.24731,0.31911,0.45253,0.95819,0.06667,NORMAL,2026-09-10 06:10:20
0.00152,0.1004,0.03387,0.00013,0.01139,1.003,20.0,0.0101,0.0097,0.004,0.0292,0.0,109.14477,0.8624,0.0,1.49488,74.16,1.032,0.33644,-0.23366,0.6558,1.65818,-0.5003,0.38422,0.06667,0.22691,0.35515,0.26063,0.95907,0.11667,NORMAL,2026-09-10 06:10:20
0.00367,0.1053,0.03509,0.00015,0.01232,0.9479,20.0,0.0069,0.0055,0.0398,0.0276,0.0,120.93614,0.8951,0.0,1.10304,84.96,1.02,0.351,0.5955,0.6593,1.97543,1.16964,0.43708,0.1,0.21981,0.33089,0.23203,0.96596,0.11667,NORMAL,2026-09-10 06:10:20
0.00508,0.111,0.03496,0.00014,0.01203,1.0222,20.0,0.0064,0.0053,0.0039,0.0151,0.0,72.70611,0.8869,0.0,1.21177,84.96,1.416,0.34422,0.09491,0.5822,1.77312,-0.00371,0.29714,0.03333,0.24166,0.35919,0.34367,0.94558,0.1,NORMAL,2026-09-10 06:10:20
0.00419,0.1194,0.03482,0.00013,0.01129,0.9541,20.0,0.0094,0.005,0.1355,0.0007,0.0,161.09063,0.8638,0.0,1.48314,136.8,1.32,0.32413,-0.25403,0.5998,1.52026,-0.28249,0.48847,0.11667,0.23362,0.26823,0.2433,0.96278,0.13333,NORMAL,2026-09-10 06:10:20
0.00468,0.0955,0.03406,0.00011,0.01031,0.9318,20.0,0.0099,0.005,0.1574,0.0216,0.0,161.09063,0.8715,0.0,1.37597,191.16,1.596,0.30262,-0.28971,0.5537,1.56361,0.30607,0.48551,0.13333,0.22952,0.2682,0.24629,0.97888,0.08333,NORMAL,2026-09-10 06:10:30
0.00345,0.1096,0.03506,0.00015,0.01214,1.0244,20.0,0.0065,0.0052,0.0243,0.0048,0.0,47.66232,0.9209,0.0,0.79396,84.96,1.416,0.34643,-0.12844,0.5824,1.76704,0.27176,0.29797,0.5,0.24527,0.30986,0.39217,0.95654,0.03333,NORMAL,2026-09-10 06:10:30
0.00102,0.078,0.03376,0.00012,0.01108,0.9702,20.0,0.0066,0.0121,0.1246,0.0028,0.0,120.93614,0.8953,0.0,1.10304,84.96,1.746,0.32822,0.52727,0.5317,1.93814,0.58542,0.48432,0.16667,0.23196,0.22651,0.28917,0.95374,0.11667,NORMAL,2026-09-10 06:10:30
0.0022,0.0865,0.03408,0.00013,0.01129,0.9946,20.0,0.0089,0.0097,0.0403,0.0018,0.0,109.14477,0.8922,0.0,1.1185,78.84,1.314,0.33133,-0.29931,0.5999,1.65014,-0.34032,0.31437,0.06667,0.20674,0.49012,0.19551,0.96527,0.05,NORMAL,2026-09-10 06:10:30
0.00055,0.1219,0.03475,0.00016,0.01274,0.9543,20.0,0.0083,0.0124,0.0025,0.1497,0.0,75.82643,0.8813,0.0,1.26377,97.92,1.602,0.36661,0.40696,0.5499,1.95276,-0.12621,0.18338,0.4,0.24547,0.37816,0.43846,0.96039,0.08333,NORMAL,2026-09-10 06:10:30
0.00492,0.0818,0.03522,9e-05,0.00934,0.9625,20.0,0.0091,0.005,0.2019,0.0177,0.0,101.54768,0.8991,0.0,1.03133,191.16,1.818,0.26525,-0.2303,0.5216,1.5265,0.80415,0.50396,0.13333,0.23716,0.24028,0.25576,0.97351,0.21667,NORMAL,2026-09-10 06:10:40
0.00489,0.1072,0.03517,0.00016,0.0125,1.0111,20.0,0.0061,0.0052,0.0785,0.0005,0.0,54.39642,0.9216,0.0,0.79031,84.96,1.416,0.35529,-0.27526,0.5821,1.75638,0.24002,0.33476,0.16667,0.25615,0.26556,0.39968,0.96501,0.03333,NORMAL,2026-09-10 06:10:40
0.00156,0.0828,0.03284,0.00012,0.01097,0.9546,20.0,0.0075,0.0121,0.0005,0.0767,0.0,120.93614,0.8946,0.0,1.10304,84.96,1.8,0.33402,0.48915,0.524,1.77169,-0.14809,0.38898,0.16667,0.22284,0.28248,0.32853,0.95364,0.41667,NORMAL,2026-09-10 06:10:40
0.00072,0.1256,0.03359,0.00012,0.01073,0.9762,20.0,0.0081,0.0099,0.0,0.2493,0.0,109.14477,0.8864,0.0,1.20008,85.68,1.428,0.3195,-0.04103,0.5753,1.81919,0.14936,0.26981,0.06667,0.23486,0.38783,0.34236,0.96214,0.1,NORMAL,2026-09-10 06:10:40
0.00118,0.118,0.03381,0.00018,0.01336,0.9706,20.0,0.0088,0.0122,0.1068,0.0383,0.0,85.3973,0.8809,0.0,1.26377,157.32,1.386,0.39517,0.50384,0.5881,1.98855,-0.10393,0.36107,0.41667,0.26084,0.20801,0.43091,0.97561,0.26667,NORMAL,2026-09-10 06:10:40
0.00268,0.0823,0.034,0.00014,0.01179,0.9407,20.0,0.0098,0.0122,0.1314,0.0375,0.0,85.3973,0.8802,0.0,1.26377,157.32,1.386,0.34668,0.05417,0.5875,1.71604,-0.7181,0.4541,0.26667,0.26625,0.1096,0.4363,0.9682,0.28333,NORMAL,2026-09-10 06:10:50
0.00146,0.1257,0.03311,0.00012,0.01114,1.0045,20.0,0.0077,0.0099,0.0302,0.1564,0.0,109.14477,0.8932,0.0,1.1185,61.92,1.032,0.33628,0.00965,0.6512,1.83637,-0.08696,0.17327,0.06667,0.25466,0.36779,0.45894,0.95337,0.46667,NORMAL,2026-09-10 06:10:50
0.00659,0.1289,0.03377,0.00015,0.01243,1.0237,20.0,0.0059,0.0052,0.0737,0.0024,0.0,54.39642,0.9217,0.0,0.79031,84.96,1.77,0.3681,-0.04837,0.5273,1.82183,0.25123,0.41409,0.15,0.23579,0.25207,0.33385,0.97595,0.13333,NORMAL,2026-09-10 06:10:50
0.00466,0.1156,0.03348,9e-05,0.00949,0.9633,20.0,0.0092,0.005,0.0669,0.0578,0.0,101.54768,0.899,0.0,1.03133,191.16,1.596,0.28349,-0.12378,0.5538,1.58722,0.37392,0.49788,0.5,0.24834,0.21058,0.29154,0.96777,0.21667,NORMAL,2026-09-10 06:10:50
0.0038,0.0617,0.03413,0.00015,0.01222,0.9465,20.0,0.0083,0.0087,0.0019,0.014,0.0,120.93614,0.894,0.0,1.10304,64.08,0.984,0.35808,0.50679,0.6677,1.84707,-0.02776,0.29383,0.03333,0.23912,0.33601,0.37016,0.96615,0.41667,NORMAL,2026-09-10 06:10:50
0.00505,0.0911,0.03345,0.00014,0.01167,0.9151,20.0,0.009,0.0025,0.0344,0.0004,0.0,101.54768,0.8992,0.0,1.03133,191.16,1.596,0.34892,-0.0085,0.5539,1.81634,0.67239,0.45057,0.25,0.24661,0.25996,0.28947,0.96102,0.5,NORMAL,2026-09-10 06:11:00
0.00376,0.114,0.03516,0.00012,0.01105,1.0156,20.0,0.0071,0.0052,0.013,0.0444,0.0,157.00774,0.8653,0.0,1.48497,65.52,1.068,0.31426,0.10013,0.6481,1.77847,0.76889,0.48477,0.45,0.25085,0.11887,0.39637,0.94193,0.13333,NORMAL,2026-09-10 06:11:00
0.0034,0.1102,0.03317,0.00017,0.01305,0.9568,20.0,0.0072,0.0066,0.012,0.0006,0.0,120.93614,0.8936,0.0,1.11831,82.8,1.572,0.39357,0.34041,0.5577,1.87905,-0.14935,0.15579,0.5,0.26744,0.27952,0.56469,0.9581,0.48333,NORMAL,2026-09-10 06:11:00
0.00302,0.1066,0.03362,0.00013,0.01122,1.0137,20.0,0.0073,0.0107,0.017,0.1587,0.0,87.57453,0.8722,0.0,1.39219,61.92,1.032,0.3336,0.12789,0.6508,1.81013,-0.15595,0.22412,0.06667,0.25261,0.38755,0.38833,0.93433,0.46667,NORMAL,2026-09-10 06:11:00
0.00163,0.0998,0.03576,0.00012,0.01104,0.9444,20.0,0.0085,0.0122,0.2903,0.129,0.0,85.3973,0.8811,0.0,1.26377,157.32,1.836,0.30876,0.07575,0.5192,1.64972,-0.42049,0.29844,0.38333,0.25866,0.1697,0.53185,0.94693,0.4,NORMAL,2026-09-10 06:11:00
0.00219,0.1152,0.03477,0.00012,0.01112,1.0151,20.0,0.0077,0.0107,0.0228,0.0391,0.0,107.07581,0.8638,0.0,1.5004,104.04,1.368,0.31974,0.04068,0.5908,1.75733,-0.24542,0.32836,0.06667,0.24191,0.41006,0.26158,0.94816,0.05,NORMAL,2026-09-10 06:11:10
0.00388,0.0894,0.03379,0.00012,0.011,0.9472,20.0,0.01,0.0025,0.0003,0.0144,0.0,101.54768,0.8984,0.0,1.03133,191.16,1.596,0.32552,0.21337,0.554,1.81083,0.82313,0.4158,0.05,0.23261,0.26505,0.31915,0.96516,0.38333,NORMAL,2026-09-10 06:11:10
0.00346,0.1062,0.03509,0.00014,0.01169,1.0195,20.0,0.0078,0.0052,0.1632,0.0102,0.0,157.00774,0.8649,0.0,1.48497,65.52,1.176,0.3331,-0.30769,0.6258,1.5504,0.08065,0.39796,0.11667,0.27274,0.08992,0.51212,0.97028,0.45,NORMAL,2026-09-10 06:11:10
0.00362,0.1302,0.03304,0.00018,0.01352,0.9496,20.0,0.0088,0.0066,0.1635,0.0,0.0,91.51394,0.8924,0.0,1.11831,66.24,1.116,0.40928,0.36204,0.639,1.87628,-0.33097,0.22347,0.5,0.28132,0.15181,0.62472,0.95222,0.33333,NORMAL,2026-09-10 06:11:10
0.00136,0.131,0.03629,0.00014,0.01192,0.97,20.0,0.0087,0.0122,0.0044,0.1681,0.0,85.3973,0.881,0.0,1.26377,157.32,1.386,0.32844,0.37531,0.584,1.74762,-0.14102,0.22294,0.38333,0.27083,0.18547,0.59159,0.96714,0.36667,NORMAL,2026-09-10 06:11:10
0.00134,0.1169,0.03563,0.00016,0.01248,0.9535,20.0,0.0085,0.0031,0.2162,0.0826,0.0,85.3973,0.9128,0.0,0.87088,157.32,1.728,0.35019,0.19649,0.5345,1.76834,0.21963,0.23115,0.5,0.28133,0.14935,0.6195,0.95672,0.36667,NORMAL,2026-09-10 06:11:20
0.00324,0.1088,0.03294,0.00017,0.01291,0.9627,20.0,0.0105,0.0066,0.0854,0.0207,0.0,89.56285,0.874,0.0,1.33678,71.64,1.194,0.39188,0.33289,0.6238,1.89296,0.00339,0.30483,0.31667,0.27425,0.10923,0.58594,0.94815,0.5,NORMAL,2026-09-10 06:11:20
0.002,0.083,0.0345,0.00012,0.01084,1.0111,20.0,0.0077,0.012,0.0004,0.0461,0.0,107.07581,0.9116,0.0,0.8923,143.64,1.368,0.31412,0.20452,0.5911,1.77382,-0.28031,0.34667,0.06667,0.21575,0.48358,0.16975,0.93145,0.08333,NORMAL,2026-09-10 06:11:20
0.00523,0.0916,0.03327,0.00015,0.01212,1.04,20.0,0.0064,0.0052,0.1162,0.0041,0.0,157.00774,0.8659,0.0,1.48497,78.84,1.572,0.36434,-0.28087,0.5568,1.58894,-0.16162,0.30057,0.41667,0.28629,0.10814,0.59129,0.9608,0.45,NORMAL,2026-09-10 06:11:20
0.00464,0.1113,0.03301,0.00014,0.01167,0.9576,20.0,0.0087,0.0025,0.1683,0.0556,0.0,101.54768,0.9093,0.0,0.91015,191.16,1.596,0.35365,0.33169,0.5539,1.83814,0.57091,0.43777,0.3,0.26597,0.11485,0.44738,0.94364,0.38333,NORMAL,2026-09-10 06:11:20
0.00505,0.0954,0.0333,0.00016,0.01274,0.9429,20.0,0.0089,0.0025,0.0091,0.0018,0.0,101.54768,0.9092,0.0,0.91015,118.08,1.464,0.38253,0.29365,0.5749,1.80549,-0.08372,0.4534,0.3,0.27609,0.07025,0.47635,0.94442,0.31667,NORMAL,2026-09-10 06:11:30
0.00443,0.0726,0.0329,0.00013,0.01143,1.0254,20.0,0.0075,0.0084,0.0178,0.0225,0.0,157.00774,0.865,0.0,1.48497,183.96,3.066,0.34736,-0.23744,0.3933,1.615,-0.25304,0.2913,0.5,0.28868,0.11439,0.5943,0.96815,0.41667,NORMAL,2026-09-10 06:11:30
0.00259,0.1072,0.03467,0.00018,0.01337,0.9612,20.0,0.0093,0.0066,0.0319,0.0015,0.0,89.56285,0.8919,0.0,1.11831,71.64,1.194,0.38576,0.2853,0.6231,1.80243,-0.18904,0.32467,0.31667,0.27042,0.10424,0.57109,0.96242,0.33333,NORMAL,2026-09-10 06:11:30
0.00169,0.1178,0.03517,0.00011,0.01049,1.0031,20.0,0.0073,0.0155,0.1772,0.0174,0.0,107.07581,0.8925,0.0,1.13174,143.64,1.368,0.29821,0.33219,0.5911,1.74759,-0.23029,0.39187,0.1,0.21637,0.45567,0.15246,0.94091,0.08333,NORMAL,2026-09-10 06:11:30
0.0017,0.1244,0.03564,0.00016,0.01264,0.9654,20.0,0.0086,0.0031,0.2103,0.0216,0.0,59.77734,0.919,0.0,0.79508,157.32,1.728,0.35469,0.24415,0.5343,1.76572,0.17599,0.22208,0.36667,0.30074,0.08777,0.69015,0.95964,0.5,NORMAL,2026-09-10 06:11:30
0.00324,0.1089,0.03308,0.00017,0.01316,0.9583,20.0,0.0097,0.0025,0.0078,0.0904,0.0,72.56676,0.9085,0.0,0.91015,118.08,0.984,0.3978,0.38897,0.667,1.80817,-0.25279,0.44092,0.31667,0.27378,0.12431,0.43477,0.96564,0.21667,NORMAL,2026-09-10 06:11:40
0.00401,0.1285,0.03347,0.00013,0.01136,1.0239,20.0,0.0065,0.0084,0.0031,0.0054,0.0,157.00774,0.8658,0.0,1.48497,90.0,1.068,0.33929,-0.18911,0.6487,1.5913,-0.35314,0.38513,0.5,0.29198,0.07245,0.54242,0.96634,0.46667,NORMAL,2026-09-10 06:11:40
0.00446,0.1048,0.03533,0.00017,0.01307,0.9557,20.0,0.0094,0.0066,0.003,0.0108,0.0,89.56285,0.8919,0.0,1.11831,108.0,1.194,0.3699,0.14363,0.6233,1.77775,-0.07728,0.32205,0.31667,0.28253,0.08913,0.58881,0.9562,0.35,NORMAL,2026-09-10 06:11:40
0.00196,0.1104,0.03476,0.00012,0.01099,1.03,20.0,0.0095,0.0081,0.0341,0.0772,0.0,155.56953,0.7587,0.0,3.08585,143.64,1.416,0.31611,-0.02064,0.5826,1.58693,-0.4588,0.54189,0.1,0.22257,0.27144,0.18667,0.94366,0.11667,NORMAL,2026-09-10 06:11:40
0.00141,0.1008,0.03537,0.00015,0.01226,0.9654,20.0,0.0094,0.0031,0.2633,0.0737,0.0,104.37497,0.845,0.0,1.73958,149.76,1.728,0.34648,0.00111,0.5341,1.78336,0.65768,0.25077,0.36667,0.29538,0.07736,0.67187,0.94615,0.35,NORMAL,2026-09-10 06:11:40
0.00112,0.0854,0.03343,0.00016,0.01262,0.9752,20.0,0.0091,0.0031,0.0047,0.0099,0.0,86.24633,0.8808,0.0,1.26216,149.76,1.728,0.37731,0.26833,0.534,1.86842,0.51985,0.35617,0.36667,0.27611,0.10964,0.53419,0.96128,0.21667,NORMAL,2026-09-10 06:11:50
0.00258,0.1252,0.03671,0.00029,0.01689,1.0117,20.0,0.0063,0.0081,0.0522,0.001,0.0,107.07581,0.8976,0.0,1.0775,145.44,1.368,0.45993,3.35829,0.5908,3.3803,18.42759,0.54104,0.25,0.24084,0.17847,0.2805,0.94301,0.26667,NORMAL,2026-09-10 06:11:50
0.00227,0.0854,0.03993,0.00083,0.02888,0.9887,20.0,0.0086,0.0066,0.0007,0.1409,0.0,89.56285,0.8754,0.0,1.33657,108.0,1.194,0.72336,5.45395,0.6233,4.8455,35.31555,0.31507,0.35,0.26265,0.16993,0.515,0.96598,0.41667,NORMAL,2026-09-10 06:11:50
0.0026,0.1279,0.03528,0.00015,0.01225,1.0248,20.0,0.0087,0.0084,0.3304,0.0467,0.0,157.00774,0.8642,0.0,1.48497,90.0,0.876,0.34727,-0.14298,0.6916,1.69361,-0.21041,0.45292,0.16667,0.27011,0.12113,0.42595,0.9638,0.18333,NORMAL,2026-09-10 06:11:50
0.00415,0.0978,0.03598,0.00023,0.01506,0.939,20.0,0.0096,0.0025,0.0765,0.0006,0.0,85.7664,0.8918,0.0,1.11779,118.08,0.984,0.41861,0.44809,0.6668,1.96619,-0.15545,0.32689,0.21667,0.25217,0.26533,0.40778,0.95506,0.08333,NORMAL,2026-09-10 06:11:50
0.0017,0.0758,0.03597,0.00022,0.01469,0.9855,20.0,0.01,0.0121,0.0001,0.0038,0.0,119.04519,0.8275,0.0,1.98409,118.08,1.146,0.40832,0.7726,0.6322,1.97407,0.14184,0.22148,0.41667,0.277,0.23054,0.54798,0.95713,0.48333,NORMAL,2026-09-10 06:12:00
0.00192,0.1291,0.03475,0.00016,0.01275,1.0073,20.0,0.0082,0.0084,0.5148,0.0324,0.0,89.9039,0.9049,0.0,0.76692,90.0,1.068,0.3669,-0.06662,0.6481,1.70902,-0.50767,0.43937,0.16667,0.25359,0.19852,0.36211,0.96049,0.26667,NORMAL,2026-09-10 06:12:00
0.00396,0.1206,0.04259,0.00077,0.02779,0.9795,20.0,0.0097,0.0168,0.0447,0.2532,0.0,147.91652,0.8526,0.0,1.63211,108.0,1.194,0.65233,5.90841,0.6165,4.69348,39.31652,0.37953,0.11667,0.25301,0.20846,0.41201,0.98837,0.46667,NORMAL,2026-09-10 06:12:00
0.0027,0.1017,0.0373,0.00028,0.0168,1.0177,20.0,0.0077,0.0081,0.0522,0.0007,0.0,107.07581,0.8965,0.0,1.0775,145.44,1.524,0.45041,3.31663,0.5647,3.33894,18.37933,0.4164,0.25,0.26825,0.1823,0.4013,0.96452,0.1,NORMAL,2026-09-10 06:12:00
0.00122,0.1274,0.03366,0.00017,0.01316,1.0068,20.0,0.0092,0.0031,0.0084,0.2002,0.0,86.24633,0.8807,0.0,1.26216,149.76,1.728,0.39105,0.26204,0.5299,1.84726,0.25165,0.40988,0.21667,0.2568,0.17325,0.41687,0.97262,0.5,NORMAL,2026-09-10 06:12:00
0.0032,0.1306,0.03612,0.00025,0.01565,0.9942,20.0,0.009,0.0072,0.0004,0.0691,0.0,88.75652,0.8922,0.0,1.11779,94.32,1.5,0.43331,0.51016,0.5687,1.94827,-0.25754,0.32215,0.41667,0.26998,0.21404,0.46381,0.95523,0.48333,NORMAL,2026-09-10 06:12:10
0.00456,0.1542,0.03669,0.00024,0.01549,1.0489,20.0,0.0091,0.0086,0.5986,0.3086,0.0,89.9039,0.9009,0.0,0.76692,90.0,1.068,0.42206,2.11173,0.6399,2.90379,9.46769,0.3496,0.45,0.25913,0.21719,0.43321,0.96877,0.15,NORMAL,2026-09-10 06:12:10
0.00387,0.1343,0.04239,0.00076,0.02752,0.9946,20.0,0.0134,0.0183,0.5585,0.6098,0.0,147.91652,0.8256,0.0,1.63211,108.0,1.194,0.6492,6.11788,0.601,4.72303,41.15051,0.37103,0.46667,0.25014,0.22866,0.40031,0.99695,0.45,NORMAL,2026-09-10 06:12:10
0.00318,0.1154,0.03931,0.0005,0.02239,1.0277,20.0,0.01,0.0069,0.419,0.229,0.0,103.95333,0.842,0.0,1.55361,145.44,1.524,0.56954,2.51473,0.559,3.02143,7.99543,0.38641,0.1,0.27078,0.20325,0.41034,0.96805,0.25,NORMAL,2026-09-10 06:12:10
0.00229,0.0948,0.03316,0.00014,0.01167,0.9705,20.0,0.008,0.0031,0.0105,0.4055,0.0,139.57206,0.8702,0.0,1.41136,102.96,1.752,0.35194,-0.08291,0.5223,1.81095,0.47505,0.36184,0.03333,0.25058,0.24975,0.38841,0.965,0.46667,NORMAL,2026-09-10 06:12:10
0.00101,0.1231,0.03392,0.00016,0.01267,0.9889,20.0,0.0099,0.0069,0.1561,0.445,2.0,139.57206,0.8688,1.0,1.41136,102.96,0.996,0.3735,0.59172,0.6517,2.13968,1.45931,0.30895,0.05,0.24799,0.29808,0.39297,0.96742,0.01667,NORMAL,2026-09-10 06:12:20
0.00303,0.1275,0.04107,0.00058,0.02415,1.0564,20.0,0.0103,0.0069,0.4794,0.5622,1.0,103.95333,0.8559,0.5,1.33603,145.44,1.524,0.58821,2.2174,0.5544,2.86916,5.68402,0.3631,0.1,0.26811,0.21524,0.42167,0.9586,0.28333,WARNING,2026-09-10 06:12:20
0.0033,0.1345,0.03634,0.00023,0.0151,1.0498,20.0,0.0121,0.0101,0.6748,0.3863,0.0,130.96649,0.8596,0.0,1.17249,118.08,1.218,0.41554,2.36555,0.6083,2.93888,10.86715,0.28845,0.45,0.26595,0.17295,0.5386,0.95253,0.43333,WARNING,2026-09-10 06:12:20
0.00339,0.0951,0.03737,0.00028,0.01662,0.9697,20.0,0.0102,0.0072,0.184,0.4797,0.0,88.75652,0.8913,0.0,1.11779,94.68,1.53,0.44476,0.65775,0.5559,2.09093,0.16769,0.52034,0.26667,0.24971,0.1906,0.28905,0.94398,0.43333,NORMAL,2026-09-10 06:12:20
0.00402,0.149,0.04181,0.00078,0.028,0.9776,20.0,0.0203,0.0165,0.7529,0.7373,1.0,147.91652,0.7876,0.5,1.89041,108.0,1.026,0.66984,5.84566,0.6257,4.74426,38.6887,0.35951,0.16667,0.24947,0.24071,0.39977,0.99607,0.01667,WARNING,2026-09-10 06:12:20
0.00298,0.0861,0.03786,0.00025,0.01594,0.984,20.0,0.0082,0.0072,0.0523,0.5967,1.0,89.26515,0.8643,1.0,1.48775,94.68,1.53,0.42113,0.70208,0.5516,2.08138,0.50023,0.56755,0.13333,0.25601,0.12636,0.3061,0.94583,0.26667,NORMAL,2026-09-10 06:12:30
0.00501,0.1481,0.03844,0.00028,0.01664,1.0524,20.0,0.0109,0.0101,0.5734,0.687,1.0,136.42365,0.8646,0.3333,1.17249,114.84,1.602,0.43288,2.14864,0.5383,2.7613,7.58495,0.29816,0.45,0.27669,0.12123,0.58061,0.96638,0.43333,WARNING,2026-09-10 06:12:30
0.0058,0.1573,0.04097,0.00078,0.028,0.9765,20.0,0.0245,0.0164,0.8963,0.8866,2.0,147.91652,0.789,1.0,1.63211,108.0,1.314,0.68346,5.91506,0.5667,4.81117,39.42491,0.3833,0.01667,0.24473,0.27843,0.33827,0.97361,0.16667,WARNING,2026-09-10 06:12:30
0.00279,0.133,0.04056,0.00061,0.02466,1.0593,20.0,0.0123,0.0069,0.7019,0.5715,1.0,71.75399,0.8828,0.5,0.85205,145.44,1.968,0.60795,2.13118,0.4919,2.88004,5.22123,0.29787,0.43333,0.26242,0.18191,0.52022,0.96861,0.33333,WARNING,2026-09-10 06:12:30
0.00128,0.133,0.03497,0.00022,0.01467,0.99,20.0,0.0115,0.0069,0.4626,0.5799,2.0,139.57206,0.8479,1.0,1.41136,102.96,0.942,0.41939,0.82569,0.6632,2.15961,1.33945,0.34596,0.5,0.25517,0.27234,0.3817,0.96518,0.06667,NORMAL,2026-09-10 06:12:30
0.00055,0.1639,0.03682,0.00026,0.01616,1.0088,20.0,0.0125,0.011,0.6652,0.5763,2.0,139.57206,0.8412,1.0,1.41136,133.2,1.128,0.43899,1.60886,0.6256,2.52268,3.75264,0.41784,0.5,0.26922,0.16566,0.4165,0.96362,0.21667,NORMAL,2026-09-10 06:12:40
0.00517,0.1053,0.03872,0.00025,0.01578,0.9593,20.0,0.0088,0.0072,0.2552,0.7262,1.0,88.75652,0.8856,1.0,1.20298,94.68,1.53,0.40746,0.60923,0.5497,2.04479,0.47995,0.5782,0.13333,0.25328,0.10065,0.32114,0.94768,0.48333,NORMAL,2026-09-10 06:12:40
0.00436,0.1283,0.03801,0.00029,0.01699,1.0636,20.0,0.0121,0.0101,0.6677,0.7061,1.0,130.96649,0.8596,0.3333,1.17249,114.84,1.554,0.44703,2.05277,0.5438,2.77797,7.01538,0.32809,0.46667,0.26012,0.18094,0.49097,0.9537,0.05,WARNING,2026-09-10 06:12:40
0.00468,0.1731,0.0429,0.00105,0.03237,1.008,20.0,0.0249,0.0164,0.9161,0.9133,2.0,147.91652,0.7875,1.0,1.63211,61.56,1.026,0.75449,4.67315,0.6119,4.44398,23.65611,0.21561,0.0,0.18111,0.66872,0.11567,0.91578,0.01667,WARNING,2026-09-10 06:12:40
0.00301,0.1256,0.04408,0.00077,0.02776,1.0551,20.0,0.0126,0.0069,0.7589,0.8789,1.0,78.51354,0.8806,0.5,0.85205,91.44,1.524,0.62963,1.81486,0.5442,2.62458,2.84015,0.3096,0.31667,0.27233,0.11655,0.57386,0.95284,0.43333,WARNING,2026-09-10 06:12:40
0.00048,0.1442,0.04002,0.00029,0.0171,0.9968,20.0,0.0107,0.011,0.6251,0.5577,2.0,139.57206,0.8467,1.0,1.41136,133.2,1.128,0.42733,1.3669,0.623,2.33052,2.34464,0.46952,0.5,0.26877,0.11935,0.41113,0.97351,0.21667,NORMAL,2026-09-10 06:12:50
0.00492,0.1713,0.04376,0.00066,0.02575,1.0796,20.0,0.0137,0.0069,0.7223,0.6552,1.0,78.51354,0.8409,0.5,1.35462,91.44,1.524,0.5884,1.67628,0.5502,2.42981,2.38108,0.45161,0.43333,0.25894,0.13314,0.41525,0.95942,0.4,WARNING,2026-09-10 06:12:50
0.00475,0.146,0.0372,0.00028,0.01676,1.0697,20.0,0.0137,0.0101,0.7269,0.6873,1.0,130.96649,0.854,0.3333,1.17249,114.84,1.554,0.45052,2.13452,0.5442,2.83467,7.93149,0.44234,0.05,0.24043,0.24403,0.31363,0.94369,0.15,WARNING,2026-09-10 06:12:50
0.00359,0.1125,0.03974,0.00034,0.01831,0.9953,20.0,0.0117,0.0072,0.4978,0.7098,1.0,77.21914,0.8618,1.0,1.20298,94.68,1.53,0.46084,1.28464,0.5485,2.51518,2.84711,0.65749,0.13333,0.22758,0.13738,0.20513,0.95465,0.16667,NORMAL,2026-09-10 06:12:50
0.00615,0.1587,0.04123,0.00147,0.03832,1.008,20.0,0.0274,0.0116,0.9118,0.9265,2.0,129.22605,0.7981,1.0,1.35598,61.56,1.026,0.92948,5.2666,0.6079,5.17887,29.8732,0.26654,0.01667,0.22613,0.42136,0.31211,0.96297,0.13333,WARNING,2026-09-10 06:12:50
0.00473,0.1266,0.03936,0.00031,0.01769,0.9937,20.0,0.011,0.0072,0.5742,0.5125,1.0,108.25724,0.862,1.0,1.20298,94.68,1.53,0.44941,1.40701,0.5532,2.55016,3.53988,0.53364,0.16667,0.2309,0.16747,0.29889,0.94613,0.13333,NORMAL,2026-09-10 06:13:00
0.00657,0.1614,0.03728,0.00029,0.01688,1.0892,20.0,0.013,0.0101,0.6691,0.7354,1.0,130.96649,0.8571,0.3333,1.17249,114.84,1.554,0.45291,2.05593,0.5429,2.82623,7.63762,0.50845,0.15,0.22698,0.24335,0.2482,0.95108,0.05,WARNING,2026-09-10 06:13:00
0.00792,0.1827,0.04,0.0015,0.03868,0.9916,20.0,0.0239,0.0116,0.9251,0.896,2.0,55.03974,0.8371,1.0,0.91733,83.52,1.194,0.96687,5.2051,0.5807,5.23982,29.35004,0.40197,0.13333,0.26484,0.15206,0.44597,0.96604,0.5,WARNING,2026-09-10 06:13:00
0.0058,0.1572,0.04348,0.00067,0.02584,1.0947,20.0,0.0129,0.0069,0.7962,0.6643,1.0,78.51354,0.8743,0.5,0.91226,120.6,1.098,0.59434,1.69011,0.626,2.43918,2.37518,0.55361,0.21667,0.25208,0.14202,0.30437,0.96049,0.23333,WARNING,2026-09-10 06:13:00
0.00101,0.1737,0.03926,0.0003,0.01734,0.9952,20.0,0.0128,0.011,0.7002,0.3132,2.0,128.71801,0.8445,1.0,1.34422,168.12,1.53,0.44175,1.33601,0.5572,2.36332,2.32958,0.42297,0.4,0.26591,0.12013,0.45689,0.97863,0.26667,NORMAL,2026-09-10 06:13:00
0.00475,0.1503,0.04219,0.00061,0.0247,1.0945,20.0,0.0149,0.0075,0.8413,0.6191,1.0,78.51354,0.8671,0.5,0.91226,120.6,1.098,0.58527,1.80192,0.6287,2.50889,3.13488,0.50107,0.21667,0.25753,0.12166,0.37727,0.95686,0.4,WARNING,2026-09-10 06:13:10
0.00678,0.1977,0.04489,0.00221,0.04706,1.0066,20.0,0.0246,0.0116,0.8795,0.9039,2.0,84.81889,0.7881,1.0,1.64791,83.52,1.194,1.04838,4.09017,0.5801,4.48505,16.77178,0.43746,0.5,0.27396,0.09642,0.46612,0.97913,0.13333,WARNING,2026-09-10 06:13:10
0.00051,0.1712,0.03886,0.00032,0.01796,1.0194,20.0,0.0109,0.011,0.4102,0.4402,2.0,128.71801,0.8553,1.0,1.34422,168.12,1.674,0.46214,1.20881,0.5321,2.37,1.87881,0.33043,0.4,0.26775,0.12423,0.54534,0.97699,0.38333,NORMAL,2026-09-10 06:13:10
0.00453,0.1101,0.03898,0.0003,0.0174,0.9833,20.0,0.0109,0.0139,0.3791,0.2318,1.0,108.25724,0.8227,1.0,1.81588,94.68,1.53,0.44637,1.60689,0.558,2.57834,3.95489,0.42147,0.16667,0.25169,0.14866,0.42986,0.96362,0.33333,NORMAL,2026-09-10 06:13:10
0.00701,0.1575,0.03754,0.00019,0.01369,1.0972,20.0,0.0166,0.0101,0.7446,0.7539,1.0,126.98157,0.7829,0.3333,2.11636,114.84,1.554,0.36473,0.76588,0.5436,2.34209,3.33292,0.42355,0.15,0.25638,0.19221,0.38424,0.95435,0.48333,WARNING,2026-09-10 06:13:10
0.00592,0.2239,0.0454,0.00221,0.04701,1.0348,20.0,0.0252,0.0033,0.9288,0.8936,2.0,71.9262,0.8332,1.0,0.91733,96.12,1.362,1.03557,4.06533,0.5522,4.46289,16.67796,0.43356,0.35,0.26941,0.13384,0.4326,0.97736,0.25,WARNING,2026-09-10 06:13:20
0.00547,0.1685,0.04111,0.00053,0.02297,1.1025,20.0,0.0167,0.0075,0.8306,0.6403,1.0,112.87711,0.7955,0.5,1.88129,120.6,1.098,0.55879,1.94781,0.6263,2.60428,4.24963,0.4301,0.4,0.26223,0.08084,0.48907,0.9519,0.31667,WARNING,2026-09-10 06:13:20
0.00368,0.1379,0.03823,0.00026,0.01616,1.006,20.0,0.0093,0.0139,0.539,0.2008,1.0,108.25724,0.833,1.0,1.67686,80.64,1.788,0.42255,1.77599,0.5204,2.65101,5.47632,0.41333,0.33333,0.25329,0.16425,0.42241,0.97702,0.25,NORMAL,2026-09-10 06:13:20
0.00555,0.1785,0.03713,0.00021,0.01451,1.0978,20.0,0.0168,0.006,0.8017,0.7266,1.0,84.28256,0.8459,0.3333,1.13686,102.6,1.554,0.3907,0.50192,0.545,2.3479,2.60462,0.37905,0.45,0.27604,0.14471,0.47624,0.96506,0.25,WARNING,2026-09-10 06:13:20
0.00088,0.1573,0.03952,0.00032,0.01801,1.0287,20.0,0.0122,0.0133,0.6184,0.4049,2.0,147.04878,0.8236,1.0,1.68841,168.12,1.674,0.45577,1.26161,0.5329,2.33577,2.03355,0.30133,0.4,0.28872,0.11961,0.57905,0.96553,0.2,NORMAL,2026-09-10 06:13:20
0.00041,0.1335,0.03957,0.00028,0.01663,1.0256,20.0,0.0126,0.0133,0.5525,0.3598,2.0,147.04878,0.824,1.0,1.68841,168.12,1.674,0.42012,1.37336,0.5338,2.36285,3.10158,0.44636,0.2,0.24727,0.19883,0.35481,0.97,0.48333,NORMAL,2026-09-10 06:13:30
0.00686,0.2453,0.04887,0.0027,0.05195,1.0181,20.0,0.0259,0.0033,0.9278,0.8917,2.0,95.23804,0.8031,1.0,1.33422,96.12,1.542,1.06319,3.44839,0.5276,4.08979,11.38102,0.43822,0.2,0.25459,0.20726,0.35452,0.97359,0.25,WARNING,2026-09-10 06:13:30
0.00504,0.168,0.04388,0.00073,0.0271,1.1149,20.0,0.0152,0.0059,0.7416,0.7037,1.0,106.3045,0.8497,0.5,1.16917,120.6,1.098,0.61757,1.79145,0.6245,2.67645,3.05973,0.43789,0.31667,0.25993,0.07971,0.4824,0.96732,0.2,WARNING,2026-09-10 06:13:30
0.00678,0.1689,0.03499,0.00017,0.0129,1.1093,20.0,0.0148,0.006,0.7864,0.7241,1.0,84.28256,0.8684,0.3333,0.91547,102.6,1.554,0.3686,-0.37732,0.5419,1.66685,-0.52872,0.36567,0.25,0.24149,0.30522,0.32911,0.97194,0.03333,WARNING,2026-09-10 06:13:30
0.00255,0.1214,0.03906,0.00029,0.01702,1.0367,20.0,0.0074,0.0139,0.3008,0.1103,1.0,108.25724,0.8743,1.0,1.3633,75.96,1.266,0.43583,1.66078,0.6095,2.58307,4.28585,0.35973,0.5,0.24798,0.26594,0.37434,0.96761,0.25,NORMAL,2026-09-10 06:13:30
0.0027,0.1407,0.03836,0.00029,0.01716,1.0154,20.0,0.0072,0.0139,0.3266,0.1989,1.0,108.25724,0.8959,1.0,1.09064,102.24,1.704,0.4473,1.7527,0.5329,2.61924,4.38795,0.30984,0.25,0.25138,0.30354,0.38662,0.96353,0.5,NORMAL,2026-09-10 06:13:40
0.00613,0.194,0.03547,0.00015,0.01232,1.0992,20.0,0.0148,0.006,0.7297,0.8326,1.0,119.46693,0.7953,0.3333,1.99112,102.6,1.194,0.34734,-0.47716,0.5973,1.65526,-0.25791,0.36731,0.31667,0.23746,0.30234,0.33034,0.95749,0.03333,WARNING,2026-09-10 06:13:40
0.00799,0.263,0.04727,0.00266,0.0516,1.0348,20.0,0.0258,0.0033,0.9378,0.888,2.0,95.23804,0.7931,1.0,1.49417,96.12,1.194,1.09182,3.48709,0.583,4.16876,11.91128,0.45134,0.25,0.25276,0.20976,0.3389,0.97662,0.08333,WARNING,2026-09-10 06:13:40
0.00631,0.1622,0.04145,0.00053,0.02309,1.1305,20.0,0.0142,0.0059,0.5691,0.8433,1.0,106.3045,0.8561,0.5,1.16917,120.6,1.098,0.55697,2.217,0.6204,2.90767,6.2432,0.40598,0.31667,0.26731,0.06123,0.53279,0.94317,0.36667,WARNING,2026-09-10 06:13:40
0.00049,0.1604,0.04143,0.00043,0.02077,1.039,20.0,0.0121,0.0133,0.6162,0.2769,2.0,147.04878,0.8239,1.0,1.68841,168.12,1.674,0.50128,2.00889,0.5352,2.693,5.45667,0.48727,0.0,0.21661,0.27775,0.23498,0.96688,0.2,NORMAL,2026-09-10 06:13:40
0.00214,0.148,0.03494,0.00018,0.01345,1.0337,20.0,0.0084,0.0043,0.4167,0.2514,1.0,56.63892,0.8993,1.0,1.03536,79.56,1.326,0.38497,0.63276,0.5934,2.19287,1.38022,0.37598,0.25,0.24766,0.27183,0.35218,0.98122,0.03333,NORMAL,2026-09-10 06:13:50
0.00695,0.181,0.03525,0.00028,0.01664,1.123,20.0,0.0121,0.006,0.524,0.8519,1.0,99.39638,0.8229,0.3333,1.72893,102.6,1.194,0.47198,1.5473,0.5966,2.93438,6.75996,0.34665,0.31667,0.22096,0.29849,0.35486,0.95703,0.06667,WARNING,2026-09-10 06:13:50
0.00735,0.2391,0.0504,0.00251,0.05013,1.052,20.0,0.0285,0.0033,0.9559,0.8624,2.0,95.23804,0.8308,1.0,0.79365,130.32,1.194,0.99458,2.64322,0.5838,3.526,6.28471,0.4523,0.25,0.26408,0.15924,0.38846,0.96237,0.5,WARNING,2026-09-10 06:13:50
0.00614,0.1941,0.04035,0.0005,0.0223,1.1459,20.0,0.0146,0.0047,0.6815,0.8007,1.0,127.17191,0.8509,0.5,1.1911,126.0,1.86,0.55263,2.30988,0.5023,2.99285,7.57507,0.349,0.31667,0.27571,0.06819,0.58282,0.95323,0.36667,WARNING,2026-09-10 06:13:50
7e-05,0.1723,0.04119,0.00048,0.02201,1.0594,20.0,0.0114,0.0133,0.431,0.6891,2.0,147.04878,0.8291,1.0,1.68841,100.44,1.674,0.5344,2.03372,0.528,2.67267,4.80294,0.4616,0.08333,0.2326,0.2959,0.2425,0.94176,0.11667,NORMAL,2026-09-10 06:13:50
0.00114,0.1605,0.04222,0.00058,0.024,1.0489,20.0,0.0118,0.0133,0.5888,0.5325,2.0,147.04878,0.8252,1.0,1.68841,104.76,1.746,0.56854,2.09407,0.5211,2.57069,4.25464,0.43116,0.08333,0.20181,0.43126,0.13758,0.95345,0.11667,NORMAL,2026-09-10 06:14:00
0.00629,0.1761,0.03907,0.00051,0.02258,1.1586,20.0,0.0126,0.0047,0.3873,0.8012,1.0,127.17191,0.8294,0.5,1.66092,111.6,0.93,0.57809,2.34995,0.658,3.0578,7.6036,0.34912,0.35,0.27193,0.10396,0.54692,0.97323,0.33333,WARNING,2026-09-10 06:14:00
0.00906,0.2561,0.0545,0.00309,0.05556,1.0445,20.0,0.0265,0.0033,0.9284,0.9079,2.0,107.69725,0.8041,1.0,1.29392,152.28,1.494,1.01948,2.42834,0.532,3.22074,4.83686,0.48697,0.2,0.26808,0.14115,0.37188,0.95646,0.25,WARNING,2026-09-10 06:14:00
0.00854,0.1862,0.03599,0.00035,0.01868,1.1462,20.0,0.0103,0.006,0.5775,0.7811,1.0,98.75242,0.8925,0.3333,0.83359,71.64,1.194,0.51904,1.58722,0.5973,2.8212,4.91444,0.33243,0.31667,0.21218,0.35353,0.31404,0.92483,0.06667,WARNING,2026-09-10 06:14:00
0.00299,0.145,0.03554,0.00018,0.01328,1.0597,20.0,0.0086,0.0043,0.4478,0.3614,1.0,56.63892,0.9066,1.0,0.94398,116.64,1.554,0.37371,0.58777,0.552,2.16348,1.4945,0.44235,0.06667,0.22723,0.26196,0.29568,0.95534,0.13333,NORMAL,2026-09-10 06:14:00
0.00383,0.1597,0.03606,0.0002,0.01427,1.0299,20.0,0.0091,0.0018,0.507,0.3633,1.0,57.00298,0.8877,1.0,0.95005,116.64,1.554,0.39558,0.11735,0.5511,2.11684,1.28959,0.3954,0.11667,0.23525,0.26497,0.33963,0.96478,0.13333,NORMAL,2026-09-10 06:14:10
0.00816,0.1857,0.03569,0.00046,0.02138,1.1487,20.0,0.012,0.006,0.6732,0.7553,1.0,98.75242,0.8632,0.3333,1.12577,71.64,1.194,0.59914,2.12044,0.6019,2.91509,5.99796,0.50705,0.18333,0.22249,0.21738,0.27557,0.948,0.08333,WARNING,2026-09-10 06:14:10
0.00901,0.2742,0.05096,0.00243,0.04933,1.06,20.0,0.0303,0.0033,0.9487,0.8646,2.0,107.69725,0.793,1.0,1.29392,171.72,2.064,0.96803,2.62774,0.4653,3.4287,6.12576,0.53315,0.2,0.24799,0.17043,0.29642,0.97249,0.18333,WARNING,2026-09-10 06:14:10
0.00758,0.2042,0.03717,0.00037,0.01924,1.1708,20.0,0.0103,0.0047,0.4731,0.7583,1.0,127.17191,0.8667,0.5,1.1911,111.6,0.93,0.51775,2.78408,0.6606,3.29562,11.92191,0.35449,0.01667,0.25899,0.23583,0.40968,0.96627,0.2,WARNING,2026-09-10 06:14:10
0.0003,0.1832,0.04365,0.00062,0.02497,1.0513,20.0,0.0105,0.014,0.4869,0.7149,2.0,147.04878,0.8302,1.0,1.68841,82.8,1.38,0.5719,1.98414,0.5731,2.48273,3.33856,0.44469,0.1,0.20952,0.39094,0.16437,0.9615,0.11667,NORMAL,2026-09-10 06:14:10
0.0025,0.1303,0.03657,0.00024,0.01562,1.0523,20.0,0.0101,0.0018,0.3052,0.3766,1.0,159.71979,0.8633,1.0,1.48263,116.64,1.554,0.42699,0.43882,0.5512,2.06462,1.26103,0.35175,0.5,0.24216,0.28646,0.36179,0.96587,0.15,NORMAL,2026-09-10 06:14:20
0.00803,0.2016,0.03868,0.00052,0.0227,1.1452,20.0,0.0118,0.007,0.6269,0.7068,1.0,144.72114,0.8169,0.3333,1.80258,71.64,1.194,0.58693,2.08491,0.6044,2.704,4.88663,0.51922,0.21667,0.2389,0.17799,0.30279,0.96336,0.2,WARNING,2026-09-10 06:14:20
0.00756,0.2928,0.05106,0.00242,0.0492,1.0635,20.0,0.0291,0.0097,0.9208,0.8841,2.0,107.69725,0.7872,1.0,1.45275,152.28,2.01,0.96351,2.65194,0.4688,3.42964,6.19251,0.52282,0.2,0.24304,0.16817,0.30901,0.95334,0.21667,WARNING,2026-09-10 06:14:20
0.00603,0.1759,0.03691,0.00037,0.01914,1.1544,20.0,0.0117,0.0047,0.3689,0.7288,1.0,127.17191,0.8657,0.5,1.1911,108.0,1.8,0.51859,2.86466,0.5103,3.31801,12.40345,0.33778,0.5,0.22788,0.37484,0.28738,0.94101,0.0,WARNING,2026-09-10 06:14:20
0.00035,0.1791,0.0431,0.0006,0.02444,1.0807,20.0,0.0092,0.014,0.5694,0.658,2.0,90.35511,0.8748,1.0,1.09932,127.08,1.692,0.56702,2.11916,0.5267,2.51964,3.91909,0.39255,0.05,0.2329,0.32705,0.2804,0.96588,0.1,NORMAL,2026-09-10 06:14:20
0.00814,0.19,0.03359,0.00011,0.01031,1.1904,20.0,0.0083,0.0047,0.3836,0.6396,1.0,127.17191,0.887,0.5,1.1911,151.56,2.526,0.307,-0.38217,0.4302,1.47805,-0.36496,0.40382,0.5,0.25489,0.19948,0.3967,0.96638,0.48333,WARNING,2026-09-10 06:14:30
0.00829,0.2979,0.04891,0.00194,0.044,1.0855,20.0,0.0266,0.0097,0.9152,0.9109,2.0,107.69725,0.8043,1.0,1.29392,152.28,1.494,0.89953,2.90995,0.5326,3.69542,8.27906,0.45987,0.21667,0.24881,0.18498,0.35515,0.97039,0.2,WARNING,2026-09-10 06:14:30
0.00088,0.1604,0.04298,0.0006,0.02444,1.0678,20.0,0.0099,0.014,0.5882,0.6516,2.0,90.35511,0.8728,1.0,1.09932,127.08,1.362,0.56857,2.13594,0.5759,2.5252,3.96799,0.35,0.05,0.25107,0.28604,0.36396,0.96395,0.26667,NORMAL,2026-09-10 06:14:30
0.00215,0.1288,0.03541,0.00021,0.01462,1.0767,20.0,0.0101,0.0018,0.1847,0.3779,1.0,159.71979,0.8633,1.0,1.48263,116.64,1.554,0.41292,0.23339,0.5515,2.13811,1.03147,0.53258,0.15,0.24716,0.17797,0.28945,0.96544,0.05,NORMAL,2026-09-10 06:14:30
0.00717,0.2238,0.03985,0.00057,0.02385,1.1611,20.0,0.0171,0.007,0.8217,0.7484,1.0,144.72114,0.7997,0.3333,1.80258,69.84,0.894,0.59859,1.86313,0.6659,2.61115,3.56768,0.43844,0.1,0.26684,0.17863,0.38293,0.95646,0.21667,WARNING,2026-09-10 06:14:30
0.00082,0.1591,0.03569,0.00026,0.01606,1.0863,20.0,0.0097,0.0018,0.1577,0.2876,1.0,159.71979,0.8636,1.0,1.48263,120.96,1.638,0.44994,0.6532,0.5401,2.28989,1.83732,0.60053,0.15,0.24121,0.14079,0.25869,0.9663,0.16667,NORMAL,2026-09-10 06:14:40
0.00969,0.1907,0.03972,0.00059,0.02428,1.1572,20.0,0.0188,0.007,0.8268,0.6471,1.0,144.72114,0.795,0.3333,1.80258,69.84,1.002,0.61124,1.74438,0.6462,2.60535,3.21632,0.45833,0.4,0.25641,0.17528,0.36639,0.94734,0.1,WARNING,2026-09-10 06:14:40
0.01109,0.2931,0.05089,0.00192,0.04386,1.0503,20.0,0.0234,0.0146,0.8398,0.9147,2.0,107.69725,0.8153,1.0,1.29392,152.28,1.494,0.86187,2.91362,0.533,3.61772,8.13597,0.29781,0.0,0.21883,0.42417,0.27802,0.96336,0.01667,WARNING,2026-09-10 06:14:40
0.00825,0.2217,0.03208,0.00012,0.01086,1.1999,20.0,0.0111,0.0047,0.6654,0.6676,1.0,83.13047,0.8611,0.5,1.1911,108.0,1.8,0.33859,-0.16422,0.5104,1.53657,-0.56872,0.4485,0.16667,0.24591,0.17942,0.37208,0.96159,0.23333,WARNING,2026-09-10 06:14:40
0.00088,0.1746,0.03915,0.00039,0.01984,1.0661,20.0,0.0111,0.0176,0.6058,0.4958,2.0,90.35511,0.869,1.0,1.09932,127.08,1.362,0.50669,2.50979,0.5809,2.76828,6.61173,0.40167,0.05,0.24002,0.26835,0.32997,0.97105,0.4,NORMAL,2026-09-10 06:14:40
0.0028,0.1493,0.03559,0.00023,0.01524,1.0512,20.0,0.0111,0.0018,0.3302,0.0648,1.0,159.71979,0.8465,1.0,1.48263,120.96,1.554,0.42817,0.96462,0.5602,2.31496,2.57525,0.51196,0.25,0.25763,0.13891,0.34913,0.96597,0.15,NORMAL,2026-09-10 06:14:50
0.00912,0.2252,0.04201,0.00069,0.02627,1.1696,20.0,0.0149,0.0074,0.6273,0.7874,1.0,144.72114,0.8092,0.3333,1.80258,69.84,0.912,0.6252,1.85304,0.6625,2.8181,3.59443,0.59318,0.38333,0.24634,0.11966,0.28716,0.94864,0.11667,WARNING,2026-09-10 06:14:50
0.0096,0.34,0.04438,0.00105,0.03234,1.0909,20.0,0.0231,0.0146,0.8918,0.9255,2.0,107.69725,0.8038,1.0,1.4623,128.16,1.338,0.72867,4.55387,0.558,4.42381,23.7198,0.46567,0.33333,0.23996,0.18315,0.35118,0.96787,0.28333,WARNING,2026-09-10 06:14:50
0.00729,0.2191,0.03295,0.00013,0.0112,1.1999,20.0,0.0122,0.0112,0.7989,0.6577,1.0,60.46058,0.8817,0.5,0.84584,108.0,1.8,0.34009,0.10104,0.5107,1.62218,-0.67076,0.54422,0.16667,0.24035,0.15668,0.2991,0.95049,0.33333,WARNING,2026-09-10 06:14:50
0.0021,0.1861,0.03812,0.00033,0.01827,1.1113,20.0,0.01,0.0165,0.6511,0.4641,2.0,90.35511,0.8713,1.0,1.09932,127.08,1.692,0.4794,2.56023,0.5285,2.87385,8.1621,0.50017,0.18333,0.23355,0.22699,0.27285,0.96738,0.4,NORMAL,2026-09-10 06:14:50
0.00725,0.1976,0.03298,0.00013,0.01135,1.2049,20.0,0.0119,0.0102,0.7363,0.6995,1.0,60.46058,0.8739,0.5,0.97297,108.0,1.8,0.34425,0.01029,0.5092,1.61834,-0.66965,0.564,0.16667,0.23213,0.17662,0.25939,0.94448,0.15,WARNING,2026-09-10 06:15:00
0.00952,0.3418,0.04363,0.0009,0.02992,1.1121,20.0,0.024,0.0146,0.8875,0.9316,2.0,112.5255,0.771,1.0,1.95303,128.16,1.164,0.68583,4.21426,0.5834,4.13161,20.47695,0.53314,0.28333,0.2497,0.15536,0.3115,0.97092,0.3,WARNING,2026-09-10 06:15:00
0.00049,0.1586,0.03731,0.00022,0.01477,1.1126,20.0,0.0112,0.0157,0.5874,0.3185,2.0,79.10284,0.863,1.0,1.17941,127.08,1.932,0.39593,1.98719,0.4994,2.60486,6.25103,0.35183,0.31667,0.22818,0.29394,0.35423,0.97355,0.03333,NORMAL,2026-09-10 06:15:00
0.00113,0.1689,0.03523,0.0003,0.01742,1.1006,20.0,0.0104,0.0018,0.1692,0.2847,1.0,159.71979,0.863,1.0,1.48263,120.96,1.092,0.49456,1.45724,0.6386,2.52036,3.38071,0.47327,0.45,0.27327,0.13109,0.39564,0.95807,0.3,NORMAL,2026-09-10 06:15:00
0.00954,0.2202,0.04111,0.00063,0.02508,1.1797,20.0,0.0131,0.0074,0.5882,0.9091,1.0,144.72114,0.8144,0.3333,1.80258,67.68,0.822,0.61017,2.0806,0.6772,2.89932,4.80562,0.54211,0.36667,0.23893,0.14548,0.31241,0.96261,0.11667,WARNING,2026-09-10 06:15:00
0.00164,0.1564,0.03595,0.00027,0.01647,1.1023,20.0,0.013,0.0145,0.4836,0.4805,1.0,71.35416,0.86,1.0,1.18924,120.96,1.092,0.45819,1.86733,0.6358,2.5044,4.17027,0.49607,0.26667,0.27789,0.1267,0.37723,0.94095,0.28333,NORMAL,2026-09-10 06:15:10
0.00857,0.2213,0.04344,0.00081,0.0284,1.1981,20.0,0.0125,0.0074,0.5637,0.8926,1.0,144.72114,0.8164,0.3333,1.80258,82.8,1.566,0.65362,1.98152,0.5387,2.76219,3.86736,0.37146,0.36667,0.25924,0.16704,0.46151,0.9661,0.38333,WARNING,2026-09-10 06:15:10
0.01027,0.3331,0.04332,0.00089,0.0299,1.1245,20.0,0.026,0.0146,0.9012,0.9312,2.0,79.61936,0.8042,1.0,1.32699,69.84,1.164,0.69008,4.26453,0.5878,4.1527,20.72893,0.51902,0.25,0.25691,0.16972,0.31126,0.96988,0.3,WARNING,2026-09-10 06:15:10
0.00873,0.191,0.03386,0.00013,0.01143,1.2468,20.0,0.0133,0.0102,0.7073,0.6728,1.0,91.31801,0.8307,0.5,1.52197,124.2,2.502,0.33742,-0.15471,0.4332,1.5796,-0.64961,0.4769,0.16667,0.21988,0.31698,0.20612,0.95794,0.1,WARNING,2026-09-10 06:15:10
0.00093,0.1753,0.03659,0.00015,0.01235,1.1236,20.0,0.013,0.0128,0.5522,0.5585,2.0,185.07188,0.7871,1.0,2.24302,127.08,1.362,0.33758,0.78164,0.578,2.06026,1.38857,0.29885,0.31667,0.26037,0.17816,0.52298,0.96712,0.33333,NORMAL,2026-09-10 06:15:10
0.00144,0.2073,0.03797,0.00027,0.01651,1.1212,20.0,0.0131,0.0128,0.5529,0.6405,2.0,185.07188,0.7869,1.0,2.24302,60.84,1.176,0.43494,2.21457,0.6107,2.90694,8.81145,0.34441,0.31667,0.26344,0.14393,0.51166,0.96179,0.3,NORMAL,2026-09-10 06:15:20
0.00846,0.2383,0.03373,0.00012,0.01107,1.2382,20.0,0.0117,0.0102,0.7625,0.5935,1.0,58.37824,0.8741,0.5,0.97297,102.96,1.416,0.32812,-0.18711,0.569,1.58982,-0.46383,0.40273,0.08333,0.22782,0.35053,0.24674,0.96383,0.1,WARNING,2026-09-10 06:15:20
0.01041,0.3501,0.04317,0.00089,0.02989,1.1195,20.0,0.0266,0.0146,0.896,0.9366,2.0,138.45233,0.8028,1.0,1.32699,69.84,1.164,0.69237,4.28335,0.5858,4.16303,20.83767,0.4753,0.25,0.26278,0.15287,0.37183,0.98127,0.2,WARNING,2026-09-10 06:15:20
0.00058,0.1402,0.03589,0.00026,0.01621,1.1261,20.0,0.0145,0.0145,0.4887,0.6213,1.0,106.50463,0.8553,1.0,1.19819,120.96,1.008,0.4517,1.74252,0.6461,2.51476,3.90512,0.45886,0.26667,0.27435,0.1345,0.40664,0.97153,0.25,NORMAL,2026-09-10 06:15:20
0.0106,0.2283,0.04256,0.00072,0.02681,1.2072,20.0,0.0117,0.0074,0.6245,0.9094,1.0,67.49843,0.8922,0.3333,0.77431,62.64,0.822,0.62984,2.19381,0.6728,2.84979,5.20961,0.29575,0.36667,0.26024,0.2028,0.50145,0.95521,0.03333,WARNING,2026-09-10 06:15:20
0.00169,0.1799,0.03531,0.00027,0.01637,1.1179,20.0,0.0135,0.0145,0.4552,0.6818,1.0,106.50463,0.8586,1.0,1.19819,94.32,1.572,0.46368,1.76461,0.5444,2.54467,3.90127,0.46087,0.25,0.26937,0.13161,0.40752,0.9586,0.5,NORMAL,2026-09-10 06:15:30
0.00946,0.2522,0.04238,0.00067,0.02593,1.2089,20.0,0.0147,0.0074,0.8663,0.9138,1.0,67.49843,0.887,0.3333,0.65757,100.08,0.834,0.61184,2.35142,0.6716,2.88479,6.17898,0.22653,0.03333,0.25122,0.31429,0.45917,0.97246,0.36667,WARNING,2026-09-10 06:15:30
0.01149,0.3633,0.04156,0.00089,0.02975,1.1331,20.0,0.0273,0.0146,0.8922,0.9176,2.0,138.45233,0.7904,1.0,1.49134,69.84,1.164,0.71594,4.49235,0.5847,4.27714,22.23421,0.46706,0.2,0.26067,0.14743,0.38551,0.99025,0.35,WARNING,2026-09-10 06:15:30
0.01061,0.2502,0.03512,0.00012,0.0111,1.2588,20.0,0.0131,0.0102,0.8025,0.5307,1.0,58.37824,0.8689,0.5,0.97297,84.96,1.416,0.31592,-0.22363,0.5699,1.53241,-0.39363,0.4019,0.08333,0.23433,0.2474,0.3507,0.98071,0.15,WARNING,2026-09-10 06:15:30
0.00149,0.192,0.03645,0.00028,0.01661,1.1261,20.0,0.0139,0.0128,0.6257,0.3461,2.0,185.07188,0.7837,1.0,2.24302,60.12,1.002,0.45568,2.36278,0.6491,3.00525,9.35688,0.35531,0.3,0.25172,0.24431,0.40038,0.9652,0.31667,NORMAL,2026-09-10 06:15:30
0.00828,0.2028,0.03592,0.00013,0.01136,1.2376,20.0,0.0148,0.0102,0.769,0.6436,1.0,75.86672,0.8319,0.5,1.42659,84.96,1.416,0.31621,0.30227,0.5663,1.9098,0.64932,0.37355,0.43333,0.25732,0.1479,0.47855,0.96684,0.13333,WARNING,2026-09-10 06:15:40
0.00122,0.2031,0.03746,0.00029,0.01706,1.1214,20.0,0.0137,0.0128,0.4887,0.1054,2.0,185.07188,0.7868,1.0,2.24302,56.52,0.918,0.45545,1.9883,0.675,2.92395,7.6733,0.31137,0.3,0.25558,0.25591,0.43272,0.96875,0.31667,NORMAL,2026-09-10 06:15:40
0.01264,0.2504,0.04457,0.00076,0.02762,1.2266,20.0,0.0171,0.0104,0.9517,0.8201,1.0,67.49843,0.877,0.3333,0.65757,84.6,0.894,0.61983,2.15885,0.662,2.7335,4.57243,0.20954,0.05,0.25851,0.31086,0.4796,0.97218,0.03333,WARNING,2026-09-10 06:15:40
0.00048,0.1654,0.0344,0.00022,0.01493,1.1417,20.0,0.0109,0.0107,0.2534,0.7899,1.0,106.50463,0.8844,1.0,1.19819,82.44,0.87,0.43409,1.69703,0.6712,2.64087,4.45871,0.53019,0.25,0.25141,0.17074,0.29907,0.94536,0.5,NORMAL,2026-09-10 06:15:40
0.01062,0.3999,0.03935,0.00069,0.02618,1.1118,20.0,0.0264,0.0023,0.883,0.9029,2.0,138.45233,0.8035,1.0,1.32699,95.04,1.632,0.66521,5.35359,0.5139,4.62413,34.52496,0.45878,0.2,0.25864,0.15698,0.38424,0.97646,0.41667,WARNING,2026-09-10 06:15:40
0.00178,0.1635,0.03875,0.00034,0.01834,1.1129,20.0,0.0118,0.0107,0.3265,0.3117,1.0,106.50463,0.8659,1.0,1.19819,222.48,1.854,0.47323,1.37952,0.5098,2.34058,2.27339,0.4839,0.26667,0.24364,0.25607,0.26003,0.95316,0.5,NORMAL,2026-09-10 06:15:50
0.00877,0.2778,0.04222,0.00055,0.02355,1.2117,20.0,0.0156,0.0145,0.8483,0.8484,1.0,131.09575,0.7793,0.3333,2.18493,91.44,0.894,0.55765,2.53232,0.6634,2.96367,7.36386,0.27432,0.05,0.25068,0.30743,0.41826,0.96204,0.08333,WARNING,2026-09-10 06:15:50
0.01044,0.4006,0.03972,0.00069,0.02629,1.1445,20.0,0.0259,0.0023,0.8822,0.9193,2.0,138.45233,0.805,1.0,1.32699,113.76,1.164,0.66184,5.24309,0.5844,4.58847,33.61197,0.28091,0.33333,0.24148,0.2437,0.4754,0.95227,0.31667,WARNING,2026-09-10 06:15:50
0.01013,0.2161,0.03726,0.0002,0.01426,1.2598,20.0,0.0175,0.0102,0.8607,0.5465,1.0,91.73697,0.8433,0.5,1.1265,84.96,1.518,0.38286,1.82865,0.5503,2.5521,5.95775,0.20169,0.46667,0.29797,0.12682,0.67149,0.9451,0.45,WARNING,2026-09-10 06:15:50
0.00142,0.2161,0.03809,0.00033,0.01807,1.1378,20.0,0.0118,0.0128,0.3143,0.1845,2.0,185.07188,0.7944,1.0,2.24302,71.28,0.918,0.47446,2.17122,0.6739,2.85556,7.46167,0.2977,0.3,0.25174,0.28114,0.42116,0.96348,0.03333,NORMAL,2026-09-10 06:15:50
0.0008,0.1754,0.03848,0.00027,0.0165,1.1592,20.0,0.0105,0.0067,0.1879,0.3211,1.0,106.50463,0.8521,1.0,1.6316,187.92,1.854,0.4288,1.10124,0.5103,2.39611,2.22113,0.25445,0.08333,0.22088,0.49516,0.25039,0.94546,0.06667,NORMAL,2026-09-10 06:16:00
0.01106,0.2906,0.0426,0.00062,0.02488,1.2253,20.0,0.0164,0.0044,0.9445,0.7485,1.0,44.64989,0.8674,0.3333,0.81753,159.12,1.428,0.58406,2.22099,0.5649,2.90456,5.65697,0.40981,0.2,0.24713,0.29587,0.29432,0.95676,0.08333,WARNING,2026-09-10 06:16:00
0.01148,0.4026,0.04376,0.00152,0.03903,1.1301,20.0,0.0292,0.0023,0.9071,0.9253,2.0,138.45233,0.7952,1.0,1.32699,113.76,1.086,0.89198,4.53265,0.598,4.41957,21.0276,0.26823,0.0,0.22736,0.35134,0.38043,0.93097,0.33333,WARNING,2026-09-10 06:16:00
0.00949,0.2559,0.03733,0.00019,0.01385,1.2737,20.0,0.0132,0.0182,0.7853,0.476,1.0,91.73697,0.885,0.5,0.76447,84.96,1.518,0.37104,2.0818,0.5513,2.55667,6.76533,0.20414,0.48333,0.28947,0.18462,0.61124,0.96055,0.5,WARNING,2026-09-10 06:16:00
0.00254,0.2199,0.03724,0.00033,0.01819,1.1449,20.0,0.012,0.0128,0.2849,0.3165,2.0,134.58092,0.7948,1.0,2.24302,147.6,2.46,0.48844,2.24498,0.4414,2.90465,7.60421,0.36871,0.03333,0.22836,0.31967,0.31163,0.96574,0.3,NORMAL,2026-09-10 06:16:00
0.00044,0.2449,0.03841,0.00037,0.01936,1.1439,20.0,0.01,0.0141,0.388,0.5825,2.0,78.04527,0.882,1.0,1.02465,95.04,1.584,0.50386,2.18741,0.5418,2.79905,6.10051,0.40089,0.38333,0.24301,0.21196,0.38715,0.98243,0.23333,NORMAL,2026-09-10 06:16:10
0.0112,0.2202,0.0381,0.00021,0.01438,1.2763,20.0,0.0131,0.0147,0.5387,0.5899,1.0,91.73697,0.8558,0.5,1.22539,75.24,1.518,0.37738,1.78524,0.5482,2.49986,5.2628,0.35722,0.5,0.25065,0.2445,0.39828,0.96188,0.48333,WARNING,2026-09-10 06:16:10
0.0007,0.1732,0.03926,0.00028,0.01685,1.1438,20.0,0.0119,0.0067,0.2799,0.2178,1.0,106.50463,0.7871,1.0,2.37005,187.92,1.854,0.42925,0.91767,0.5125,2.34863,1.67808,0.17473,0.06667,0.21075,0.59825,0.22702,0.94521,0.03333,NORMAL,2026-09-10 06:16:10
0.01108,0.2703,0.0386,0.00033,0.01822,1.2249,20.0,0.015,0.0044,0.9012,0.7997,1.0,99.97439,0.8717,0.3333,0.83312,159.12,1.428,0.47201,2.0539,0.5626,2.87196,7.15237,0.42734,0.06667,0.24038,0.27311,0.29955,0.9719,0.31667,WARNING,2026-09-10 06:16:10
0.01264,0.4439,0.04298,0.00154,0.03929,1.15,20.0,0.0287,0.0023,0.9119,0.91,2.0,138.45233,0.8018,1.0,1.24545,113.76,1.086,0.91416,4.48983,0.5986,4.45103,20.77634,0.42062,0.21667,0.26076,0.20473,0.37465,0.96603,0.33333,WARNING,2026-09-10 06:16:10
0.00045,0.1736,0.03874,0.00027,0.01636,1.1539,20.0,0.0108,0.0067,0.4003,0.2273,1.0,100.46201,0.8321,1.0,1.67437,187.92,1.854,0.42224,0.93923,0.5125,2.38599,2.24122,0.17949,0.05,0.21668,0.5486,0.27191,0.95431,0.03333,NORMAL,2026-09-10 06:16:20
0.01253,0.3004,0.03765,0.00037,0.01913,1.26,20.0,0.0146,0.0037,0.8943,0.6827,1.0,99.97439,0.873,0.3333,0.83312,159.12,2.13,0.50821,1.86926,0.4705,2.90317,5.98075,0.40626,0.31667,0.25801,0.14217,0.45157,0.96979,0.33333,WARNING,2026-09-10 06:16:20
0.01194,0.4443,0.04528,0.00196,0.04431,1.1454,20.0,0.0276,0.0023,0.9262,0.8909,2.0,104.79137,0.8075,1.0,1.19268,113.76,1.014,0.97846,3.75091,0.6133,4.09206,13.7034,0.4272,0.21667,0.26002,0.21189,0.36091,0.9751,0.48333,WARNING,2026-09-10 06:16:20
0.00958,0.2194,0.04203,0.00054,0.02327,1.3001,20.0,0.0106,0.0134,0.2865,0.5844,1.0,91.73697,0.8917,0.5,1.10883,101.52,1.518,0.55369,2.24813,0.5501,2.92223,5.69131,0.40317,0.1,0.22109,0.33449,0.26234,0.96166,0.5,WARNING,2026-09-10 06:16:20
0.00151,0.2351,0.03586,0.00027,0.01655,1.1623,20.0,0.0124,0.003,0.4943,0.8952,2.0,78.04527,0.8735,1.0,1.02465,76.68,0.834,0.4617,1.72884,0.6707,2.58913,5.02371,0.39394,0.38333,0.26377,0.13323,0.47283,0.97495,0.25,NORMAL,2026-09-10 06:16:20
0.00143,0.1786,0.03833,0.00027,0.01643,1.1567,20.0,0.0125,0.0067,0.5081,0.407,1.0,127.22786,0.8528,1.0,1.29589,187.92,1.854,0.42879,0.99001,0.5099,2.40601,2.23813,0.19844,0.05,0.2553,0.31106,0.4905,0.96299,0.41667,NORMAL,2026-09-10 06:16:30
0.0106,0.2722,0.03657,0.00036,0.01888,1.2593,20.0,0.0141,0.0037,0.8555,0.7377,1.0,99.97439,0.8754,0.3333,0.83312,159.12,1.428,0.51642,1.99119,0.5661,2.97937,6.84434,0.42539,0.2,0.2557,0.1549,0.4197,0.97877,0.31667,WARNING,2026-09-10 06:16:30
0.01262,0.4284,0.04627,0.00195,0.04417,1.1792,20.0,0.0275,0.0023,0.9263,0.9293,2.0,104.79137,0.8115,1.0,1.14068,113.76,1.014,0.95448,3.72228,0.6087,4.0525,13.57923,0.42966,0.26667,0.26098,0.19581,0.37453,0.97613,0.46667,WARNING,2026-09-10 06:16:30
0.01172,0.2639,0.04156,0.00068,0.02606,1.318,20.0,0.0101,0.0047,0.2977,0.5833,1.0,91.73697,0.8706,0.5,1.38464,101.52,1.518,0.62709,1.92322,0.5523,2.86291,3.7944,0.34662,0.03333,0.247,0.2842,0.36917,0.9639,0.28333,WARNING,2026-09-10 06:16:30
0.00209,0.24,0.03673,0.00028,0.01673,1.1724,20.0,0.0133,0.003,0.623,0.7469,2.0,78.04527,0.8682,1.0,1.02465,76.68,0.834,0.45551,1.52284,0.6795,2.53295,4.36924,0.40547,0.26667,0.27666,0.12831,0.46622,0.95947,0.45,NORMAL,2026-09-10 06:16:30
0.01142,0.2343,0.04381,0.00078,0.02799,1.3159,20.0,0.0077,0.0047,0.1087,0.6606,1.0,85.45168,0.894,0.5,1.10883,101.52,1.518,0.63888,1.85599,0.5488,2.7015,3.19194,0.32166,0.28333,0.26628,0.18509,0.49325,0.94402,0.26667,WARNING,2026-09-10 06:16:40
0.00227,0.2364,0.03689,0.00026,0.0161,1.1802,20.0,0.0113,0.003,0.5708,0.6894,2.0,78.04527,0.8749,1.0,1.02465,126.0,1.332,0.43643,1.72424,0.5858,2.53979,5.40716,0.50391,0.16667,0.26931,0.08899,0.40711,0.96146,0.46667,NORMAL,2026-09-10 06:16:40
0.01228,0.2978,0.0367,0.00036,0.01889,1.2656,20.0,0.0142,0.0037,0.8509,0.7652,1.0,99.97439,0.8751,0.3333,0.83312,159.12,1.428,0.51461,2.13659,0.5646,3.03881,7.77171,0.50469,0.2,0.22867,0.23539,0.25992,0.95532,0.18333,WARNING,2026-09-10 06:16:40
0.00109,0.2118,0.03867,0.00026,0.01622,1.1904,20.0,0.0102,0.0067,0.5224,0.5926,1.0,155.50642,0.8582,1.0,1.29589,187.92,1.854,0.41957,0.99863,0.5066,2.39235,2.33041,0.20888,0.41667,0.28143,0.1619,0.62922,0.96873,0.43333,NORMAL,2026-09-10 06:16:40
0.01222,0.4404,0.0457,0.00193,0.0439,1.1766,20.0,0.0256,0.0089,0.8753,0.9369,2.0,104.79137,0.8224,1.0,1.082,61.56,1.014,0.9606,3.84455,0.6062,4.09124,14.17918,0.42513,0.46667,0.2647,0.15578,0.41909,0.96856,0.26667,WARNING,2026-09-10 06:16:40
0.00132,0.1789,0.035,0.0002,0.01399,1.1988,20.0,0.0123,0.0067,0.2793,0.5802,1.0,155.50642,0.7971,1.0,2.19903,97.92,0.816,0.39967,0.43443,0.6899,1.87515,-0.22902,0.29821,0.43333,0.28411,0.1477,0.55409,0.96312,0.48333,NORMAL,2026-09-10 06:16:50
0.0121,0.3022,0.04234,0.0009,0.02993,1.2669,20.0,0.0145,0.0037,0.8731,0.8123,1.0,99.97439,0.874,0.3333,0.83312,157.68,1.428,0.70697,2.38022,0.5613,3.13091,5.85264,0.42411,0.01667,0.20683,0.39592,0.17997,0.95282,0.0,WARNING,2026-09-10 06:16:50
0.01213,0.4527,0.04728,0.00253,0.05031,1.1817,20.0,0.0235,0.0089,0.8987,0.9205,2.0,125.53709,0.7977,1.0,1.53476,127.44,1.104,1.06414,3.31228,0.5952,3.75643,9.7286,0.39862,0.13333,0.2554,0.16566,0.43571,0.98395,0.46667,WARNING,2026-09-10 06:16:50
0.01033,0.2689,0.04165,0.00074,0.02718,1.3179,20.0,0.0122,0.0047,0.5344,0.8151,1.0,85.45168,0.8466,0.5,1.38328,101.52,0.942,0.65254,2.03981,0.6492,2.82408,4.25367,0.34376,0.33333,0.25307,0.17593,0.4803,0.96131,0.26667,WARNING,2026-09-10 06:16:50
0.00187,0.2166,0.03543,0.00019,0.01364,1.1986,20.0,0.0106,0.003,0.3859,0.6453,2.0,78.04527,0.8703,1.0,1.15638,126.0,1.332,0.38496,1.22754,0.5859,2.52061,4.88415,0.53122,0.16667,0.26126,0.07523,0.39356,0.95957,0.15,NORMAL,2026-09-10 06:16:50
0.00074,0.1941,0.03542,0.00018,0.01357,1.2018,20.0,0.0102,0.0126,0.1712,0.4487,1.0,163.06283,0.8623,1.0,1.49439,97.92,1.02,0.38311,0.522,0.6466,1.86311,-0.28778,0.44215,0.48333,0.25842,0.15312,0.40473,0.97366,0.11667,NORMAL,2026-09-10 06:17:00
0.01316,0.2785,0.04224,0.00083,0.02874,1.279,20.0,0.0164,0.0037,0.7269,0.7497,1.0,75.72932,0.8504,0.3333,1.11672,69.84,1.158,0.68038,2.62877,0.6114,3.17758,7.18668,0.38066,0.01667,0.23579,0.29107,0.32828,0.96861,0.1,WARNING,2026-09-10 06:17:00
0.01569,0.4662,0.04773,0.00278,0.05276,1.1856,20.0,0.0228,0.0089,0.913,0.9214,2.0,125.53709,0.7992,1.0,1.53476,127.44,1.104,1.10521,3.34074,0.5973,3.77714,9.93927,0.26528,0.35,0.23494,0.31857,0.41615,0.96855,0.01667,WARNING,2026-09-10 06:17:00
0.01275,0.2799,0.04183,0.00073,0.02708,1.3584,20.0,0.014,0.0047,0.4997,0.694,1.0,108.00535,0.8142,0.5,1.80009,101.52,1.104,0.64747,2.04749,0.6239,2.81826,4.29238,0.37642,0.33333,0.26185,0.13389,0.48969,0.96802,0.35,WARNING,2026-09-10 06:17:00
0.00157,0.2465,0.03607,0.0002,0.01428,1.1809,20.0,0.01,0.003,0.4231,0.5547,2.0,61.47886,0.8813,1.0,1.02465,126.0,1.332,0.39581,1.06794,0.5882,2.46705,3.59819,0.46005,0.15,0.26715,0.08063,0.45932,0.96333,0.16667,NORMAL,2026-09-10 06:17:00
0.0019,0.2468,0.03456,0.00019,0.0137,1.1926,20.0,0.0084,0.003,0.3335,0.3888,2.0,108.69349,0.8311,1.0,1.94817,126.0,1.332,0.39638,0.63457,0.5906,2.21113,1.12102,0.41426,0.45,0.24897,0.18696,0.39877,0.95348,0.43333,NORMAL,2026-09-10 06:17:10
0.01223,0.2731,0.04118,0.00077,0.02776,1.351,20.0,0.0173,0.0047,0.7341,0.6463,1.0,85.45168,0.8436,0.5,1.17338,101.52,0.948,0.67419,1.99184,0.6579,2.82829,3.86682,0.31205,0.33333,0.25977,0.17061,0.51734,0.96684,0.35,WARNING,2026-09-10 06:17:10
0.01486,0.3103,0.04168,0.00084,0.02901,1.2961,20.0,0.0131,0.0037,0.6815,0.7007,1.0,75.72932,0.874,0.3333,0.9388,69.84,1.158,0.69601,2.59886,0.6119,3.19698,7.02184,0.2745,0.01667,0.23465,0.37475,0.35075,0.97325,0.03333,WARNING,2026-09-10 06:17:10
0.0001,0.1725,0.03588,0.00021,0.01447,1.176,20.0,0.0099,0.0126,0.116,0.3469,1.0,163.06283,0.8574,1.0,1.5638,97.92,0.816,0.4033,1.19429,0.6947,2.36546,2.46346,0.38692,0.5,0.27067,0.12047,0.49262,0.97109,0.23333,NORMAL,2026-09-10 06:17:10
0.01434,0.5056,0.05082,0.003,0.05475,1.1913,20.0,0.0253,0.0127,0.9143,0.9236,2.0,125.53709,0.7924,1.0,1.53476,127.44,1.104,1.07749,3.00402,0.5946,3.59715,7.84912,0.26001,0.35,0.25821,0.24597,0.49402,0.96127,0.33333,WARNING,2026-09-10 06:17:10
6e-05,0.1805,0.03492,0.0002,0.01415,1.1968,20.0,0.0095,0.0092,0.1047,0.312,1.0,163.06283,0.846,1.0,1.72546,81.36,1.446,0.40521,1.32343,0.5713,2.42845,3.21366,0.32064,0.5,0.2768,0.11021,0.56915,0.95787,0.4,NORMAL,2026-09-10 06:17:20
0.01362,0.3213,0.04214,0.00081,0.0285,1.2973,20.0,0.0133,0.0117,0.6573,0.7236,1.0,75.72932,0.8392,0.3333,1.41219,69.84,1.158,0.67631,2.72115,0.6141,3.19058,7.5133,0.24337,0.03333,0.23599,0.41667,0.33996,0.96646,0.01667,WARNING,2026-09-10 06:17:20
0.01377,0.4832,0.04752,0.00263,0.05126,1.2017,20.0,0.0255,0.0127,0.9109,0.9079,2.0,125.53709,0.7921,1.0,1.53476,127.44,1.104,1.07883,3.41651,0.5994,3.84429,10.70558,0.33292,0.36667,0.25817,0.18361,0.48347,0.97713,0.38333,WARNING,2026-09-10 06:17:20
0.01099,0.2625,0.03773,0.00044,0.02106,1.3501,20.0,0.0184,0.0047,0.7248,0.6222,1.0,85.45168,0.8381,0.5,1.20875,56.88,0.948,0.55829,2.24913,0.6582,3.02614,7.14297,0.23967,0.33333,0.26426,0.22505,0.53528,0.96573,0.36667,WARNING,2026-09-10 06:17:20
0.00305,0.224,0.03543,0.00019,0.01384,1.2222,20.0,0.0084,0.0038,0.4207,0.4307,2.0,108.69349,0.91,1.0,0.90578,126.0,1.332,0.39056,0.56774,0.5901,2.16085,0.95617,0.50233,0.45,0.22908,0.21348,0.28419,0.95243,0.13333,NORMAL,2026-09-10 06:17:20
0.00194,0.2737,0.03574,0.00018,0.01334,1.2108,20.0,0.0089,0.0038,0.4817,0.3521,2.0,108.69349,0.8516,1.0,1.44019,126.0,1.392,0.37331,0.61417,0.5781,2.15397,1.40534,0.5541,0.15,0.2475,0.11894,0.32695,0.94628,0.16667,NORMAL,2026-09-10 06:17:30
0.00098,0.1831,0.03727,0.0002,0.01421,1.2149,20.0,0.0102,0.0092,0.2823,0.3812,1.0,163.06283,0.8623,1.0,1.49439,57.6,0.96,0.38122,1.02672,0.6632,2.29383,2.43918,0.35339,0.4,0.27218,0.11623,0.53039,0.9615,0.5,NORMAL,2026-09-10 06:17:30
0.01391,0.308,0.04546,0.00092,0.03034,1.3009,20.0,0.0123,0.0174,0.6595,0.6736,1.0,83.87535,0.8844,0.3333,0.84031,69.84,1.158,0.66734,2.4551,0.6149,2.97007,5.54028,0.24629,0.01667,0.2161,0.52228,0.23144,0.9626,0.03333,WARNING,2026-09-10 06:17:30
0.01537,0.52,0.0474,0.00264,0.05134,1.2204,20.0,0.0254,0.0127,0.9156,0.9298,2.0,125.53709,0.7923,1.0,1.53476,127.44,1.104,1.08319,3.4063,0.5963,3.8456,10.65429,0.39482,0.36667,0.26161,0.13797,0.46722,0.97865,0.38333,WARNING,2026-09-10 06:17:30
0.01285,0.2852,0.03733,0.00034,0.01852,1.3744,20.0,0.019,0.0146,0.7563,0.6268,1.0,115.16698,0.7887,0.5,1.91945,67.32,1.122,0.4961,2.49911,0.6237,3.13667,9.34982,0.33819,0.06667,0.25476,0.25013,0.41168,0.97906,0.26667,WARNING,2026-09-10 06:17:30
0.01265,0.534,0.0505,0.003,0.05478,1.2335,20.0,0.0295,0.0127,0.9574,0.8611,2.0,63.35825,0.8156,1.0,0.97645,127.44,1.272,1.0846,2.99046,0.5692,3.60653,7.8234,0.40918,0.36667,0.25955,0.14885,0.44197,0.95386,0.38333,WARNING,2026-09-10 06:17:40
0.01254,0.2836,0.03629,0.00028,0.01663,1.3674,20.0,0.0153,0.0146,0.6699,0.6641,1.0,80.97733,0.8506,0.5,1.17338,65.16,1.086,0.45823,1.88611,0.629,2.70918,5.03542,0.46248,0.26667,0.25314,0.19755,0.33997,0.9756,0.06667,WARNING,2026-09-10 06:17:40
0.00103,0.2367,0.03952,0.00024,0.01539,1.2114,20.0,0.0117,0.0092,0.4609,0.5133,1.0,163.06283,0.8415,1.0,1.49439,43.2,0.72,0.38933,0.70276,0.7176,2.15763,1.07773,0.3112,0.4,0.27511,0.11333,0.57546,0.95874,0.41667,NORMAL,2026-09-10 06:17:40
0.01356,0.3154,0.04585,0.00095,0.0309,1.3144,20.0,0.0132,0.0174,0.6498,0.8173,1.0,151.95332,0.828,0.3333,1.57765,69.84,1.08,0.67389,2.35593,0.6251,2.93588,4.98807,0.24321,0.0,0.19608,0.60476,0.15203,0.92068,0.01667,WARNING,2026-09-10 06:17:40
0.00219,0.2512,0.03518,0.00019,0.01361,1.2268,20.0,0.0113,0.0038,0.559,0.602,2.0,108.69349,0.8444,1.0,1.44019,118.44,1.296,0.38678,0.64266,0.5898,2.17874,1.26724,0.49068,0.15,0.26012,0.066,0.44332,0.92624,0.16667,NORMAL,2026-09-10 06:17:40
0.00183,0.2644,0.03568,0.00019,0.01373,1.2193,20.0,0.0102,0.0038,0.4014,0.7643,2.0,108.69349,0.85,1.0,1.44019,118.44,1.296,0.38488,0.52954,0.5823,2.14966,1.08114,0.35699,0.43333,0.27723,0.07165,0.57136,0.9476,0.16667,NORMAL,2026-09-10 06:17:50
0.01326,0.2848,0.03701,0.00026,0.01611,1.401,20.0,0.0148,0.0146,0.6479,0.8294,1.0,83.31092,0.8524,0.5,1.17338,74.88,1.248,0.43533,2.0254,0.5915,2.67879,5.6368,0.5042,0.26667,0.25438,0.14784,0.34796,0.95761,0.13333,WARNING,2026-09-10 06:17:50
0.00256,0.1789,0.03986,0.0002,0.01405,1.2568,20.0,0.0113,0.009,0.6575,0.5002,1.0,117.81416,0.8657,1.0,1.12441,51.12,0.804,0.35262,0.63639,0.6962,2.16479,2.14854,0.18453,0.4,0.28353,0.14362,0.67184,0.95162,0.45,NORMAL,2026-09-10 06:17:50
0.01389,0.3251,0.04073,0.00051,0.02266,1.319,20.0,0.0147,0.0068,0.6741,0.8711,1.0,151.95332,0.8237,0.3333,1.57765,69.84,1.08,0.55621,2.4734,0.6212,2.90626,7.26387,0.40019,0.01667,0.25554,0.18204,0.41777,0.96608,0.45,WARNING,2026-09-10 06:17:50
0.01541,0.5691,0.05459,0.00334,0.05783,1.2112,20.0,0.0281,0.0141,0.9279,0.9031,2.0,63.35825,0.8168,1.0,1.03052,96.84,0.942,1.05934,2.64772,0.6329,3.37873,5.7661,0.23835,0.01667,0.20758,0.5243,0.23735,0.90223,0.0,WARNING,2026-09-10 06:17:50
0.00076,0.2088,0.03979,0.00021,0.01451,1.2257,20.0,0.011,0.0077,0.4466,0.4933,1.0,69.66382,0.8977,1.0,0.77873,95.4,1.59,0.36454,0.41771,0.5446,2.16016,1.94122,0.18097,0.4,0.28247,0.17155,0.64748,0.94848,0.38333,NORMAL,2026-09-10 06:18:00
0.01554,0.3442,0.04337,0.00072,0.02677,1.3294,20.0,0.0142,0.0068,0.5284,0.8229,1.0,151.95332,0.7833,0.3333,2.26991,86.4,1.08,0.61724,2.05737,0.62,2.65916,4.13744,0.42807,0.45,0.25933,0.15517,0.41676,0.96877,0.43333,WARNING,2026-09-10 06:18:00
0.01688,0.578,0.04802,0.00188,0.0434,1.2177,20.0,0.0271,0.0128,0.901,0.941,2.0,71.66362,0.7938,1.0,1.44456,96.84,0.942,0.9038,3.06076,0.6324,3.59186,8.84646,0.43681,0.25,0.25282,0.18564,0.37755,0.96513,0.23333,WARNING,2026-09-10 06:18:00
0.01425,0.2967,0.03706,0.00027,0.0163,1.4077,20.0,0.0115,0.0146,0.7197,0.7655,1.0,83.31092,0.8632,0.5,1.13456,74.88,1.248,0.4397,1.94088,0.595,2.67119,5.25222,0.44242,0.13333,0.26069,0.14347,0.41411,0.96408,0.4,WARNING,2026-09-10 06:18:00
0.00111,0.2702,0.03657,0.00018,0.01343,1.2197,20.0,0.0137,0.0038,0.6435,0.7705,2.0,86.41125,0.8365,1.0,1.44019,118.44,1.296,0.36736,0.43337,0.58,2.1095,1.25568,0.38002,0.43333,0.26746,0.11929,0.50069,0.96833,0.16667,NORMAL,2026-09-10 06:18:00
0.00026,0.2223,0.03871,0.00021,0.01452,1.2224,20.0,0.0089,0.0077,0.4279,0.4038,1.0,63.62648,0.9037,1.0,0.77635,60.48,1.008,0.37504,0.15248,0.6527,1.9928,0.64139,0.24707,0.4,0.26838,0.21574,0.53719,0.95192,0.38333,NORMAL,2026-09-10 06:18:10
0.01499,0.34,0.04667,0.0009,0.03003,1.3499,20.0,0.0133,0.0068,0.6011,0.8305,1.0,151.95332,0.8288,0.3333,1.57765,86.4,1.38,0.64339,2.07182,0.5664,2.83069,3.99372,0.38277,0.45,0.26844,0.16335,0.45389,0.9602,0.03333,WARNING,2026-09-10 06:18:10
0.01499,0.5456,0.05155,0.00267,0.05164,1.2435,20.0,0.0267,0.0128,0.8973,0.955,2.0,71.66362,0.8074,1.0,1.25059,96.84,0.942,1.00169,2.73764,0.6294,3.2907,6.31075,0.45544,0.25,0.26303,0.12008,0.42447,0.96589,0.23333,WARNING,2026-09-10 06:18:10
0.01372,0.2932,0.03682,0.00024,0.01542,1.4169,20.0,0.0097,0.0061,0.4462,0.7558,1.0,83.31092,0.8731,0.5,1.13456,74.88,1.248,0.41879,1.91078,0.5943,2.70864,6.50128,0.39765,0.13333,0.26204,0.16924,0.43311,0.97332,0.5,WARNING,2026-09-10 06:18:10
0.00228,0.2883,0.03705,0.00017,0.0132,1.2514,20.0,0.0144,0.0038,0.653,0.6009,2.0,92.35575,0.8345,1.0,1.44019,118.44,1.782,0.3562,0.34643,0.5142,2.07141,1.32221,0.45022,0.18333,0.24646,0.19647,0.35332,0.97705,0.06667,NORMAL,2026-09-10 06:18:10
0.00273,0.2741,0.03651,0.00021,0.01459,1.2605,20.0,0.0129,0.003,0.4893,0.496,2.0,92.35575,0.8417,1.0,1.44019,92.88,0.978,0.39961,0.70833,0.6547,2.13413,1.82084,0.41758,0.06667,0.24294,0.28924,0.29319,0.95973,0.08333,NORMAL,2026-09-10 06:18:20
0.01468,0.3104,0.03702,0.00026,0.01612,1.444,20.0,0.0098,0.0061,0.5027,0.775,1.0,83.31092,0.8719,0.5,1.13456,74.88,1.248,0.43534,1.69719,0.5959,2.67806,5.15573,0.44329,0.28333,0.24471,0.23797,0.31874,0.96524,0.4,WARNING,2026-09-10 06:18:20
0.01645,0.5936,0.05157,0.00267,0.05165,1.254,20.0,0.0267,0.0128,0.9105,0.9355,2.0,71.66362,0.8105,1.0,1.19439,96.84,0.942,1.00148,2.73432,0.6307,3.28946,6.29415,0.38582,0.46667,0.26611,0.13095,0.48323,0.95445,0.38333,WARNING,2026-09-10 06:18:20
0.01478,0.3369,0.0461,0.0009,0.03,1.3543,20.0,0.0143,0.0068,0.7136,0.6952,1.0,151.95332,0.8239,0.3333,1.57765,127.44,1.284,0.65081,2.13332,0.5877,2.85581,4.16894,0.25415,0.31667,0.26164,0.19514,0.55072,0.95195,0.33333,WARNING,2026-09-10 06:18:20
0.00212,0.2228,0.03946,0.00019,0.01394,1.2698,20.0,0.0113,0.0077,0.376,0.7096,1.0,70.27385,0.868,1.0,1.17123,60.48,1.008,0.35317,0.18135,0.6434,1.96827,0.89337,0.32533,0.4,0.26183,0.18126,0.49341,0.93933,0.38333,NORMAL,2026-09-10 06:18:20
0.00323,0.2382,0.0388,0.00019,0.01375,1.2751,20.0,0.0111,0.0077,0.5741,0.515,1.0,70.27385,0.8643,1.0,1.17123,77.76,1.422,0.35426,0.23684,0.5701,2.00124,1.07405,0.48738,0.38333,0.25512,0.08715,0.42546,0.96443,0.33333,NORMAL,2026-09-10 06:18:30
0.01716,0.3343,0.04358,0.00078,0.02792,1.3579,20.0,0.0139,0.0068,0.7076,0.6735,1.0,94.65888,0.8253,0.3333,1.57765,127.44,1.284,0.64079,2.34226,0.5869,3.03517,5.59565,0.26752,0.33333,0.2455,0.19531,0.53717,0.95362,0.31667,WARNING,2026-09-10 06:18:30
0.01646,0.5917,0.05136,0.00266,0.05157,1.2517,20.0,0.0243,0.0128,0.9114,0.9383,2.0,71.66362,0.8173,1.0,1.19439,78.12,0.954,1.00396,2.76364,0.6192,3.29895,6.3984,0.249,0.46667,0.27212,0.18471,0.56629,0.9709,0.4,WARNING,2026-09-10 06:18:30
0.01393,0.322,0.03813,0.00039,0.01965,1.431,20.0,0.01,0.0061,0.6061,0.7341,1.0,83.31092,0.8694,0.5,1.13456,74.88,1.248,0.51532,2.72644,0.5967,3.1574,10.42749,0.47206,0.23333,0.2269,0.26991,0.25803,0.96599,0.41667,WARNING,2026-09-10 06:18:30
0.00319,0.2776,0.03586,0.00022,0.01487,1.2543,20.0,0.0122,0.003,0.5711,0.2655,2.0,92.35575,0.8614,1.0,1.16915,156.96,1.308,0.41467,0.78261,0.5952,2.16138,1.62872,0.32103,0.08333,0.25158,0.30372,0.37525,0.95252,0.25,NORMAL,2026-09-10 06:18:30
0.00213,0.2271,0.03596,0.00016,0.01257,1.2575,20.0,0.0112,0.0077,0.4295,0.4793,1.0,70.27385,0.8668,1.0,1.17123,77.76,1.296,0.34949,0.29935,0.5926,2.16227,1.88806,0.53559,0.21667,0.25983,0.04912,0.41529,0.95465,0.38333,NORMAL,2026-09-10 06:18:40
0.01652,0.3689,0.04059,0.00063,0.0251,1.3482,20.0,0.016,0.0068,0.8181,0.556,1.0,80.975,0.8355,0.3333,1.31322,127.44,1.284,0.61845,2.82875,0.5905,3.2907,9.06309,0.30732,0.33333,0.24131,0.2202,0.47248,0.96255,0.38333,WARNING,2026-09-10 06:18:40
0.01871,0.5607,0.05045,0.00284,0.0533,1.2536,20.0,0.0291,0.0128,0.8637,0.9428,2.0,126.47688,0.7981,1.0,1.30713,79.92,0.858,1.05641,2.74196,0.6376,3.27238,6.23687,0.18741,0.45,0.26924,0.24411,0.56847,0.96731,0.48333,WARNING,2026-09-10 06:18:40
0.01597,0.3099,0.03687,0.00031,0.01759,1.4476,20.0,0.0122,0.0061,0.6058,0.8074,1.0,73.28465,0.8463,0.5,1.36725,107.28,1.116,0.47691,2.92062,0.6201,3.31448,14.49306,0.33525,0.41667,0.26387,0.13833,0.52642,0.9498,0.43333,WARNING,2026-09-10 06:18:40
0.00169,0.2703,0.03699,0.00023,0.015,1.2503,20.0,0.0101,0.003,0.3401,0.356,2.0,132.5908,0.8555,1.0,1.38556,156.96,1.794,0.40556,0.65502,0.5182,2.10196,1.26143,0.28611,0.35,0.25565,0.26511,0.44878,0.94119,0.08333,NORMAL,2026-09-10 06:18:40
0.00263,0.2948,0.03844,0.00026,0.01605,1.2784,20.0,0.0089,0.003,0.3203,0.6091,2.0,92.35575,0.8938,1.0,1.09974,156.96,1.308,0.41755,0.73039,0.5927,2.01445,0.952,0.3582,0.35,0.25071,0.20979,0.43201,0.9562,0.08333,NORMAL,2026-09-10 06:18:50
0.01566,0.3175,0.03769,0.00032,0.01796,1.4762,20.0,0.0153,0.0061,0.7594,0.7899,1.0,99.78527,0.8347,0.5,1.36725,107.28,1.314,0.4765,2.76771,0.5809,3.24347,12.92633,0.29086,0.41667,0.27876,0.1031,0.60604,0.96505,0.43333,WARNING,2026-09-10 06:18:50
0.01869,0.6062,0.04735,0.00214,0.04626,1.2622,20.0,0.0278,0.012,0.899,0.9317,2.0,126.47688,0.808,1.0,1.19439,79.92,1.11,0.97698,3.1097,0.5911,3.6265,8.96739,0.28942,0.45,0.24689,0.26469,0.44589,0.97055,0.03333,WARNING,2026-09-10 06:18:50
0.01776,0.3942,0.03953,0.00056,0.02371,1.3794,20.0,0.0135,0.0134,0.7118,0.6659,1.0,80.975,0.8564,0.3333,1.15147,127.44,1.284,0.59978,3.29133,0.5881,3.40731,12.1006,0.28442,0.01667,0.25061,0.279,0.43658,0.97168,0.38333,WARNING,2026-09-10 06:18:50
0.00188,0.2205,0.03572,0.00015,0.01215,1.256,20.0,0.0116,0.0077,0.5082,0.2315,1.0,70.27385,0.8643,1.0,1.17123,77.76,1.296,0.3401,0.56034,0.597,2.18342,2.28363,0.49236,0.21667,0.2656,0.07116,0.43648,0.95456,0.35,NORMAL,2026-09-10 06:18:50
0.00346,0.2192,0.03657,0.00018,0.01334,1.2797,20.0,0.0111,0.0148,0.3331,0.1251,1.0,70.27385,0.8694,1.0,1.17123,92.52,1.632,0.36489,0.9479,0.5443,2.1164,1.7278,0.4229,0.21667,0.24189,0.20179,0.3753,0.94734,0.23333,NORMAL,2026-09-10 06:19:00
0.01796,0.4106,0.03585,0.00034,0.01856,1.3838,20.0,0.0113,0.0141,0.7993,0.7424,1.0,80.975,0.8612,0.3333,1.15147,127.44,1.284,0.51772,4.7268,0.5837,3.88849,28.23521,0.25789,0.45,0.28583,0.1306,0.61151,0.97491,0.46667,WARNING,2026-09-10 06:19:00
0.01728,0.6415,0.04671,0.00211,0.04596,1.2876,20.0,0.0306,0.012,0.9205,0.9101,2.0,126.47688,0.8029,1.0,1.13852,79.92,0.912,0.98378,3.21954,0.6308,3.66368,9.46181,0.41151,0.11667,0.25579,0.18222,0.40627,0.99157,0.31667,WARNING,2026-09-10 06:19:00
0.01464,0.3299,0.03888,0.00043,0.02072,1.4707,20.0,0.0144,0.0061,0.6834,0.7663,1.0,99.78527,0.8389,0.5,1.36725,107.28,1.182,0.53298,2.35014,0.604,3.07425,8.21807,0.29699,0.41667,0.27984,0.116,0.58701,0.96101,0.43333,WARNING,2026-09-10 06:19:00
0.00236,0.2855,0.03852,0.0004,0.01991,1.2943,20.0,0.012,0.003,0.6281,0.494,2.0,91.26786,0.8662,1.0,1.09974,156.96,1.368,0.51697,1.22504,0.5818,2.5204,2.01762,0.50383,0.11667,0.24402,0.1626,0.33357,0.9545,0.35,NORMAL,2026-09-10 06:19:00
0.00268,0.2317,0.03792,0.00018,0.01333,1.298,20.0,0.0099,0.0153,0.172,0.2862,1.0,158.91972,0.8462,1.0,1.71874,77.76,1.296,0.35147,1.03071,0.5978,2.164,2.29582,0.33393,0.4,0.22755,0.30097,0.3651,0.95372,0.21667,NORMAL,2026-09-10 06:19:10
0.01706,0.3878,0.0336,9e-05,0.00938,1.3975,20.0,0.0154,0.0141,0.8118,0.855,1.0,80.975,0.8487,0.3333,1.15147,127.44,1.284,0.27921,0.42507,0.5771,1.75261,0.25751,0.34699,0.45,0.2548,0.2183,0.43471,0.96891,0.31667,WARNING,2026-09-10 06:19:10
0.01841,0.6271,0.04382,0.00154,0.03921,1.2971,20.0,0.0264,0.012,0.8485,0.8965,2.0,126.47688,0.8008,1.0,1.38977,79.92,0.912,0.89474,3.6928,0.6382,3.78447,13.2954,0.48501,0.13333,0.25884,0.14394,0.37105,0.9566,0.11667,WARNING,2026-09-10 06:19:10
0.01558,0.3649,0.03717,0.00046,0.02141,1.4977,20.0,0.0121,0.0076,0.5298,0.8667,1.0,99.78527,0.848,0.5,1.36725,107.28,1.182,0.5761,2.25816,0.6013,3.1583,7.65005,0.37033,0.11667,0.25468,0.17768,0.45199,0.93818,0.41667,WARNING,2026-09-10 06:19:10
0.00207,0.2798,0.03816,0.00035,0.01882,1.2999,20.0,0.0104,0.003,0.411,0.6639,2.0,91.26786,0.8747,1.0,1.09974,156.96,1.308,0.49321,1.32945,0.5876,2.56841,2.87147,0.43802,0.11667,0.21838,0.31377,0.24821,0.95423,0.1,NORMAL,2026-09-10 06:19:10
0.00213,0.2747,0.04007,0.00038,0.01938,1.296,20.0,0.0089,0.008,0.3758,0.6042,2.0,69.19521,0.8938,1.0,1.09974,156.96,1.662,0.48368,1.76948,0.5321,2.50467,4.21134,0.41387,0.1,0.22057,0.31862,0.2675,0.9669,0.11667,NORMAL,2026-09-10 06:19:20
0.01547,0.3555,0.03699,0.00046,0.02139,1.503,20.0,0.0138,0.0076,0.6776,0.6561,1.0,99.78527,0.8407,0.5,1.36725,107.28,1.566,0.57813,2.28475,0.542,3.17063,7.75834,0.49136,0.3,0.24465,0.1692,0.33944,0.95074,0.11667,WARNING,2026-09-10 06:19:20
0.01866,0.6269,0.0441,0.00154,0.0393,1.2956,20.0,0.0245,0.0027,0.8251,0.8975,2.0,126.47688,0.8065,1.0,1.38977,79.92,0.912,0.89112,3.6355,0.6379,3.76728,13.0587,0.51872,0.13333,0.25314,0.1457,0.33558,0.94879,0.2,WARNING,2026-09-10 06:19:20
0.01875,0.3868,0.03516,0.00012,0.01085,1.4118,20.0,0.017,0.0141,0.7939,0.8019,1.0,80.975,0.8445,0.3333,1.15147,77.76,0.888,0.30854,0.54228,0.6587,1.81149,0.26302,0.26466,0.1,0.23195,0.36376,0.37157,0.97436,0.01667,WARNING,2026-09-10 06:19:20
0.00306,0.2367,0.03872,0.00021,0.01437,1.3035,20.0,0.0096,0.0153,0.2685,0.3416,1.0,158.91972,0.8464,1.0,1.71874,77.76,1.296,0.37104,1.36656,0.5958,2.11094,2.88361,0.31832,0.4,0.25242,0.25876,0.42291,0.95896,0.1,NORMAL,2026-09-10 06:19:20
0.00248,0.2459,0.03833,0.00021,0.01455,1.2949,20.0,0.0094,0.0153,0.2264,0.1842,1.0,158.91972,0.8465,1.0,1.71874,58.68,0.978,0.37965,1.38928,0.6626,2.12656,2.80931,0.31939,0.1,0.24759,0.26963,0.41098,0.95566,0.31667,NORMAL,2026-09-10 06:19:30
0.01798,0.3919,0.03487,0.00013,0.01136,1.4127,20.0,0.0171,0.0141,0.7951,0.8277,1.0,108.04991,0.821,0.3333,1.48523,77.76,1.008,0.32583,0.3778,0.6318,1.81744,-0.01626,0.28452,0.03333,0.23866,0.35347,0.36201,0.96393,0.1,WARNING,2026-09-10 06:19:30
0.01932,0.6661,0.04373,0.00158,0.03972,1.3045,20.0,0.0219,0.0027,0.8101,0.9185,2.0,126.47688,0.7996,1.0,1.61038,166.68,1.488,0.90823,3.53657,0.5344,3.76728,12.53833,0.48235,0.2,0.2554,0.16048,0.35717,0.97396,0.18333,WARNING,2026-09-10 06:19:30
0.01771,0.361,0.03527,0.00031,0.01759,1.5193,20.0,0.0147,0.0033,0.7,0.5558,1.0,99.78527,0.8378,0.5,1.36725,107.28,1.182,0.4988,1.32173,0.6091,2.82321,4.45224,0.5302,0.16667,0.24303,0.15508,0.31472,0.96234,0.41667,WARNING,2026-09-10 06:19:30
0.00305,0.3136,0.04117,0.00045,0.02119,1.2875,20.0,0.012,0.008,0.5047,0.6676,2.0,69.92091,0.8645,1.0,1.15372,135.72,2.262,0.51461,1.77137,0.458,2.40781,3.51775,0.39444,0.21667,0.23013,0.30873,0.29683,0.97291,0.31667,NORMAL,2026-09-10 06:19:30
0.00341,0.2234,0.03997,0.00019,0.01378,1.3117,20.0,0.01,0.0184,0.1994,0.2517,1.0,158.91972,0.8461,1.0,1.71874,58.68,0.978,0.34473,1.5358,0.6608,2.06216,3.10275,0.31538,0.11667,0.24453,0.25701,0.42761,0.95636,0.1,NORMAL,2026-09-10 06:19:40
0.01906,0.4025,0.03545,0.00014,0.01174,1.4138,20.0,0.0174,0.0141,0.7915,0.7865,1.0,108.04991,0.8202,0.3333,1.48523,77.76,0.96,0.3313,0.22281,0.6507,1.78502,-0.28243,0.2597,0.1,0.21511,0.4494,0.2909,0.9578,0.03333,WARNING,2026-09-10 06:19:40
0.0202,0.6752,0.04425,0.0016,0.04002,1.2908,20.0,0.0289,0.0027,0.8902,0.9213,2.0,83.38606,0.7927,1.0,1.38977,166.68,1.488,0.9043,3.61984,0.5359,3.8529,13.05725,0.44706,0.2,0.25288,0.20414,0.3488,0.9826,0.26667,WARNING,2026-09-10 06:19:40
0.01746,0.3488,0.03479,0.00031,0.01759,1.5217,20.0,0.0136,0.0033,0.7198,0.6351,1.0,67.35184,0.8894,0.5,0.71002,148.68,1.392,0.50539,1.39757,0.5708,2.85456,4.63836,0.533,0.25,0.24818,0.16367,0.30334,0.95793,0.23333,WARNING,2026-09-10 06:19:40
0.00293,0.2954,0.04117,0.00045,0.02116,1.3088,20.0,0.0118,0.008,0.5904,0.6469,2.0,88.43842,0.8632,1.0,1.15372,75.24,1.332,0.51412,1.78194,0.5832,2.40868,3.54396,0.44183,0.5,0.25592,0.15678,0.40139,0.96931,0.21667,NORMAL,2026-09-10 06:19:40
0.01706,0.3519,0.03457,0.00039,0.01969,1.5249,20.0,0.0146,0.0033,0.7382,0.6759,1.0,67.35184,0.8787,0.5,0.80454,148.68,1.392,0.5696,1.8153,0.5726,2.79852,5.33309,0.39912,0.23333,0.26546,0.21303,0.38784,0.96165,0.25,WARNING,2026-09-10 06:19:50
0.02006,0.6712,0.04158,0.00131,0.03621,1.3087,20.0,0.0267,0.0027,0.8692,0.9239,2.0,83.38606,0.7992,1.0,1.38977,166.68,1.488,0.87098,4.26928,0.5343,4.16839,19.06081,0.36669,0.43333,0.2627,0.22101,0.4123,0.96119,0.26667,WARNING,2026-09-10 06:19:50
0.00236,0.3032,0.04044,0.00041,0.02021,1.3129,20.0,0.0135,0.008,0.5711,0.6461,2.0,88.43842,0.8591,1.0,1.15372,64.44,1.074,0.49966,2.02792,0.6295,2.4659,4.84556,0.43771,0.23333,0.27637,0.06481,0.49748,0.95483,0.5,NORMAL,2026-09-10 06:19:50
0.00319,0.2383,0.0397,0.00019,0.01386,1.3182,20.0,0.0097,0.0184,0.1054,0.3712,1.0,158.91972,0.8463,1.0,1.71874,58.68,0.978,0.34915,1.50114,0.6578,2.07347,3.099,0.28117,0.1,0.24434,0.28749,0.43133,0.95118,0.33333,NORMAL,2026-09-10 06:19:50
0.02021,0.3781,0.03687,0.0002,0.01407,1.4306,20.0,0.0145,0.0143,0.6798,0.7659,1.0,108.04991,0.8306,0.3333,1.48523,57.6,0.984,0.38174,0.99683,0.6457,2.30849,2.12637,0.27794,0.08333,0.23799,0.39084,0.33122,0.96404,0.1,WARNING,2026-09-10 06:19:50
0.00262,0.2352,0.03885,0.00016,0.01254,1.3179,20.0,0.0089,0.0186,0.1954,0.2887,1.0,158.91972,0.8469,1.0,1.71874,178.56,2.196,0.32292,1.7376,0.4688,2.13525,5.13143,0.32314,0.33333,0.25573,0.23091,0.44594,0.96972,0.1,NORMAL,2026-09-10 06:20:00
0.0199,0.4175,0.03856,0.0002,0.01405,1.4403,20.0,0.0119,0.0143,0.6878,0.7295,1.0,108.04991,0.8372,0.3333,1.48523,67.32,1.032,0.36431,0.86281,0.6362,2.21966,1.75793,0.39934,0.41667,0.24945,0.2082,0.39247,0.97252,0.15,WARNING,2026-09-10 06:20:00
0.0204,0.7026,0.04171,0.00131,0.0362,1.3149,20.0,0.03,0.0027,0.9268,0.9379,2.0,54.38829,0.8196,1.0,0.90647,166.68,1.488,0.86792,4.26309,0.5341,4.16163,19.03348,0.34137,0.45,0.26759,0.19368,0.46495,0.98728,0.46667,WARNING,2026-09-10 06:20:00
0.01685,0.3645,0.03412,0.00028,0.01665,1.5405,20.0,0.013,0.0033,0.5302,0.7711,1.0,90.07318,0.8043,0.5,1.97746,148.68,1.392,0.48796,1.57152,0.5694,2.90495,5.7745,0.30947,0.45,0.26875,0.18873,0.50179,0.95865,0.1,WARNING,2026-09-10 06:20:00
0.0028,0.3231,0.04053,0.00026,0.01617,1.3243,20.0,0.0137,0.0164,0.6674,0.7703,2.0,106.70725,0.8363,1.0,1.43477,67.32,1.074,0.39897,2.59935,0.6311,2.55374,9.05352,0.39932,0.35,0.28724,0.04517,0.55551,0.94195,0.36667,NORMAL,2026-09-10 06:20:00
0.00303,0.2545,0.03998,0.00026,0.01602,1.322,20.0,0.0096,0.0186,0.4266,0.5008,1.0,124.47968,0.8781,1.0,1.07688,178.56,2.196,0.40071,2.71153,0.4668,2.8262,10.54519,0.24968,0.0,0.23528,0.37926,0.37105,0.9569,0.01667,NORMAL,2026-09-10 06:20:10
0.0208,0.4153,0.04442,0.00041,0.02025,1.4451,20.0,0.0175,0.0143,0.7921,0.6346,1.0,108.04991,0.82,0.3333,1.48523,86.76,1.446,0.4558,1.16114,0.5622,2.32417,1.34463,0.3632,0.0,0.23062,0.29575,0.34105,0.96475,0.16667,WARNING,2026-09-10 06:20:10
0.02054,0.7195,0.05298,0.00284,0.05332,1.3195,20.0,0.028,0.0027,0.9389,0.9402,2.0,62.57908,0.8253,1.0,0.90647,166.68,1.488,1.0063,2.94415,0.5382,3.8008,8.43039,0.28085,0.0,0.24503,0.30978,0.40937,0.98859,0.45,WARNING,2026-09-10 06:20:10
0.01693,0.3659,0.04051,0.00053,0.02294,1.5413,20.0,0.011,0.0033,0.5911,0.759,1.0,67.35184,0.8713,0.5,1.07533,148.68,1.392,0.56626,2.07859,0.5679,2.67748,5.05493,0.40209,0.11667,0.24251,0.20472,0.39319,0.97851,0.43333,WARNING,2026-09-10 06:20:10
0.00324,0.3178,0.04579,0.00053,0.02299,1.315,20.0,0.0115,0.0164,0.5818,0.5125,2.0,89.3792,0.8642,1.0,1.15372,158.76,1.584,0.50211,2.23296,0.5452,2.67634,4.99023,0.26029,0.0,0.23915,0.36443,0.37528,0.94104,0.01667,NORMAL,2026-09-10 06:20:10
0.00306,0.3206,0.04791,0.00055,0.02339,1.3451,20.0,0.0118,0.0216,0.6314,0.6034,2.0,89.3792,0.883,1.0,0.88508,158.76,1.584,0.48812,2.0633,0.5495,2.5718,4.22589,0.37275,0.01667,0.22655,0.33898,0.28827,0.97256,0.0,NORMAL,2026-09-10 06:20:20
0.01726,0.3748,0.04576,0.00075,0.02742,1.541,20.0,0.0128,0.0033,0.7235,0.5777,1.0,67.35184,0.8637,0.5,1.07533,148.68,1.392,0.59915,1.6378,0.5747,2.54399,2.45663,0.3661,0.43333,0.2386,0.22301,0.41089,0.96121,0.36667,WARNING,2026-09-10 06:20:20
0.0193,0.7344,0.06488,0.00345,0.05871,1.3403,20.0,0.0287,0.0079,0.9376,0.9062,2.0,65.94278,0.8102,1.0,1.09905,166.68,1.488,0.90501,2.1237,0.5336,3.26376,4.03679,0.21241,0.01667,0.20088,0.61005,0.17754,0.93727,0.03333,WARNING,2026-09-10 06:20:20
0.01852,0.3825,0.04902,0.00077,0.02777,1.441,20.0,0.02,0.0143,0.7744,0.6675,1.0,147.16457,0.7542,0.3333,2.45274,81.0,1.14,0.56647,1.71936,0.6165,2.94859,3.8985,0.28036,0.01667,0.21878,0.39757,0.32207,0.95702,0.4,WARNING,2026-09-10 06:20:20
0.00206,0.2252,0.04241,0.00033,0.01815,1.3122,20.0,0.0137,0.0186,0.4931,0.2525,1.0,105.43357,0.8575,1.0,1.19477,178.56,2.196,0.42802,2.18539,0.469,2.63935,6.21175,0.32018,0.01667,0.23803,0.36246,0.31736,0.96979,0.03333,NORMAL,2026-09-10 06:20:20
0.00476,0.2414,0.04663,0.00045,0.02125,1.3628,20.0,0.0138,0.0221,0.58,0.2131,1.0,105.43357,0.8314,1.0,1.53108,178.56,2.196,0.45561,1.57215,0.4691,2.37631,2.3054,0.42653,0.28333,0.25417,0.24292,0.33055,0.9742,0.3,NORMAL,2026-09-10 06:20:30
0.01857,0.4722,0.05419,0.00081,0.02837,1.4533,20.0,0.0214,0.0177,0.9117,0.7564,1.0,81.40248,0.8558,0.3333,0.77085,81.0,1.284,0.52358,1.49223,0.587,2.71534,2.82729,0.20629,0.01667,0.2237,0.41394,0.37977,0.93642,0.03333,HIGH,2026-09-10 06:20:30
0.02009,0.7894,0.07922,0.00411,0.06415,1.3543,35.0,0.034,0.0118,0.9282,0.923,2.0,65.94278,0.7959,1.0,1.09905,107.28,1.542,0.80972,1.47233,0.5225,2.80022,1.36592,0.39556,0.01667,0.20792,0.46859,0.13585,0.96091,0.03333,HIGH,2026-09-10 06:20:30
0.01761,0.3966,0.05425,0.00111,0.03327,1.5772,35.0,0.0186,0.0122,0.8731,0.5929,1.0,64.51968,0.8433,0.5,1.07533,80.64,1.65,0.61318,1.35796,0.5357,2.44585,1.00191,0.30865,0.01667,0.24597,0.23014,0.46122,0.95737,0.36667,HIGH,2026-09-10 06:20:30
0.003,0.3553,0.05359,0.00075,0.02745,1.3681,50.0,0.0119,0.0223,0.6543,0.6451,2.0,89.3792,0.8824,1.0,0.88508,158.76,1.584,0.51212,1.69523,0.5463,2.38403,2.25879,0.55539,0.01667,0.2145,0.26207,0.18254,0.96292,0.16667,NORMAL,2026-09-10 06:20:30
0.00344,0.2696,0.04865,0.00045,0.02114,1.3812,50.0,0.0153,0.0221,0.7566,0.3668,1.0,105.43357,0.8471,1.0,1.19477,178.56,2.196,0.43464,1.3467,0.4659,2.29552,1.83252,0.49693,0.3,0.25958,0.13818,0.36489,0.96176,0.28333,WARNING,2026-09-10 06:20:40
0.01939,0.4594,0.05902,0.00084,0.02891,1.4899,30.0,0.0259,0.0199,0.9154,0.7616,2.0,73.54565,0.8406,0.6667,0.78627,81.0,1.284,0.48982,1.18742,0.5861,2.52677,1.79285,0.29017,0.36667,0.22715,0.3422,0.36763,0.95164,0.35,HIGH,2026-09-10 06:20:40
0.02138,0.7999,0.08868,0.00371,0.06094,1.3769,50.0,0.047,0.0131,0.9527,0.9351,2.0,171.64913,0.7107,1.0,2.02398,107.28,1.434,0.68721,1.19874,0.5326,2.65112,0.95667,0.48209,0.01667,0.2168,0.35489,0.16302,0.97324,0.28333,HIGH,2026-09-10 06:20:40
0.01907,0.4104,0.05854,0.00107,0.03273,1.6122,35.0,0.0208,0.0152,0.9083,0.5833,1.0,64.51968,0.8358,0.5,1.07533,129.24,2.25,0.55902,1.1932,0.4601,2.32011,0.58644,0.35319,0.01667,0.22686,0.29825,0.34855,0.96734,0.35,HIGH,2026-09-10 06:20:40
0.00417,0.3463,0.06056,0.00121,0.03477,1.38,50.0,0.0153,0.0228,0.8077,0.7413,2.0,89.3792,0.8695,1.0,0.87509,158.76,1.584,0.57408,2.37273,0.5437,3.24019,7.26981,0.62761,0.16667,0.22641,0.16763,0.20476,0.95849,0.23333,WARNING,2026-09-10 06:20:40
0.02027,0.4165,0.06419,0.00127,0.03561,1.6216,35.0,0.0261,0.0213,0.915,0.7046,2.0,65.57142,0.819,1.0,1.09286,92.52,1.5,0.55472,1.22869,0.5491,2.24256,0.61911,0.43451,0.03333,0.20705,0.3655,0.19999,0.96796,0.01667,HIGH,2026-09-10 06:20:50
0.02246,0.8471,0.10735,0.00481,0.06934,1.3847,50.0,0.0563,0.0258,0.9674,0.9305,2.0,171.64913,0.6901,1.0,2.02398,107.28,1.692,0.6459,1.42043,0.4891,2.94705,2.55031,0.46932,0.3,0.2584,0.18383,0.34685,0.96678,0.11667,HIGH,2026-09-10 06:20:50
0.00317,0.3818,0.06501,0.00123,0.03508,1.3848,50.0,0.0202,0.0228,0.869,0.7918,2.0,99.96517,0.7753,1.0,2.05069,158.76,1.944,0.53961,2.08155,0.4911,3.06261,5.89199,0.52308,0.11667,0.24609,0.17875,0.29817,0.96949,0.1,WARNING,2026-09-10 06:20:50
0.00525,0.2534,0.05189,0.00045,0.0213,1.3987,50.0,0.0191,0.0229,0.8616,0.5288,1.0,105.43357,0.8338,1.0,1.19477,178.56,2.196,0.41051,1.07936,0.4637,2.1704,1.02475,0.53843,0.21667,0.24769,0.13019,0.33139,0.96032,0.41667,WARNING,2026-09-10 06:20:50
0.02101,0.4584,0.06334,0.00084,0.0289,1.4914,30.0,0.028,0.0211,0.9061,0.8607,3.0,105.35808,0.7722,1.0,1.75597,81.0,1.284,0.45623,1.09645,0.5742,2.38497,1.31836,0.4058,0.36667,0.22521,0.26077,0.33343,0.95712,0.35,HIGH,2026-09-10 06:20:50
0.00425,0.2889,0.05749,0.00046,0.02134,1.4081,50.0,0.0186,0.0261,0.8442,0.7554,1.0,74.08665,0.8355,1.0,1.19477,83.52,1.104,0.37113,0.72918,0.6138,1.98493,0.17167,0.59697,0.2,0.24284,0.13987,0.26316,0.9648,0.21667,WARNING,2026-09-10 06:21:00
0.02076,0.5163,0.06891,0.0007,0.02654,1.5282,30.0,0.0338,0.0252,0.915,0.9303,3.0,73.54565,0.8038,1.0,0.99077,77.76,1.284,0.38514,1.04461,0.5653,2.24769,1.61557,0.49309,0.18333,0.25503,0.11157,0.39535,0.9433,0.36667,HIGH,2026-09-10 06:21:00
0.02343,0.8875,0.12601,0.00521,0.0722,1.4061,50.0,0.0688,0.0296,0.9749,0.9461,2.0,171.64913,0.6646,1.0,2.02398,107.28,1.434,0.57296,1.48357,0.509,2.59228,2.62657,0.36409,0.3,0.27332,0.18187,0.45405,0.96108,0.11667,HIGH,2026-09-10 06:21:00
0.02174,0.4406,0.07146,0.00131,0.03616,1.6747,35.0,0.0276,0.024,0.9425,0.895,2.0,65.57142,0.8136,1.0,1.09286,92.52,1.53,0.50597,1.07425,0.534,2.07494,0.30745,0.45164,0.13333,0.22298,0.34353,0.20484,0.95306,0.23333,HIGH,2026-09-10 06:21:00
0.00446,0.4021,0.06888,0.0012,0.03467,1.4173,50.0,0.0231,0.0228,0.9307,0.9017,2.0,73.72546,0.8181,1.0,1.22876,93.6,1.56,0.50332,1.98198,0.5355,2.93334,5.47519,0.43684,0.1,0.24491,0.25679,0.30637,0.95384,0.11667,WARNING,2026-09-10 06:21:00
0.00619,0.2911,0.05944,0.00039,0.01983,1.4506,50.0,0.018,0.0261,0.7567,0.789,1.0,74.08665,0.8394,1.0,1.19477,83.52,1.104,0.33366,0.39005,0.609,1.64837,-0.45915,0.51539,0.2,0.23371,0.21942,0.26519,0.96796,0.25,WARNING,2026-09-10 06:21:10
0.02306,0.4995,0.07216,0.0014,0.03738,1.5497,30.0,0.0407,0.0252,0.9502,0.953,3.0,78.21565,0.7389,1.0,1.76408,90.0,1.284,0.51796,2.87923,0.5566,3.34936,12.11364,0.40725,0.5,0.28972,0.06234,0.5304,0.93507,0.48333,HIGH,2026-09-10 06:21:10
0.02395,0.9228,0.12686,0.00596,0.07721,1.4219,50.0,0.0746,0.0296,0.9843,0.964,2.0,171.64913,0.6531,1.0,2.02398,140.4,2.34,0.60867,2.03628,0.4082,2.8986,4.89532,0.4387,0.08333,0.24676,0.26837,0.29294,0.96283,0.3,HIGH,2026-09-10 06:21:10
0.02156,0.4329,0.07475,0.00127,0.03565,1.6877,35.0,0.0309,0.024,0.9247,0.9181,2.0,109.06331,0.7575,1.0,1.87287,125.28,1.74,0.47689,1.00826,0.4994,2.00623,0.19592,0.4018,0.13333,0.24233,0.26001,0.33819,0.97355,0.15,HIGH,2026-09-10 06:21:10
0.00415,0.3849,0.06878,0.00112,0.0335,1.4356,50.0,0.025,0.0228,0.9231,0.9175,2.0,78.43927,0.8127,1.0,1.22876,73.08,0.906,0.4871,2.10475,0.6367,2.95607,6.49505,0.42106,0.1,0.2386,0.31782,0.26112,0.9615,0.2,WARNING,2026-09-10 06:21:10
0.02285,0.4787,0.08324,0.00254,0.05045,1.7209,35.0,0.0322,0.0339,0.9313,0.913,2.0,224.74493,0.7539,1.0,1.87287,125.28,1.74,0.60603,2.17712,0.497,3.1365,6.0045,0.40415,0.13333,0.24135,0.21575,0.3801,0.96055,0.35,HIGH,2026-09-10 06:21:20
0.02543,0.9697,0.13268,0.00614,0.07836,1.4412,50.0,0.0808,0.0296,0.9872,0.9886,2.0,171.64913,0.6414,1.0,2.02398,83.16,1.386,0.59055,1.84246,0.4948,2.7933,3.96139,0.42426,0.06667,0.23775,0.276,0.29975,0.94971,0.23333,HIGH,2026-09-10 06:21:20
0.00436,0.4223,0.07085,0.00102,0.03191,1.446,50.0,0.0281,0.0334,0.914,0.9352,2.0,79.66393,0.7793,1.0,1.62668,73.08,1.128,0.45038,2.25494,0.5926,2.91006,7.73137,0.42251,0.1,0.24348,0.30298,0.27451,0.95357,0.2,WARNING,2026-09-10 06:21:20
0.00704,0.2958,0.05983,0.00034,0.01841,1.4597,50.0,0.019,0.0269,0.7758,0.7539,1.0,82.99812,0.8232,1.0,1.3833,83.52,1.392,0.30767,0.45067,0.5652,1.64816,-0.3154,0.31165,0.48333,0.25796,0.23543,0.45292,0.97157,0.46667,WARNING,2026-09-10 06:21:20
0.02351,0.5489,0.07418,0.00129,0.03594,1.5591,30.0,0.043,0.0339,0.9556,0.9679,3.0,111.39824,0.7396,1.0,1.64697,90.0,1.284,0.48451,3.07014,0.551,3.30143,13.52179,0.29707,0.5,0.27096,0.17688,0.52605,0.95873,0.45,HIGH,2026-09-10 06:21:20
0.00599,0.3074,0.06261,0.00053,0.023,1.4708,50.0,0.0203,0.0269,0.787,0.8861,1.0,108.89135,0.8195,1.0,1.3833,83.52,0.834,0.36735,1.3842,0.667,2.27215,2.9188,0.27534,0.46667,0.28773,0.14436,0.58029,0.97381,0.48333,WARNING,2026-09-10 06:21:30
0.02433,0.5575,0.07823,0.00141,0.03759,1.5892,30.0,0.0414,0.0339,0.9568,0.97,3.0,111.39824,0.751,1.0,1.51146,90.0,1.17,0.48049,2.70792,0.5655,3.13531,10.41756,0.27371,0.5,0.2634,0.23693,0.48936,0.97825,0.43333,HIGH,2026-09-10 06:21:30
0.0266,1.0085,0.1345,0.00584,0.07644,1.4598,50.0,0.0878,0.0431,0.9863,0.9889,2.0,105.01566,0.6303,1.0,1.99166,83.16,1.386,0.56829,1.94544,0.4879,2.78194,4.40538,0.31929,0.35,0.24456,0.26186,0.41885,0.95396,0.06667,HIGH,2026-09-10 06:21:30
0.02345,0.4987,0.08343,0.00244,0.04938,1.7516,35.0,0.0373,0.0339,0.9561,0.9528,2.0,224.74493,0.7408,1.0,1.87287,125.28,1.74,0.59186,2.32783,0.4934,3.14884,6.75028,0.32369,0.35,0.2656,0.15082,0.52549,0.9606,0.13333,HIGH,2026-09-10 06:21:30
0.00401,0.4369,0.06848,0.00088,0.0297,1.4791,50.0,0.0284,0.0302,0.95,0.9284,2.0,78.43927,0.8023,1.0,1.22876,90.0,1.17,0.4337,2.73041,0.5834,3.02899,11.44409,0.45207,0.36667,0.26757,0.1463,0.40163,0.94525,0.18333,WARNING,2026-09-10 06:21:30
0.00541,0.4327,0.06547,0.00054,0.02313,1.4978,50.0,0.0297,0.0302,0.9185,0.9204,2.0,93.97452,0.7579,1.0,1.91964,120.24,1.158,0.35332,0.92969,0.5844,1.83494,0.61574,0.45381,0.18333,0.26422,0.11177,0.43442,0.96022,0.38333,WARNING,2026-09-10 06:21:40
0.02616,0.5222,0.08739,0.00239,0.04889,1.8063,35.0,0.0389,0.0339,0.9478,0.9503,2.0,224.74493,0.7373,1.0,1.87287,125.28,1.74,0.55949,2.22455,0.4921,3.04787,6.38798,0.28721,0.35,0.2658,0.13342,0.57936,0.95321,0.5,HIGH,2026-09-10 06:21:40
0.02756,1.0526,0.13921,0.00614,0.07836,1.5028,50.0,0.0907,0.0573,0.9885,0.9914,2.0,105.01566,0.6251,1.0,1.99166,103.32,1.722,0.56289,1.79571,0.4468,2.69397,3.52087,0.26669,0.35,0.25839,0.2062,0.52711,0.96428,0.33333,HIGH,2026-09-10 06:21:40
0.00593,0.34,0.0642,0.00056,0.02374,1.4984,50.0,0.0218,0.0269,0.8207,0.8815,1.0,108.89135,0.8143,1.0,1.3833,83.52,0.84,0.36975,1.27946,0.6663,2.21406,2.14888,0.3702,0.46667,0.26665,0.22335,0.40645,0.95457,0.26667,WARNING,2026-09-10 06:21:40
0.0247,0.5561,0.08627,0.00271,0.05209,1.6305,30.0,0.0408,0.0345,0.9563,0.972,3.0,111.39824,0.7523,1.0,1.51146,102.24,1.704,0.60381,2.93823,0.4887,3.31377,9.58625,0.26124,0.43333,0.27025,0.22517,0.51359,0.95784,0.5,HIGH,2026-09-10 06:21:40
0.00801,0.3348,0.06497,0.00053,0.02294,1.5457,50.0,0.0274,0.0301,0.8744,0.9099,1.0,108.89135,0.7976,1.0,1.3833,83.52,1.002,0.35314,1.42898,0.6326,2.19947,2.49089,0.32077,0.46667,0.24827,0.33291,0.34632,0.95287,0.05,WARNING,2026-09-10 06:21:50
0.02504,0.6366,0.09023,0.00267,0.05167,1.6545,30.0,0.0434,0.0345,0.949,0.9711,3.0,200.65178,0.7271,1.0,1.86633,99.72,1.284,0.57271,2.84752,0.5424,3.2112,9.09809,0.29374,0.43333,0.26524,0.20582,0.50044,0.95793,0.08333,HIGH,2026-09-10 06:21:50
0.02732,1.0816,0.14106,0.00541,0.07354,1.5292,50.0,0.0941,0.0573,0.987,0.9928,2.0,106.74473,0.6194,1.0,1.99166,85.32,1.47,0.52136,1.72044,0.4663,2.70478,3.6129,0.30166,0.43333,0.26958,0.12753,0.57081,0.95754,0.45,HIGH,2026-09-10 06:21:50
0.02577,0.5209,0.08972,0.00216,0.04648,1.8266,35.0,0.044,0.0354,0.9727,0.9584,2.0,224.74493,0.7245,1.0,1.87287,125.28,1.74,0.5181,2.45046,0.489,3.01972,7.76106,0.31192,0.5,0.26346,0.12096,0.56712,0.96474,0.35,HIGH,2026-09-10 06:21:50
0.00831,0.4408,0.0661,0.0005,0.02245,1.5526,50.0,0.032,0.0302,0.9317,0.8753,2.0,96.46992,0.7842,1.0,1.36977,90.0,1.086,0.33958,0.9348,0.5975,1.82521,0.79761,0.39703,0.38333,0.26522,0.1608,0.44217,0.95241,0.18333,WARNING,2026-09-10 06:21:50
0.00697,0.4744,0.06878,0.00053,0.02311,1.56,50.0,0.0347,0.0302,0.9505,0.8787,2.0,96.46992,0.7766,1.0,1.36977,157.68,1.65,0.33606,0.60621,0.5142,1.7477,-0.11409,0.3772,0.2,0.23759,0.30452,0.31828,0.95007,0.18333,WARNING,2026-09-10 06:22:00
0.02671,0.5536,0.09398,0.00226,0.04753,1.8426,35.0,0.0456,0.0354,0.9764,0.9551,2.0,224.74493,0.7207,1.0,1.87287,88.92,1.74,0.50581,2.15302,0.4857,2.89721,6.14422,0.33169,0.5,0.26802,0.13139,0.53692,0.96241,0.35,HIGH,2026-09-10 06:22:00
0.02922,1.1296,0.14576,0.0055,0.07414,1.546,50.0,0.0974,0.0573,0.9909,0.9944,2.0,106.74473,0.6136,1.0,1.99166,95.04,1.584,0.50863,1.51512,0.4492,2.63086,2.63043,0.40416,0.25,0.26433,0.13267,0.46317,0.95946,0.45,HIGH,2026-09-10 06:22:00
0.02697,0.6256,0.09121,0.00276,0.05249,1.6665,30.0,0.046,0.0345,0.9549,0.9794,3.0,200.65178,0.7209,1.0,1.86633,99.72,1.494,0.57551,2.67883,0.5081,3.17284,8.20116,0.2442,0.43333,0.246,0.30628,0.44951,0.96378,0.08333,HIGH,2026-09-10 06:22:00
0.00952,0.3516,0.06245,0.00056,0.02359,1.6085,50.0,0.0285,0.023,0.879,0.8994,1.0,108.89135,0.7946,1.0,1.3833,60.84,1.038,0.3777,1.4521,0.6195,2.27051,2.63751,0.27584,0.5,0.24638,0.33331,0.39085,0.94755,0.48333,WARNING,2026-09-10 06:22:00
0.00781,0.3329,0.06413,0.00061,0.02473,1.5954,50.0,0.0281,0.023,0.8667,0.9067,1.0,108.89135,0.7961,1.0,1.3833,67.68,1.038,0.38563,1.27265,0.6158,2.20504,1.83598,0.25201,0.5,0.26072,0.27113,0.47687,0.95811,0.03333,WARNING,2026-09-10 06:22:10
0.02817,0.6622,0.09252,0.00237,0.04864,1.7042,30.0,0.0494,0.0429,0.963,0.98,3.0,200.65178,0.7129,1.0,1.86633,99.72,1.494,0.52572,2.70237,0.5073,3.19336,9.19672,0.248,0.05,0.24508,0.32184,0.43016,0.97881,0.03333,HIGH,2026-09-10 06:22:10
0.03142,1.216,0.14925,0.00421,0.06486,1.5732,50.0,0.0973,0.0608,0.9919,0.9906,2.0,106.74473,0.6137,1.0,1.99166,95.04,1.584,0.43457,0.89628,0.4448,2.11662,0.11839,0.31311,0.35,0.27035,0.1714,0.51548,0.95691,0.23333,HIGH,2026-09-10 06:22:10
0.02826,0.591,0.09701,0.00229,0.04789,1.8969,35.0,0.0466,0.0439,0.9786,0.9808,2.0,137.51246,0.6972,1.0,2.29187,73.8,1.23,0.49365,2.08529,0.5503,2.82007,5.50992,0.32241,0.5,0.2535,0.24392,0.43366,0.96939,0.35,HIGH,2026-09-10 06:22:10
0.0062,0.4726,0.07041,0.00054,0.02321,1.5907,50.0,0.0348,0.0302,0.9438,0.9205,2.0,96.46992,0.76,1.0,1.64915,157.68,1.65,0.32961,0.58079,0.5075,1.7105,-0.15983,0.33339,0.08333,0.22912,0.37801,0.2886,0.94302,0.1,WARNING,2026-09-10 06:22:10
0.00846,0.3989,0.06589,0.00063,0.02517,1.6218,50.0,0.0243,0.023,0.9312,0.9297,1.0,58.30788,0.8341,1.0,0.93906,67.68,1.038,0.38204,1.15975,0.6076,2.14885,1.41519,0.22678,0.01667,0.23322,0.37468,0.39854,0.96867,0.41667,WARNING,2026-09-10 06:22:20
0.03137,0.7019,0.0946,0.00235,0.04843,1.7511,30.0,0.0507,0.0429,0.9809,0.9688,3.0,200.65178,0.7092,1.0,1.86633,99.72,1.494,0.51192,2.68241,0.5055,3.14059,9.01894,0.34101,0.03333,0.24429,0.27828,0.38071,0.96468,0.41667,HIGH,2026-09-10 06:22:20
0.03472,1.2689,0.14975,0.0044,0.06632,1.5913,50.0,0.0967,0.0608,0.9888,0.9925,2.0,106.74473,0.6203,1.0,1.85262,95.04,1.584,0.44288,1.21101,0.4384,2.11489,0.97135,0.21467,0.36667,0.27003,0.20765,0.57768,0.97215,0.35,HIGH,2026-09-10 06:22:20
0.02993,0.5885,0.09024,0.00109,0.03307,1.9633,35.0,0.0434,0.0439,0.9797,0.9784,2.0,115.34021,0.7593,1.0,1.25783,82.44,1.23,0.36648,1.09353,0.5483,1.9612,0.50653,0.42204,0.3,0.25486,0.1864,0.39156,0.97568,0.16667,HIGH,2026-09-10 06:22:20
0.00502,0.4898,0.06943,0.00055,0.0235,1.608,50.0,0.0369,0.0302,0.9652,0.9235,2.0,96.46992,0.7701,1.0,1.36977,157.68,1.65,0.33843,0.66809,0.5051,1.72995,-0.18761,0.22637,0.08333,0.26404,0.28825,0.48538,0.96128,0.5,WARNING,2026-09-10 06:22:20
0.00779,0.487,0.07219,0.00087,0.02952,1.6644,50.0,0.0342,0.0337,0.9508,0.9212,2.0,96.46992,0.7779,1.0,1.36977,157.68,1.65,0.40886,1.85129,0.5044,2.66112,5.63458,0.18532,0.5,0.29087,0.18155,0.63313,0.95533,0.48333,WARNING,2026-09-10 06:22:30
0.03103,0.6159,0.09255,0.00125,0.03542,2.0133,35.0,0.0423,0.0437,0.9736,0.9805,2.0,141.62064,0.7357,1.0,1.7363,73.8,1.23,0.38274,1.02305,0.5493,1.9861,0.631,0.50055,0.3,0.26178,0.10529,0.39416,0.96632,0.16667,HIGH,2026-09-10 06:22:30
0.03394,1.3113,0.15402,0.00442,0.06648,1.6492,50.0,0.1025,0.0608,0.9933,0.9925,2.0,106.74473,0.6102,1.0,1.85262,126.72,2.112,0.43167,1.1243,0.3897,2.06466,0.68345,0.23587,0.38333,0.26901,0.19691,0.56723,0.96791,0.4,HIGH,2026-09-10 06:22:30
0.03142,0.7115,0.09584,0.00233,0.04827,1.7883,30.0,0.0513,0.0424,0.9784,0.9796,3.0,200.65178,0.7081,1.0,1.86633,99.72,1.494,0.50363,2.56961,0.5033,3.11021,8.82842,0.51763,0.18333,0.23896,0.17313,0.30925,0.94514,0.16667,HIGH,2026-09-10 06:22:30
0.00886,0.3985,0.06224,0.0004,0.02007,1.623,50.0,0.023,0.023,0.9178,0.9447,1.0,54.87016,0.8414,1.0,0.89925,83.16,1.038,0.32249,0.82262,0.6025,1.87614,1.0635,0.35156,0.41667,0.22737,0.34099,0.30745,0.9693,0.1,WARNING,2026-09-10 06:22:30
0.01171,0.4023,0.06301,0.00037,0.01929,1.7055,50.0,0.0206,0.023,0.8987,0.9313,1.0,67.13671,0.8349,1.0,1.1016,83.16,1.422,0.30607,0.62551,0.5417,1.86186,0.99008,0.46418,0.21667,0.23347,0.23515,0.30068,0.97397,0.11667,WARNING,2026-09-10 06:22:40
0.03248,0.7312,0.09384,0.00114,0.03372,1.8129,30.0,0.0506,0.0424,0.9778,0.9807,3.0,200.65178,0.7098,1.0,1.86633,102.96,1.716,0.35938,0.99515,0.4734,2.10606,1.08194,0.53593,0.13333,0.25531,0.10013,0.36394,0.95869,0.15,HIGH,2026-09-10 06:22:40
0.03542,1.357,0.16228,0.00538,0.07336,1.6827,50.0,0.105,0.0714,0.9925,0.9938,2.0,194.2222,0.5569,1.0,3.31058,95.4,1.74,0.45204,1.19934,0.4186,2.09904,0.61022,0.40467,0.38333,0.23461,0.23819,0.35714,0.97086,0.13333,HIGH,2026-09-10 06:22:40
0.03261,0.6536,0.09282,0.0012,0.03465,2.0497,35.0,0.0436,0.0437,0.965,0.9801,2.0,141.62064,0.7329,1.0,1.7363,73.8,1.23,0.37329,1.07694,0.5423,1.98639,0.80651,0.49433,0.3,0.24773,0.15611,0.34956,0.96188,0.33333,HIGH,2026-09-10 06:22:40
0.00735,0.5247,0.07355,0.00081,0.02842,1.6957,50.0,0.0323,0.0375,0.9615,0.9431,2.0,96.46992,0.8027,1.0,1.04673,157.68,1.65,0.38643,1.9331,0.502,2.63188,6.35908,0.27206,0.46667,0.28159,0.1847,0.54323,0.96492,0.48333,WARNING,2026-09-10 06:22:40
0.01116,0.39,0.06532,0.00039,0.0198,1.7422,50.0,0.0246,0.023,0.9137,0.936,1.0,67.13671,0.8273,1.0,1.03316,107.28,1.95,0.30315,0.68276,0.474,1.79731,1.15999,0.54802,0.21667,0.26147,0.0722,0.37978,0.95063,0.4,WARNING,2026-09-10 06:22:50
0.03343,0.7384,0.09684,0.0013,0.03608,1.8708,30.0,0.0544,0.0424,0.9865,0.9789,3.0,92.49399,0.7212,1.0,1.4647,103.68,1.494,0.37254,1.18543,0.4983,2.06031,1.62032,0.40653,0.11667,0.27193,0.09741,0.49606,0.97342,0.45,HIGH,2026-09-10 06:22:50
0.03871,1.4226,0.16284,0.00535,0.07311,1.7205,50.0,0.1093,0.0714,0.9959,0.9949,2.0,87.97671,0.611,1.0,1.52406,95.4,1.74,0.44896,1.17741,0.4133,2.09422,0.60932,0.48851,0.36667,0.24064,0.15454,0.35695,0.97574,0.16667,HIGH,2026-09-10 06:22:50
0.03624,0.6795,0.09128,0.00119,0.03448,2.1406,35.0,0.0465,0.0437,0.9748,0.9767,2.0,141.62064,0.7257,1.0,1.7363,73.8,1.23,0.37772,1.13968,0.5438,2.01694,1.02098,0.41748,0.33333,0.24007,0.26009,0.32242,0.94962,0.05,HIGH,2026-09-10 06:22:50
0.0089,0.554,0.07711,0.00095,0.03087,1.7321,50.0,0.0358,0.0375,0.9512,0.9666,2.0,86.79128,0.7995,1.0,0.95206,88.92,1.65,0.40039,1.68997,0.4971,2.49874,4.04423,0.40893,0.36667,0.26073,0.13405,0.45702,0.97993,0.23333,WARNING,2026-09-10 06:22:50
0.00845,0.5637,0.07514,0.00088,0.02969,1.7833,50.0,0.039,0.0375,0.9588,0.9756,2.0,86.79128,0.7903,1.0,0.95206,88.92,1.194,0.39516,2.04399,0.562,2.56879,5.64272,0.44422,0.36667,0.27142,0.07789,0.47789,0.96596,0.35,WARNING,2026-09-10 06:23:00
0.03406,0.6925,0.08972,0.0012,0.03458,2.1452,35.0,0.0487,0.0437,0.9654,0.9639,2.0,141.62064,0.7211,1.0,1.7363,132.12,2.406,0.38549,1.62398,0.4093,2.24679,3.30387,0.33612,0.33333,0.24316,0.2298,0.43408,0.96158,0.35,HIGH,2026-09-10 06:23:00
0.03772,1.4733,0.15864,0.00455,0.06744,1.7475,50.0,0.1106,0.0714,0.9949,0.995,2.0,87.97671,0.6091,1.0,1.52406,95.4,1.74,0.42512,1.41273,0.4124,2.16831,1.44985,0.35444,0.36667,0.25868,0.14653,0.49902,0.97598,0.16667,HIGH,2026-09-10 06:23:00
0.03748,0.7885,0.10092,0.00117,0.03416,1.9186,30.0,0.0561,0.0424,0.9864,0.981,3.0,92.49399,0.7173,1.0,1.4647,103.68,1.428,0.33852,1.10366,0.503,1.998,1.87473,0.31685,0.38333,0.29127,0.08096,0.60218,0.94996,0.36667,HIGH,2026-09-10 06:23:00
0.01282,0.4537,0.06481,0.00037,0.01918,1.7918,50.0,0.0263,0.0238,0.9243,0.9172,1.0,67.13671,0.8219,1.0,1.03316,138.96,2.406,0.29594,0.90486,0.4272,1.81509,1.52096,0.50347,0.21667,0.25409,0.10741,0.38911,0.96516,0.23333,WARNING,2026-09-10 06:23:00
0.01341,0.4271,0.06319,0.00032,0.01796,1.8227,50.0,0.0278,0.0238,0.8879,0.9543,1.0,67.13671,0.8121,1.0,1.13661,95.04,0.966,0.28426,0.98999,0.6193,1.80506,1.95888,0.29193,0.35,0.25315,0.27798,0.43008,0.9568,0.36667,WARNING,2026-09-10 06:23:10
0.03652,0.8472,0.10201,0.00095,0.03086,1.9407,30.0,0.055,0.0424,0.9822,0.9841,3.0,92.49399,0.7201,1.0,1.4647,103.68,1.428,0.30252,0.79674,0.5017,1.99709,1.45277,0.44617,0.38333,0.26836,0.07775,0.47608,0.95699,0.4,HIGH,2026-09-10 06:23:10
0.04123,1.5182,0.16826,0.00599,0.07737,1.7983,50.0,0.1136,0.0714,0.9964,0.9963,2.0,87.97671,0.604,1.0,1.52406,95.4,1.74,0.45981,1.66183,0.408,2.47444,2.59417,0.29585,0.46667,0.26686,0.15005,0.5541,0.95277,0.13333,HIGH,2026-09-10 06:23:10
0.03809,0.7086,0.08868,0.001,0.03158,2.2264,35.0,0.0488,0.0437,0.9708,0.968,2.0,141.62064,0.7206,1.0,1.7363,97.56,1.734,0.35618,1.69848,0.4711,2.29468,4.56619,0.28575,0.31667,0.24493,0.1892,0.52504,0.94829,0.33333,HIGH,2026-09-10 06:23:10
0.00921,0.5993,0.07467,0.00081,0.02849,1.7968,50.0,0.0397,0.0375,0.9542,0.9786,2.0,86.79128,0.786,1.0,0.99372,71.64,1.194,0.38161,2.27274,0.5591,2.59658,7.13352,0.41741,0.35,0.26155,0.1237,0.45889,0.96712,0.36667,WARNING,2026-09-10 06:23:10
0.0136,0.4422,0.06288,0.00029,0.01698,1.8527,50.0,0.0305,0.0238,0.9085,0.9622,1.0,68.45171,0.8035,1.0,1.14086,95.04,1.026,0.27003,0.81588,0.6024,1.82041,1.81727,0.21892,0.06667,0.24414,0.40457,0.37652,0.95031,0.05,WARNING,2026-09-10 06:23:20
0.04038,0.8511,0.10589,0.001,0.03157,1.9908,30.0,0.057,0.0424,0.9888,0.9884,3.0,90.07479,0.7224,1.0,1.32297,103.68,1.428,0.29818,0.86137,0.4952,1.92631,1.5659,0.54105,0.38333,0.26209,0.06639,0.39256,0.96788,0.28333,HIGH,2026-09-10 06:23:20
0.04389,1.6052,0.17903,0.00773,0.08791,1.8075,50.0,0.1169,0.0888,0.9945,0.9963,2.0,87.77062,0.5988,1.0,1.52406,97.2,1.872,0.49106,2.26504,0.3923,2.84896,6.13614,0.33798,0.46667,0.24714,0.2296,0.43242,0.96917,0.03333,HIGH,2026-09-10 06:23:20
0.03958,0.7326,0.09325,0.00186,0.04311,2.2738,35.0,0.0484,0.0437,0.9682,0.9637,2.0,141.62064,0.7216,1.0,1.7363,105.12,1.404,0.4623,2.61849,0.5113,2.98099,9.2364,0.3246,0.31667,0.24027,0.24066,0.43474,0.97344,0.43333,HIGH,2026-09-10 06:23:20
0.00894,0.631,0.07601,0.00081,0.02839,1.8289,50.0,0.0409,0.0375,0.952,0.9752,2.0,61.14225,0.7813,1.0,1.01904,71.64,1.194,0.37344,2.18915,0.5555,2.55754,6.85623,0.47428,0.35,0.24364,0.17164,0.35407,0.98184,0.13333,WARNING,2026-09-10 06:23:20
0.01078,0.6153,0.07683,0.00045,0.02117,1.8937,50.0,0.0404,0.0395,0.9502,0.97,2.0,109.96626,0.7358,1.0,1.83277,84.96,1.746,0.27559,1.26238,0.4794,1.91473,2.62237,0.50165,0.13333,0.21388,0.2497,0.24866,0.95083,0.35,WARNING,2026-09-10 06:23:30
0.04058,0.7566,0.09406,0.00176,0.042,2.3226,35.0,0.05,0.0445,0.973,0.9644,2.0,127.65613,0.7342,1.0,1.42756,105.12,1.272,0.44653,2.68207,0.5251,2.97272,9.95383,0.32197,0.08333,0.25345,0.27294,0.40509,0.97405,0.1,HIGH,2026-09-10 06:23:30
0.04296,1.6427,0.18441,0.00809,0.08992,1.8745,50.0,0.1197,0.0888,0.9961,0.9968,2.0,81.79648,0.596,1.0,1.47493,97.2,1.872,0.48761,2.09659,0.3911,2.7695,5.06637,0.41117,0.03333,0.24892,0.23283,0.356,0.96982,0.01667,HIGH,2026-09-10 06:23:30
0.04024,0.8435,0.1073,0.00094,0.03074,2.0299,30.0,0.0605,0.048,0.9823,0.9698,3.0,79.3784,0.7149,1.0,1.32297,103.68,1.428,0.28644,0.97839,0.4997,1.90683,1.68108,0.40434,0.36667,0.26362,0.13385,0.46181,0.96373,0.26667,HIGH,2026-09-10 06:23:30
0.01446,0.4688,0.06404,0.00028,0.01675,1.874,50.0,0.0307,0.0312,0.9115,0.9554,1.0,66.0535,0.8056,1.0,1.10089,95.04,1.026,0.26157,0.93846,0.6042,1.79123,1.46415,0.36844,0.06667,0.23541,0.35852,0.27304,0.96772,0.18333,WARNING,2026-09-10 06:23:30
0.01609,0.497,0.06443,0.00032,0.01792,1.9653,50.0,0.0299,0.0312,0.9294,0.948,1.0,66.0535,0.807,1.0,1.10089,70.2,1.17,0.27806,0.82209,0.5742,1.77299,0.8064,0.50745,0.16667,0.24815,0.19075,0.3018,0.96301,0.06667,WARNING,2026-09-10 06:23:40
0.04224,0.8847,0.11396,0.00127,0.0357,2.0814,30.0,0.0588,0.048,0.979,0.9825,3.0,193.21326,0.7011,1.0,1.67758,99.36,1.656,0.31328,1.2306,0.4691,2.03378,2.24537,0.30096,0.36667,0.264,0.17166,0.52738,0.95428,0.45,HIGH,2026-09-10 06:23:40
0.04501,1.704,0.18572,0.00689,0.08298,1.9027,50.0,0.1212,0.0888,0.9964,0.9974,2.0,81.79648,0.5956,1.0,1.41997,102.96,1.872,0.44679,2.40517,0.3897,2.79275,7.32746,0.43327,0.13333,0.26054,0.14854,0.41819,0.97473,0.45,HIGH,2026-09-10 06:23:40
0.04191,0.7925,0.09761,0.00187,0.04322,2.3752,35.0,0.0515,0.0464,0.9759,0.9698,2.0,83.16945,0.7327,1.0,1.38616,111.96,1.866,0.44284,2.40115,0.4523,2.86858,7.92355,0.2582,0.1,0.25883,0.31539,0.42641,0.96497,0.08333,HIGH,2026-09-10 06:23:40
0.01133,0.6598,0.07783,0.00044,0.02088,1.9174,50.0,0.0385,0.042,0.9715,0.9653,2.0,66.43138,0.7866,1.0,1.02215,84.96,1.746,0.26824,1.32295,0.4806,1.89347,2.70938,0.41765,0.15,0.22355,0.30896,0.27339,0.96547,0.05,WARNING,2026-09-10 06:23:40
0.01671,0.4903,0.06618,0.00047,0.02176,1.9834,50.0,0.0322,0.0312,0.9079,0.9566,1.0,114.54923,0.7527,1.0,1.90915,70.2,1.536,0.32876,1.58712,0.5158,2.29416,4.23051,0.513,0.23333,0.27573,0.07112,0.41588,0.96729,0.33333,WARNING,2026-09-10 06:23:50
0.0444,0.9228,0.11629,0.00173,0.04154,2.1059,30.0,0.0599,0.048,0.9823,0.983,3.0,193.21326,0.6986,1.0,1.67758,99.36,1.656,0.35718,1.90089,0.4701,2.42521,5.71804,0.2805,0.36667,0.26488,0.20175,0.51776,0.94277,0.45,HIGH,2026-09-10 06:23:50
0.04896,1.7683,0.19701,0.00829,0.09105,1.925,50.0,0.121,0.1074,0.9946,0.9961,2.0,143.4045,0.5962,1.0,1.41997,102.96,1.872,0.46214,1.93168,0.3897,2.61775,4.05894,0.48351,0.13333,0.26902,0.0813,0.43519,0.9787,0.15,HIGH,2026-09-10 06:23:50
0.0434,0.8264,0.10066,0.00174,0.04175,2.433,35.0,0.0539,0.0464,0.989,0.9704,2.0,72.764,0.7357,1.0,1.21273,111.96,1.866,0.41474,2.50819,0.4539,2.80966,8.69749,0.28648,0.1,0.2601,0.25356,0.45996,0.96757,0.08333,HIGH,2026-09-10 06:23:50
0.01001,0.6904,0.07405,0.00027,0.01649,1.9596,50.0,0.0388,0.042,0.9743,0.965,2.0,66.43138,0.7858,1.0,1.02215,170.64,1.746,0.22269,0.01416,0.4796,1.55072,-0.22298,0.3738,0.15,0.25115,0.25152,0.37468,0.97207,0.16667,WARNING,2026-09-10 06:23:50
0.04661,0.8383,0.10095,0.00151,0.03882,2.5104,35.0,0.0546,0.0464,0.9889,0.9619,2.0,102.33469,0.7085,1.0,1.70558,116.64,1.866,0.38454,2.6918,0.4512,2.83057,11.21515,0.35557,0.43333,0.26564,0.16483,0.4796,0.97245,0.46667,HIGH,2026-09-10 06:24:00
0.0512,1.8263,0.20313,0.00849,0.09212,1.9815,50.0,0.1263,0.1074,0.9956,0.996,2.0,80.43679,0.5849,1.0,1.50441,157.68,2.67,0.4535,1.7825,0.3342,2.54711,3.41607,0.53472,0.11667,0.2601,0.13039,0.33489,0.95758,0.26667,HIGH,2026-09-10 06:24:00
0.01058,0.6819,0.07761,0.00043,0.02076,1.9832,50.0,0.0414,0.042,0.9746,0.9725,2.0,119.46986,0.7787,1.0,1.02215,170.64,1.746,0.26753,1.0313,0.4802,2.01392,3.15374,0.3144,0.1,0.26382,0.25876,0.42684,0.96418,0.06667,WARNING,2026-09-10 06:24:00
0.01675,0.511,0.0693,0.00045,0.02122,1.9986,50.0,0.0344,0.0351,0.9495,0.9351,1.0,163.8361,0.7656,1.0,1.56444,78.48,1.308,0.30618,1.44844,0.5513,2.20503,3.95956,0.52601,0.23333,0.25861,0.13428,0.33971,0.97051,0.21667,WARNING,2026-09-10 06:24:00
0.0472,0.9575,0.11808,0.00181,0.04249,2.1669,30.0,0.0601,0.048,0.9768,0.9793,3.0,193.21326,0.6983,1.0,1.67758,99.36,1.656,0.35982,1.72457,0.4642,2.38654,4.73086,0.37733,0.16667,0.24352,0.24391,0.37877,0.96365,0.36667,HIGH,2026-09-10 06:24:00
0.01683,0.5539,0.07088,0.00047,0.02177,2.0424,50.0,0.0315,0.0351,0.9388,0.9379,1.0,163.8361,0.7734,1.0,1.56444,118.8,1.98,0.30706,1.30528,0.4654,2.15535,3.26193,0.50868,0.21667,0.22915,0.26498,0.22634,0.96515,0.2,WARNING,2026-09-10 06:24:10
0.04859,1.0098,0.12077,0.0018,0.04241,2.223,30.0,0.0622,0.048,0.9801,0.9813,3.0,193.21326,0.6937,1.0,1.67758,99.36,1.656,0.35116,1.66233,0.4597,2.33958,4.39328,0.5599,0.16667,0.23619,0.18666,0.25344,0.9657,0.18333,HIGH,2026-09-10 06:24:10
0.05195,1.8847,0.20118,0.00698,0.08356,2.0158,50.0,0.127,0.1077,0.9957,0.9944,2.0,69.87174,0.5869,1.0,1.415,157.68,2.67,0.41537,2.00451,0.331,2.60733,5.1122,0.54972,0.3,0.26297,0.14481,0.30548,0.95811,0.28333,HIGH,2026-09-10 06:24:10
0.04772,0.852,0.10194,0.00154,0.03924,2.5657,35.0,0.053,0.0464,0.986,0.9789,2.0,73.50759,0.7305,1.0,1.35245,127.08,2.118,0.38489,2.57301,0.423,2.80261,10.40499,0.4704,0.25,0.283,0.08783,0.44177,0.96135,0.26667,HIGH,2026-09-10 06:24:10
0.01229,0.6752,0.0797,0.0005,0.02229,2.0412,50.0,0.0395,0.042,0.9797,0.9697,2.0,119.46986,0.7837,1.0,1.02215,170.64,1.746,0.27966,0.93346,0.4781,1.95495,2.21271,0.26083,0.06667,0.24713,0.30067,0.4385,0.97127,0.08333,WARNING,2026-09-10 06:24:10
0.01898,0.52,0.07591,0.00104,0.03218,2.1077,50.0,0.0313,0.0351,0.9384,0.9387,1.0,163.8361,0.774,1.0,1.56444,92.16,1.17,0.42399,2.50773,0.5723,2.83571,8.83753,0.5412,0.11667,0.21552,0.2542,0.2046,0.94422,0.13333,WARNING,2026-09-10 06:24:20
0.05103,1.0128,0.12095,0.00175,0.04183,2.2595,30.0,0.0631,0.048,0.9823,0.9864,3.0,193.21326,0.6917,1.0,1.67758,99.36,1.656,0.34584,1.64416,0.4569,2.34,4.60906,0.67005,0.16667,0.23184,0.13832,0.19164,0.95688,0.18333,HIGH,2026-09-10 06:24:20
0.05563,1.949,0.20616,0.00534,0.07307,2.0527,50.0,0.1282,0.1077,0.9957,0.9965,2.0,91.14127,0.5815,1.0,1.51902,157.68,2.67,0.35445,0.92004,0.3279,1.84877,0.093,0.55372,0.3,0.26386,0.13398,0.3123,0.96121,0.23333,HIGH,2026-09-10 06:24:20
0.05048,0.8889,0.10464,0.00159,0.03991,2.6301,35.0,0.0557,0.0464,0.9844,0.9791,2.0,120.20794,0.6916,1.0,2.00347,139.32,2.322,0.38139,1.73934,0.4073,2.26681,3.54075,0.48781,0.25,0.23008,0.25841,0.25377,0.96166,0.16667,HIGH,2026-09-10 06:24:20
0.01034,0.7101,0.08088,0.00045,0.0213,2.0687,50.0,0.0409,0.042,0.9826,0.9669,2.0,119.46986,0.7649,1.0,1.27097,170.64,1.746,0.26333,1.04614,0.4743,1.93432,2.76789,0.27372,0.06667,0.2538,0.28502,0.44126,0.95457,0.41667,WARNING,2026-09-10 06:24:20
0.0131,0.7122,0.08457,0.0006,0.02445,2.1391,50.0,0.0424,0.042,0.9732,0.9792,2.0,119.46986,0.7616,1.0,1.27097,170.64,1.782,0.28915,0.92439,0.4679,1.83797,1.54477,0.35682,0.06667,0.2517,0.27977,0.36342,0.9625,0.16667,WARNING,2026-09-10 06:24:30
0.04991,0.921,0.10418,0.0014,0.03739,2.6961,35.0,0.0559,0.0574,0.9896,0.9858,2.0,104.34464,0.7169,1.0,1.47866,111.96,1.866,0.35892,2.12439,0.4459,2.29343,5.23399,0.41129,0.15,0.24655,0.21699,0.37172,0.96454,0.45,HIGH,2026-09-10 06:24:30
0.05473,1.9974,0.20322,0.00473,0.06879,2.1053,50.0,0.1271,0.1077,0.9961,0.9963,2.0,91.14127,0.5831,1.0,1.51902,157.68,2.67,0.3385,1.09102,0.3275,1.88467,0.64297,0.54713,0.23333,0.25698,0.16726,0.28561,0.95753,0.3,HIGH,2026-09-10 06:24:30
0.0527,1.0477,0.12263,0.0017,0.04124,2.3369,30.0,0.0652,0.0646,0.984,0.9891,3.0,193.21326,0.6872,1.0,1.67758,113.76,1.896,0.3363,1.716,0.4321,2.31452,4.64782,0.5506,0.16667,0.25414,0.12745,0.32195,0.9693,0.23333,HIGH,2026-09-10 06:24:30
0.01846,0.5713,0.07869,0.00102,0.03197,2.1306,50.0,0.0312,0.0351,0.9059,0.9301,1.0,164.6117,0.762,1.0,1.79024,100.08,1.668,0.40624,2.34592,0.5015,2.75234,8.28392,0.56179,0.11667,0.24024,0.12619,0.31202,0.95698,0.13333,WARNING,2026-09-10 06:24:30
0.02035,0.5848,0.08109,0.00107,0.03274,2.2037,50.0,0.0319,0.0331,0.9164,0.9457,1.0,163.8361,0.7599,1.0,1.79024,100.08,1.668,0.40371,2.2202,0.4974,2.67331,7.05702,0.50971,0.2,0.25114,0.10466,0.38564,0.98216,0.21667,WARNING,2026-09-10 06:24:40
0.05316,1.0806,0.11937,0.00147,0.03828,2.3592,30.0,0.0652,0.0646,0.9857,0.9911,3.0,136.28461,0.6602,1.0,2.27141,92.88,1.404,0.32066,1.83289,0.4846,2.38864,6.22077,0.31387,0.5,0.29325,0.07877,0.60736,0.95932,0.48333,HIGH,2026-09-10 06:24:40
0.05832,2.0832,0.20795,0.00514,0.07167,2.1587,50.0,0.128,0.1077,0.9955,0.9949,2.0,134.95261,0.5582,1.0,2.24921,162.36,2.904,0.34464,0.96546,0.3137,1.83836,0.12968,0.59417,0.23333,0.25116,0.15699,0.24884,0.94696,0.25,HIGH,2026-09-10 06:24:40
0.05394,0.931,0.10426,0.00132,0.03628,2.7558,35.0,0.0583,0.0574,0.9822,0.9818,2.0,106.70866,0.6969,1.0,1.77848,153.72,2.562,0.34799,2.25065,0.3875,2.29933,6.14125,0.28183,0.43333,0.26171,0.19634,0.52183,0.97749,0.41667,HIGH,2026-09-10 06:24:40
0.0125,0.7626,0.08787,0.00062,0.02487,2.1627,50.0,0.0451,0.0424,0.9766,0.9854,2.0,119.46986,0.7546,1.0,1.27097,170.64,1.782,0.28304,0.7693,0.4649,1.77176,0.83098,0.45621,0.06667,0.22568,0.32084,0.22295,0.94849,0.18333,WARNING,2026-09-10 06:24:40
0.02139,0.5814,0.08109,0.00105,0.03247,2.2429,50.0,0.0341,0.0271,0.8942,0.955,1.0,162.84557,0.7553,1.0,1.79024,100.08,1.668,0.40046,2.08181,0.4951,2.67639,7.06873,0.4729,0.2,0.25238,0.13336,0.39375,0.97185,0.41667,WARNING,2026-09-10 06:24:50
0.0547,1.1132,0.11612,0.00086,0.0293,2.4256,30.0,0.0641,0.0599,0.9804,0.9949,3.0,136.28461,0.6626,1.0,2.27141,92.88,1.404,0.2523,0.48711,0.4882,1.55058,-0.5392,0.20318,0.48333,0.29798,0.085,0.71182,0.959,0.41667,HIGH,2026-09-10 06:24:50
0.0582,2.1467,0.20374,0.00404,0.06358,2.2079,50.0,0.1307,0.1141,0.9954,0.9959,2.0,134.95261,0.5544,1.0,2.24921,162.36,2.904,0.31208,1.20027,0.3129,1.88164,0.95747,0.55901,0.25,0.24481,0.17467,0.26631,0.95671,0.26667,HIGH,2026-09-10 06:24:50
0.05477,0.9455,0.10941,0.00151,0.03888,2.8281,35.0,0.058,0.0574,0.9824,0.9851,2.0,106.70866,0.6977,1.0,1.77848,153.72,2.562,0.35533,1.72839,0.385,2.18618,3.50214,0.23493,0.43333,0.27168,0.19079,0.57428,0.97502,0.41667,HIGH,2026-09-10 06:24:50
0.01425,0.776,0.09257,0.00064,0.02523,2.2391,50.0,0.0446,0.0518,0.9616,0.9831,2.0,152.14922,0.6904,1.0,2.53582,138.24,1.782,0.27257,1.07436,0.4661,1.78127,1.23219,0.45756,0.06667,0.23002,0.32749,0.21495,0.95624,0.05,WARNING,2026-09-10 06:24:50
0.05506,1.0089,0.11018,0.00145,0.03814,2.8874,35.0,0.0577,0.0614,0.9815,0.9828,2.0,106.70866,0.6985,1.0,1.77848,153.72,2.562,0.34612,1.83202,0.3835,2.17697,3.78184,0.23545,0.33333,0.27839,0.18206,0.58249,0.96037,0.43333,HIGH,2026-09-10 06:25:00
0.06029,2.2098,0.21271,0.00441,0.0664,2.2534,50.0,0.1365,0.124,0.9961,0.9961,2.0,134.95261,0.5466,1.0,2.24921,162.36,2.904,0.31214,1.40766,0.3124,2.00659,1.92216,0.32845,0.33333,0.24515,0.18554,0.48602,0.95682,0.35,HIGH,2026-09-10 06:25:00
0.01369,0.8096,0.09109,0.00066,0.02564,2.2895,50.0,0.0467,0.0425,0.9766,0.9791,2.0,118.71163,0.7506,1.0,1.27097,138.24,1.782,0.28147,0.70296,0.4672,1.80604,0.67194,0.47027,0.05,0.22402,0.2868,0.24294,0.96777,0.13333,WARNING,2026-09-10 06:25:00
0.02285,0.6108,0.08362,0.00107,0.03264,2.3332,50.0,0.0342,0.0271,0.9215,0.9522,1.0,162.84557,0.7542,1.0,1.79024,100.08,1.668,0.39036,1.94596,0.4993,2.60405,6.27003,0.42079,0.2,0.25511,0.21129,0.36792,0.95021,0.41667,WARNING,2026-09-10 06:25:00
0.05706,1.1232,0.11502,0.00074,0.02711,2.4853,30.0,0.0636,0.0599,0.9825,0.9933,3.0,136.28461,0.6634,1.0,2.27141,92.88,1.302,0.23572,0.55872,0.4969,1.5713,-0.22991,0.16403,0.4,0.29522,0.08135,0.75462,0.92962,0.41667,HIGH,2026-09-10 06:25:00
0.02325,0.6077,0.08426,0.00102,0.03192,2.3618,50.0,0.032,0.0271,0.904,0.9544,1.0,162.84557,0.76,1.0,1.79024,100.08,1.668,0.37884,2.05594,0.496,2.59427,6.91094,0.3185,0.05,0.25764,0.30175,0.37975,0.9686,0.06667,WARNING,2026-09-10 06:25:10
0.05892,1.1865,0.11861,0.00113,0.03357,2.5336,30.0,0.0666,0.0599,0.9848,0.9924,3.0,136.28461,0.6575,1.0,2.27141,92.88,1.302,0.28308,1.40601,0.4932,2.08538,3.24987,0.19585,0.4,0.26369,0.21803,0.58612,0.95718,0.41667,HIGH,2026-09-10 06:25:10
0.06567,2.2319,0.21974,0.00523,0.07231,2.3066,50.0,0.1399,0.124,0.9955,0.9965,2.0,134.95261,0.5422,1.0,2.24921,162.36,2.904,0.32906,1.43357,0.3107,1.93861,1.79794,0.22723,0.33333,0.27357,0.09128,0.68148,0.93374,0.35,HIGH,2026-09-10 06:25:10
0.06011,1.0258,0.11149,0.00145,0.03812,2.9945,35.0,0.0577,0.0614,0.9791,0.9849,2.0,106.70866,0.6985,1.0,1.77848,153.72,2.562,0.34192,1.76476,0.3812,2.15416,3.54912,0.26117,0.33333,0.2907,0.14462,0.59422,0.95506,0.48333,HIGH,2026-09-10 06:25:10
0.01379,0.83,0.09126,0.00061,0.02467,2.3152,50.0,0.0462,0.0425,0.9776,0.9787,2.0,80.73693,0.7519,1.0,1.27097,194.4,1.782,0.27031,0.70802,0.4674,1.80776,0.95364,0.46065,0.13333,0.23936,0.20946,0.32989,0.97225,0.05,WARNING,2026-09-10 06:25:10
0.02427,0.6283,0.08017,0.00052,0.02274,2.396,50.0,0.0316,0.0271,0.9163,0.9398,1.0,162.84557,0.7607,1.0,1.79024,100.08,1.668,0.28361,0.7574,0.4965,1.86591,1.82845,0.23529,0.05,0.2592,0.34418,0.42053,0.9639,0.06667,WARNING,2026-09-10 06:25:20
0.06382,1.1845,0.12801,0.00277,0.05262,2.6031,30.0,0.0665,0.0599,0.9846,0.9917,3.0,136.28461,0.6577,1.0,2.27141,94.32,2.208,0.41108,2.61085,0.4014,2.76048,8.7079,0.22198,0.01667,0.20349,0.5647,0.21331,0.93028,0.0,HIGH,2026-09-10 06:25:20
0.06731,2.3418,0.21684,0.00476,0.069,2.3382,50.0,0.1391,0.1393,0.9965,0.996,2.0,134.95261,0.5432,1.0,2.24921,162.36,2.904,0.31821,1.68481,0.3076,1.97075,2.80755,0.2551,0.33333,0.28017,0.08394,0.66097,0.94908,0.35,HIGH,2026-09-10 06:25:20
0.06144,1.0573,0.11212,0.00079,0.02815,3.0537,35.0,0.0605,0.0614,0.9853,0.9861,2.0,106.70866,0.6922,1.0,1.77848,153.72,2.562,0.25107,0.82542,0.3804,1.69196,0.60748,0.29977,0.03333,0.27649,0.186,0.51423,0.95372,0.35,HIGH,2026-09-10 06:25:20
0.01614,0.8592,0.09627,0.00075,0.02731,2.3619,50.0,0.0456,0.0425,0.9785,0.9695,2.0,80.73693,0.7722,1.0,0.94176,194.4,2.256,0.28373,0.48816,0.4176,1.70793,0.08156,0.42227,0.13333,0.24413,0.20497,0.37276,0.9749,0.4,WARNING,2026-09-10 06:25:20
0.063,1.0711,0.11521,0.00089,0.02981,3.0836,35.0,0.059,0.0614,0.9782,0.987,2.0,106.70866,0.6957,1.0,1.77848,153.72,2.562,0.25879,0.79319,0.3796,1.64371,0.49938,0.37659,0.03333,0.24034,0.30232,0.32109,0.96466,0.28333,HIGH,2026-09-10 06:25:30
0.06823,2.4109,0.22002,0.00459,0.06775,2.3925,50.0,0.1401,0.1393,0.9956,0.9956,2.0,127.43064,0.5419,1.0,2.24921,176.4,3.138,0.30794,1.6918,0.2961,1.94784,2.8568,0.35319,0.35,0.26372,0.17513,0.47168,0.97948,0.33333,HIGH,2026-09-10 06:25:30
0.01509,0.8686,0.09564,0.00077,0.02772,2.4112,50.0,0.046,0.0425,0.9792,0.9783,2.0,80.73693,0.7315,1.0,1.647,194.4,1.686,0.28987,0.4814,0.4752,1.71636,-0.11709,0.44346,0.25,0.24342,0.20137,0.35517,0.95814,0.01667,WARNING,2026-09-10 06:25:30
0.02435,0.6687,0.08234,0.00069,0.02629,2.4421,50.0,0.0327,0.0271,0.9391,0.9593,1.0,89.63144,0.7969,1.0,1.1331,120.24,2.004,0.31936,1.18386,0.455,2.08649,2.90277,0.2643,0.46667,0.25139,0.29815,0.43756,0.9553,0.05,WARNING,2026-09-10 06:25:30
0.06486,1.2492,0.12881,0.00268,0.05172,2.6387,30.0,0.0705,0.0599,0.988,0.9915,3.0,136.28461,0.6501,1.0,2.27141,109.08,1.872,0.40153,2.70783,0.4277,2.75238,9.34859,0.30164,0.01667,0.23389,0.39626,0.3021,0.95897,0.03333,HIGH,2026-09-10 06:25:30
0.0262,0.663,0.08302,0.0006,0.02445,2.5034,50.0,0.0336,0.0271,0.9389,0.9686,1.0,131.57433,0.7943,1.0,1.1331,122.4,1.278,0.29452,1.19609,0.5437,2.08364,3.25376,0.34894,0.46667,0.25152,0.24151,0.40955,0.95695,0.48333,WARNING,2026-09-10 06:25:40
0.06521,1.2515,0.13319,0.00305,0.05521,2.7027,30.0,0.0691,0.0599,0.9845,0.9913,3.0,66.27891,0.7057,1.0,1.12461,109.08,1.872,0.41451,2.35055,0.4271,2.64999,6.63496,0.2541,0.01667,0.26101,0.26064,0.48526,0.97208,0.03333,HIGH,2026-09-10 06:25:40
0.07014,2.4971,0.22379,0.00456,0.06754,2.449,50.0,0.1367,0.1393,0.9942,0.997,2.0,119.82334,0.5468,1.0,2.23727,137.16,2.286,0.30179,1.71594,0.3373,1.91824,2.81766,0.42616,0.45,0.24252,0.2541,0.31974,0.97861,0.11667,HIGH,2026-09-10 06:25:40
0.06488,1.1068,0.11621,0.00084,0.02902,3.1915,35.0,0.0613,0.0679,0.9849,0.9879,2.0,98.68305,0.708,1.0,1.42245,90.72,1.536,0.24972,0.76336,0.4755,1.63293,0.54453,0.41844,0.23333,0.24893,0.25202,0.32954,0.97397,0.43333,HIGH,2026-09-10 06:25:40
0.01715,0.8808,0.09569,0.00072,0.02692,2.4825,50.0,0.0429,0.0425,0.9738,0.9717,2.0,80.73693,0.7796,1.0,0.94176,194.4,1.884,0.2813,0.50819,0.4536,1.71929,0.1612,0.39268,0.48333,0.27148,0.15833,0.44899,0.95904,0.11667,WARNING,2026-09-10 06:25:40
0.01704,0.9438,0.09594,0.00067,0.02595,2.5354,50.0,0.0442,0.0425,0.9739,0.9805,2.0,80.73693,0.7608,1.0,1.20285,194.4,1.686,0.27045,0.28117,0.4743,1.57751,-0.38686,0.30102,0.5,0.26142,0.2058,0.49317,0.95014,0.48333,WARNING,2026-09-10 06:25:50
0.0663,1.1405,0.11612,0.00084,0.02897,3.2481,35.0,0.0585,0.0724,0.9816,0.9884,2.0,98.68305,0.7269,1.0,1.18186,82.8,1.416,0.24952,0.79233,0.4864,1.6335,0.14516,0.38511,0.23333,0.25669,0.21341,0.40148,0.96382,0.43333,HIGH,2026-09-10 06:25:50
0.07215,2.5435,0.22607,0.00422,0.06497,2.5071,50.0,0.1361,0.1393,0.9958,0.9973,2.0,98.56141,0.5634,1.0,1.72386,137.16,2.286,0.28739,1.59822,0.3352,1.90626,2.77256,0.4442,0.03333,0.22212,0.29887,0.25693,0.9637,0.11667,HIGH,2026-09-10 06:25:50
0.02864,0.6972,0.08291,0.00049,0.02214,2.5789,50.0,0.0345,0.0352,0.9637,0.9655,1.0,131.57433,0.7912,1.0,1.1331,122.4,1.278,0.26702,1.63244,0.5435,2.10116,5.04129,0.23289,0.48333,0.27562,0.22689,0.54021,0.96218,0.46667,WARNING,2026-09-10 06:25:50
0.06818,1.3123,0.13584,0.00294,0.05421,2.7532,30.0,0.0692,0.0738,0.9869,0.9884,3.0,85.07266,0.6843,1.0,1.55851,162.0,1.872,0.39906,2.39553,0.4274,2.6122,6.81255,0.22343,0.5,0.27395,0.1865,0.59007,0.97494,0.45,HIGH,2026-09-10 06:25:50
0.02967,0.6794,0.08178,0.00043,0.02077,2.6281,50.0,0.0363,0.0352,0.968,0.9705,1.0,131.57433,0.782,1.0,1.19676,122.4,1.278,0.25395,1.88794,0.545,2.13672,7.04871,0.17797,0.05,0.2723,0.25494,0.56709,0.97155,0.03333,WARNING,2026-09-10 06:26:00
0.071,1.3427,0.14322,0.00293,0.05413,2.8117,30.0,0.0696,0.0851,0.985,0.9924,3.0,86.17406,0.6835,1.0,1.55851,162.0,1.872,0.37795,2.11495,0.4254,2.4949,5.64173,0.2647,0.5,0.27968,0.15324,0.58206,0.97008,0.45,HIGH,2026-09-10 06:26:00
0.07473,2.5835,0.22516,0.00365,0.06041,2.5499,50.0,0.1386,0.1393,0.996,0.9966,2.0,98.56141,0.5598,1.0,1.72386,137.16,2.286,0.26828,1.44369,0.3364,1.92323,2.31175,0.51503,0.03333,0.2223,0.26032,0.22465,0.95165,0.23333,HIGH,2026-09-10 06:26:00
0.06888,1.1632,0.11699,0.00086,0.02935,3.3211,35.0,0.0602,0.0724,0.9837,0.9917,2.0,64.22787,0.7227,1.0,1.18186,76.32,1.272,0.25085,0.69917,0.501,1.62081,0.00346,0.31711,0.23333,0.2631,0.22079,0.4621,0.94379,0.36667,HIGH,2026-09-10 06:26:00
0.01744,0.912,0.09839,0.00052,0.02276,2.5579,50.0,0.0487,0.0629,0.9811,0.9811,2.0,66.21092,0.7492,1.0,1.20285,194.4,1.686,0.23133,0.61129,0.472,1.55227,-0.19619,0.2885,0.5,0.26798,0.18833,0.52316,0.9579,0.48333,WARNING,2026-09-10 06:26:00
0.07248,1.2251,0.11781,0.00078,0.02795,3.3998,35.0,0.0593,0.0724,0.9834,0.9903,2.0,101.00156,0.7308,1.0,1.07046,73.08,1.218,0.23725,0.75449,0.5085,1.61455,0.3354,0.2905,0.36667,0.26776,0.17644,0.53307,0.94316,0.31667,HIGH,2026-09-10 06:26:10
0.07623,2.6877,0.22399,0.00299,0.05468,2.6095,50.0,0.1417,0.1393,0.9973,0.9976,2.0,96.82321,0.5578,1.0,1.64998,137.16,2.286,0.24412,1.09412,0.3357,1.63198,0.74001,0.53379,0.25,0.24303,0.16971,0.2965,0.95657,0.31667,HIGH,2026-09-10 06:26:10
0.01896,0.9547,0.101,0.00072,0.02678,2.6258,50.0,0.0483,0.0653,0.9777,0.9839,2.0,85.75317,0.7503,1.0,1.20285,118.08,1.968,0.26515,0.9961,0.4449,1.81654,0.90235,0.34205,0.11667,0.26576,0.17874,0.47921,0.95684,0.48333,WARNING,2026-09-10 06:26:10
0.02904,0.7203,0.08173,0.00045,0.02124,2.657,50.0,0.0375,0.0352,0.9685,0.9649,1.0,131.57433,0.7599,1.0,1.51454,122.4,1.278,0.25981,1.55896,0.5417,2.13497,6.30949,0.24315,0.05,0.26223,0.25928,0.49757,0.96891,0.35,WARNING,2026-09-10 06:26:10
0.0706,1.376,0.14476,0.00267,0.05165,2.8634,30.0,0.0704,0.0851,0.9859,0.9908,3.0,86.17406,0.6819,1.0,1.55851,162.0,2.292,0.35676,2.22006,0.3896,2.48509,6.74552,0.29054,0.5,0.2549,0.22872,0.48074,0.98252,0.05,HIGH,2026-09-10 06:26:10
0.03192,0.7328,0.08536,0.00047,0.02161,2.7601,50.0,0.038,0.0426,0.9721,0.972,1.0,131.57433,0.7586,1.0,1.51454,127.08,1.326,0.25313,1.48527,0.5372,2.04762,4.88484,0.41193,0.26667,0.22809,0.31908,0.269,0.9619,0.0,WARNING,2026-09-10 06:26:20
0.07529,1.3837,0.1389,0.00129,0.03594,2.9397,30.0,0.0683,0.0851,0.9852,0.9921,3.0,86.17406,0.6864,1.0,1.55851,162.0,1.872,0.25872,1.16454,0.4243,1.9344,2.04963,0.2844,0.5,0.27458,0.21586,0.49974,0.95033,0.33333,HIGH,2026-09-10 06:26:20
0.07902,2.7603,0.23053,0.00346,0.05878,2.6376,50.0,0.1452,0.1531,0.9958,0.9979,2.0,96.82321,0.5531,1.0,1.64998,137.16,2.286,0.25498,1.17774,0.3333,1.61908,0.69681,0.51072,0.3,0.27048,0.08684,0.40244,0.95945,0.31667,HIGH,2026-09-10 06:26:20
0.07266,1.2216,0.117,0.00073,0.02695,3.4751,35.0,0.0595,0.0724,0.9849,0.9915,2.0,64.22787,0.7302,1.0,1.07046,73.08,1.218,0.23035,0.74361,0.5064,1.62812,0.20083,0.30029,0.33333,0.27692,0.11698,0.58272,0.9423,0.35,HIGH,2026-09-10 06:26:20
0.01847,0.9867,0.09936,0.00059,0.02433,2.6814,50.0,0.0494,0.0664,0.9847,0.9899,2.0,85.75317,0.7473,1.0,1.20285,75.96,1.266,0.24485,1.21217,0.52,1.85538,2.21444,0.41733,0.11667,0.26161,0.15932,0.42335,0.94297,0.46667,WARNING,2026-09-10 06:26:20
0.03217,0.7756,0.08566,0.00039,0.01972,2.7836,50.0,0.0364,0.0426,0.9616,0.9728,1.0,131.57433,0.7528,1.0,1.69364,127.08,1.326,0.23021,0.50097,0.5357,1.55007,0.13298,0.39821,0.0,0.23994,0.2627,0.33909,0.96804,0.01667,WARNING,2026-09-10 06:26:30
0.07637,1.4361,0.1414,0.0014,0.03746,2.9893,30.0,0.0712,0.0933,0.9872,0.9946,3.0,86.17406,0.6802,1.0,1.55851,162.0,1.914,0.26489,1.06177,0.4183,1.89744,1.32334,0.35312,0.48333,0.27047,0.20396,0.44292,0.96383,0.25,HIGH,2026-09-10 06:26:30
0.08258,2.8121,0.24236,0.00478,0.06915,2.7144,50.0,0.151,0.1531,0.9965,0.9983,2.0,96.82321,0.5453,1.0,1.64998,137.16,2.286,0.28531,1.46551,0.3308,1.99819,2.15288,0.46494,0.3,0.28364,0.1136,0.42147,0.94274,0.28333,HIGH,2026-09-10 06:26:30
0.07728,1.2482,0.11984,0.00089,0.02977,3.5718,35.0,0.0605,0.0724,0.9851,0.9885,2.0,66.22074,0.7262,1.0,1.10368,73.08,1.218,0.24839,1.11735,0.5061,1.90639,2.21456,0.32903,0.33333,0.27622,0.11929,0.55168,0.97054,0.5,HIGH,2026-09-10 06:26:30
0.01899,1.0163,0.10148,0.00063,0.02509,2.7227,50.0,0.0499,0.0664,0.9812,0.9888,2.0,85.75317,0.7462,1.0,1.20285,75.96,1.266,0.24728,1.02347,0.5195,1.81558,1.36816,0.41636,0.11667,0.26573,0.13309,0.45055,0.96273,0.46667,WARNING,2026-09-10 06:26:30
0.01948,1.0189,0.10419,0.00067,0.02596,2.7754,50.0,0.0481,0.0664,0.9843,0.9874,2.0,85.75317,0.7506,1.0,1.20285,75.96,1.428,0.24915,0.90859,0.4991,1.76748,0.76645,0.42667,0.13333,0.26636,0.13454,0.43879,0.95141,0.46667,WARNING,2026-09-10 06:26:40
0.07837,1.3046,0.126,0.00124,0.0352,3.6486,35.0,0.0652,0.0758,0.9873,0.99,2.0,66.22074,0.7153,1.0,1.10368,128.88,1.284,0.27938,1.32568,0.4994,1.7997,1.85819,0.23864,0.5,0.2837,0.15914,0.60222,0.9487,0.4,HIGH,2026-09-10 06:26:40
0.0853,2.8959,0.24335,0.0047,0.06858,2.7402,50.0,0.1495,0.1531,0.9952,0.9968,2.0,105.34339,0.5344,1.0,2.09486,111.96,1.866,0.2818,1.45809,0.354,1.99192,2.22498,0.52318,0.3,0.27473,0.11477,0.36205,0.93888,0.28333,HIGH,2026-09-10 06:26:40
0.08118,1.4955,0.13969,0.00106,0.0326,3.0746,30.0,0.0708,0.0949,0.9849,0.9951,3.0,123.02136,0.6592,1.0,2.05036,199.44,1.974,0.2334,0.76157,0.41,1.54203,-0.2988,0.3938,0.3,0.27167,0.14862,0.45758,0.96016,0.31667,HIGH,2026-09-10 06:26:40
0.03281,0.7448,0.0859,0.00038,0.01959,2.8497,50.0,0.0362,0.0426,0.9575,0.9772,1.0,109.12458,0.7569,1.0,1.6321,134.64,1.326,0.22802,0.40849,0.5304,1.54652,0.1584,0.35907,0.01667,0.26808,0.1815,0.45944,0.96423,0.36667,WARNING,2026-09-10 06:26:40
0.03447,0.7625,0.08109,0.00052,0.02273,2.8847,50.0,0.0356,0.0395,0.9174,0.9706,1.0,109.12458,0.7553,1.0,1.71233,134.64,1.326,0.28035,0.28584,0.5295,1.61828,-0.27091,0.26222,0.0,0.22075,0.46381,0.27397,0.97079,0.01667,WARNING,2026-09-10 06:26:50
0.08452,1.473,0.1326,0.00166,0.04078,3.1134,30.0,0.0717,0.0443,0.981,0.9862,3.0,90.31655,0.6821,1.0,1.50528,123.48,2.058,0.30755,0.01158,0.4049,1.59486,-0.08671,0.36727,0.3,0.27103,0.15815,0.47457,0.95746,0.46667,HIGH,2026-09-10 06:26:50
0.08558,2.8934,0.22296,0.00789,0.08882,2.7851,50.0,0.1446,0.033,0.9859,0.9935,2.0,102.65728,0.5528,1.0,1.71095,111.96,1.866,0.39838,0.28735,0.3543,2.09944,1.14097,0.4771,0.3,0.25078,0.22643,0.29647,0.96069,0.28333,HIGH,2026-09-10 06:26:50
0.07905,1.3036,0.11586,0.00161,0.0401,3.6719,35.0,0.0629,0.0406,0.9777,0.9887,2.0,91.15972,0.7083,1.0,1.35433,64.44,1.074,0.34615,0.91742,0.5241,1.92089,1.61952,0.23486,0.0,0.25541,0.31059,0.45456,0.96208,0.01667,HIGH,2026-09-10 06:26:50
0.0196,1.0573,0.09816,0.00088,0.0296,2.7881,50.0,0.0488,0.0365,0.9854,0.9843,2.0,137.77641,0.752,1.0,1.14814,75.96,1.266,0.30153,0.56279,0.5193,1.8515,0.65166,0.44708,0.13333,0.2267,0.28635,0.26657,0.95127,0.18333,WARNING,2026-09-10 06:26:50
0.03456,0.7598,0.08004,0.00057,0.02395,2.9041,50.0,0.0298,0.0357,0.863,0.9412,1.0,97.92578,0.7764,1.0,1.6321,134.64,1.326,0.29924,0.2039,0.5359,1.63127,-0.42946,0.21086,0.01667,0.20046,0.5995,0.18963,0.95784,0.03333,WARNING,2026-09-10 06:27:00
0.08408,1.4916,0.12087,0.00189,0.04352,3.1332,30.0,0.0612,0.0412,0.9225,0.9514,3.0,90.31655,0.7074,1.0,1.50528,123.48,2.058,0.36008,0.13282,0.4152,1.72278,-0.3899,0.27436,0.01667,0.24041,0.38764,0.33801,0.96841,0.26667,HIGH,2026-09-10 06:27:00
0.08712,2.9249,0.20395,0.0092,0.09593,2.8068,50.0,0.1231,0.033,0.9358,0.9649,2.0,131.32006,0.5871,1.0,1.71095,111.96,1.866,0.47038,0.43127,0.3687,2.23646,0.51347,0.34159,0.01667,0.22314,0.41365,0.24476,0.95376,0.28333,HIGH,2026-09-10 06:27:00
0.08015,1.331,0.11163,0.00191,0.04374,3.7178,35.0,0.0541,0.0285,0.8793,0.9425,2.0,91.15972,0.7441,1.0,1.15337,64.44,1.074,0.39182,0.64389,0.5367,1.96467,1.0729,0.31254,0.01667,0.21605,0.42327,0.26419,0.965,0.18333,HIGH,2026-09-10 06:27:00
0.02105,1.0337,0.0919,0.00109,0.03302,2.8283,50.0,0.0428,0.0365,0.9076,0.9561,2.0,137.77641,0.7392,1.0,1.70146,85.68,1.428,0.35928,0.60371,0.5058,1.94437,0.1617,0.36264,0.01667,0.1894,0.50023,0.13713,0.93209,0.03333,WARNING,2026-09-10 06:27:00
0.02071,1.0741,0.08512,0.00097,0.0312,2.8427,80.0,0.0319,0.024,0.774,0.9013,2.0,137.77641,0.7992,1.0,1.23021,75.96,1.266,0.36655,0.3363,0.5468,1.69936,-0.56206,0.31736,0.01667,0.18641,0.57276,0.10988,0.92416,0.03333,HIGH,2026-09-10 06:27:10
0.07964,1.3214,0.10471,0.00229,0.04789,3.7081,50.0,0.0457,0.0279,0.8378,0.9034,2.0,109.34419,0.7291,1.0,1.8224,135.72,2.262,0.45731,0.62074,0.4179,2.04649,0.56104,0.30655,0.01667,0.20288,0.50733,0.18612,0.93739,0.03333,CRITICAL,2026-09-10 06:27:10
0.08551,2.9504,0.18414,0.01057,0.10282,2.8418,65.0,0.0942,0.033,0.8634,0.9015,2.0,131.32006,0.6386,1.0,1.71095,111.96,1.866,0.55839,0.60557,0.3935,2.39111,0.23162,0.17399,0.01667,0.18978,0.65296,0.17304,0.91396,0.03333,CRITICAL,2026-09-10 06:27:10
0.08604,1.5085,0.1072,0.00197,0.04433,3.1559,40.0,0.0473,0.0331,0.8077,0.8961,3.0,101.14797,0.7442,1.0,1.50528,123.48,2.058,0.41353,0.40128,0.4297,1.90834,-0.18379,0.24648,0.01667,0.22093,0.5348,0.21872,0.93416,0.03333,CRITICAL,2026-09-10 06:27:10
0.03614,0.766,0.07696,0.00062,0.0248,2.9415,50.0,0.0262,0.0357,0.7097,0.8629,1.0,125.62451,0.7861,1.0,1.70096,134.64,1.326,0.3223,0.40849,0.5467,1.68586,-0.46605,0.17597,0.01667,0.20146,0.64419,0.17984,0.91123,0.03333,HIGH,2026-09-10 06:27:10
0.03831,0.7786,0.07229,0.00059,0.02423,2.9684,80.0,0.0199,0.0248,0.5422,0.7165,1.0,125.62451,0.8108,1.0,1.6321,134.64,1.122,0.33517,0.4296,0.5948,1.77737,-0.28047,0.22331,0.03333,0.21793,0.47466,0.30203,0.94356,0.01667,HIGH,2026-09-10 06:27:20
0.08432,1.4857,0.09669,0.00177,0.04212,3.1547,60.0,0.0314,0.0331,0.6915,0.8428,3.0,101.14797,0.7864,1.0,1.50528,123.48,2.058,0.43563,0.73138,0.4464,2.09923,0.41897,0.33895,0.01667,0.22393,0.43097,0.23007,0.95694,0.28333,CRITICAL,2026-09-10 06:27:20
0.0857,2.9573,0.16339,0.01047,0.10233,2.8577,80.0,0.0652,0.033,0.8099,0.8446,2.0,145.20441,0.6955,1.0,1.71095,88.56,1.614,0.62632,1.05418,0.4479,2.61682,0.93688,0.2097,0.01667,0.19542,0.5977,0.1926,0.93201,0.03333,CRITICAL,2026-09-10 06:27:20
0.0803,1.346,0.09665,0.00232,0.04821,3.7439,65.0,0.0288,0.0279,0.6587,0.8369,2.0,109.34419,0.7744,1.0,1.8224,74.88,1.098,0.49884,0.91599,0.5731,2.18217,0.98276,0.29065,0.01667,0.21497,0.44147,0.26788,0.94833,0.05,CRITICAL,2026-09-10 06:27:20
0.02103,1.0644,0.07935,0.00106,0.03254,2.865,80.0,0.0233,0.0239,0.6746,0.8462,2.0,137.77641,0.8251,1.0,1.23021,72.72,1.242,0.41004,0.51467,0.5652,1.79659,-0.41094,0.32717,0.01667,0.18231,0.57386,0.09897,0.93012,0.18333,HIGH,2026-09-10 06:27:20
0.03708,0.7988,0.06434,0.00052,0.02284,2.9982,80.0,0.0129,0.0113,0.4976,0.7947,1.0,125.62451,0.8283,1.0,1.6321,134.64,1.476,0.35502,0.11607,0.553,1.72852,-0.39874,0.24605,0.5,0.26054,0.22765,0.5263,0.95087,0.31667,HIGH,2026-09-10 06:27:30
0.08445,1.4865,0.09048,0.00136,0.03688,3.1931,60.0,0.0209,0.0331,0.6112,0.865,3.0,101.14797,0.795,1.0,1.80971,239.76,2.058,0.40761,0.66823,0.4575,2.19593,0.41666,0.3465,0.0,0.23894,0.33565,0.31785,0.9717,0.28333,CRITICAL,2026-09-10 06:27:30
0.08828,2.9765,0.14296,0.00802,0.08953,2.8806,80.0,0.0446,0.033,0.8091,0.9038,2.0,145.20441,0.7388,1.0,1.71095,88.2,1.986,0.62629,0.94651,0.4338,2.41974,0.27342,0.39762,0.5,0.25758,0.17822,0.42417,0.95709,0.48333,CRITICAL,2026-09-10 06:27:30
0.08273,1.332,0.08988,0.00208,0.04565,3.8019,65.0,0.0179,0.0279,0.6361,0.875,2.0,109.34419,0.8004,1.0,1.8224,74.88,1.074,0.50784,1.02271,0.5958,2.33317,1.19689,0.30703,0.0,0.24567,0.30065,0.39232,0.97212,0.41667,CRITICAL,2026-09-10 06:27:30
0.02259,1.0642,0.0707,0.00088,0.02971,2.892,80.0,0.0137,0.0195,0.6739,0.8734,2.0,137.77641,0.8507,1.0,1.23021,105.48,1.212,0.42021,0.71165,0.5822,2.00943,0.35688,0.57688,0.18333,0.21121,0.29408,0.12904,0.94944,0.0,HIGH,2026-09-10 06:27:30
0.02136,1.0369,0.06249,0.00053,0.02304,2.909,80.0,0.0122,0.0195,0.6096,0.8931,2.0,107.72365,0.8442,1.0,1.39462,105.48,1.074,0.36871,0.48769,0.61,2.08014,0.55723,0.74433,0.18333,0.23417,0.1108,0.14487,0.93559,0.16667,HIGH,2026-09-10 06:27:40
0.08562,1.357,0.07903,0.00127,0.03559,3.8486,65.0,0.0185,0.0279,0.6912,0.8892,2.0,109.34419,0.7977,1.0,1.8224,74.88,1.014,0.45037,0.62048,0.6083,2.06355,-0.23141,0.30625,0.41667,0.27105,0.19283,0.50092,0.96239,0.4,CRITICAL,2026-09-10 06:27:40
0.09218,2.9914,0.11873,0.00627,0.07921,2.8978,80.0,0.0383,0.0212,0.9008,0.8963,2.0,145.20441,0.7774,1.0,1.22961,162.36,2.706,0.66711,1.41925,0.3733,2.86031,1.95052,0.44891,0.48333,0.29066,0.06112,0.48997,0.93794,0.5,CRITICAL,2026-09-10 06:27:40
0.08782,1.5367,0.08021,0.00089,0.02989,3.2245,60.0,0.0201,0.0318,0.7485,0.895,3.0,115.53803,0.7948,1.0,1.78189,119.88,1.998,0.37262,0.40273,0.4605,1.77639,-0.75101,0.30534,0.36667,0.25165,0.21797,0.47669,0.95812,0.4,CRITICAL,2026-09-10 06:27:40
0.03776,0.7885,0.05949,0.0004,0.01992,3.0294,80.0,0.0109,0.0113,0.6533,0.8456,1.0,125.62451,0.8583,1.0,1.2377,134.64,1.476,0.33492,0.04166,0.5516,1.61446,-0.5593,0.30449,0.11667,0.24108,0.29285,0.40266,0.96458,0.48333,HIGH,2026-09-10 06:27:40
0.03669,0.8165,0.06246,0.0005,0.02239,3.0411,80.0,0.0136,0.0113,0.7604,0.8424,1.0,125.62451,0.8409,1.0,1.35111,182.16,1.524,0.35851,0.21583,0.5346,1.95641,0.11441,0.41873,0.11667,0.22597,0.30516,0.27611,0.95488,0.1,HIGH,2026-09-10 06:27:50
0.08847,1.5834,0.08187,0.00092,0.03036,3.2898,60.0,0.0312,0.0318,0.8436,0.9291,3.0,101.14797,0.7707,1.0,1.68055,119.88,2.028,0.37086,0.27034,0.4422,1.74146,-0.79107,0.31469,0.35,0.23997,0.19031,0.495,0.93793,0.36667,CRITICAL,2026-09-10 06:27:50
0.09391,3.0797,0.12944,0.00635,0.0797,2.9553,80.0,0.0539,0.0212,0.9391,0.9062,2.0,145.20441,0.7364,1.0,1.24518,162.36,2.706,0.61575,1.1839,0.3512,2.68488,1.21053,0.53894,0.48333,0.27512,0.08836,0.3727,0.93548,0.28333,CRITICAL,2026-09-10 06:27:50
0.08739,1.3471,0.08313,0.00151,0.03892,3.9408,65.0,0.0235,0.0193,0.8292,0.9221,2.0,109.34419,0.7818,1.0,1.8224,74.88,1.062,0.4682,0.37091,0.577,1.94874,-0.76131,0.32361,0.08333,0.26056,0.23097,0.44543,0.97867,0.43333,CRITICAL,2026-09-10 06:27:50
0.02294,1.0805,0.06319,0.00055,0.02353,2.9968,80.0,0.0174,0.0195,0.8685,0.8576,2.0,107.72365,0.836,1.0,1.23021,105.48,1.074,0.37243,0.51854,0.5887,2.05464,0.39877,0.71283,0.18333,0.24053,0.09734,0.18983,0.93735,0.16667,HIGH,2026-09-10 06:27:50
0.03878,0.8289,0.0611,0.00051,0.02263,3.1337,80.0,0.0175,0.0113,0.767,0.8906,1.0,125.62451,0.8294,1.0,1.35633,182.16,1.524,0.37038,0.40674,0.5193,1.99271,0.32044,0.44676,0.11667,0.23093,0.26875,0.2845,0.95617,0.5,HIGH,2026-09-10 06:28:00
0.08967,1.5963,0.08445,0.00101,0.03184,3.3637,60.0,0.0442,0.0318,0.9072,0.9259,3.0,107.48176,0.731,1.0,1.79136,119.88,2.028,0.37699,0.42563,0.4211,1.98884,-0.11421,0.38842,0.33333,0.26315,0.13817,0.47341,0.95951,0.2,CRITICAL,2026-09-10 06:28:00
0.09852,3.137,0.13069,0.00642,0.08014,3.0498,80.0,0.0774,0.0212,0.9252,0.9175,2.0,145.20441,0.6591,1.0,1.83987,290.52,4.842,0.61322,1.05779,0.2402,2.66213,0.91948,0.49309,0.13333,0.27789,0.09921,0.4077,0.9531,0.48333,CRITICAL,2026-09-10 06:28:00
0.09125,1.4059,0.08365,0.00146,0.03827,4.0741,65.0,0.0325,0.0193,0.8369,0.8991,2.0,101.46435,0.8101,1.0,0.99694,74.88,1.458,0.45745,0.47477,0.4933,1.94431,-0.60204,0.29722,0.43333,0.27321,0.14451,0.55827,0.96778,0.45,CRITICAL,2026-09-10 06:28:00
0.0253,1.0771,0.06532,0.00058,0.02404,3.1025,80.0,0.0254,0.0195,0.8939,0.9111,2.0,107.72365,0.8016,1.0,1.39374,105.48,1.074,0.36805,0.30165,0.5623,1.99033,0.13634,0.59726,0.18333,0.26203,0.09113,0.31162,0.95585,0.25,HIGH,2026-09-10 06:28:00
0.09736,1.4429,0.08569,0.00142,0.03773,4.2375,65.0,0.0528,0.0193,0.9118,0.9237,2.0,101.46435,0.7514,1.0,1.04994,124.92,2.082,0.44037,0.56556,0.3991,1.91015,-0.59536,0.15209,0.43333,0.31567,0.05999,0.78792,0.94465,0.41667,CRITICAL,2026-09-10 06:28:10
0.10507,3.2756,0.14047,0.00653,0.08083,3.1664,80.0,0.1091,0.0212,0.9344,0.9321,2.0,129.47243,0.6041,1.0,1.83987,279.0,4.842,0.57544,0.79224,0.2224,2.51786,0.41693,0.31771,0.5,0.27843,0.10587,0.57642,0.96777,0.31667,CRITICAL,2026-09-10 06:28:10
0.02516,1.1601,0.06784,0.0007,0.0264,3.2206,80.0,0.0346,0.0195,0.9116,0.9319,2.0,76.64964,0.7837,1.0,1.27749,105.48,1.35,0.3892,0.50856,0.4963,1.94722,0.21274,0.4257,0.5,0.27488,0.12706,0.44724,0.94983,0.48333,HIGH,2026-09-10 06:28:10
0.04066,0.8247,0.06363,0.00069,0.02625,3.2397,80.0,0.0277,0.0113,0.8375,0.9308,1.0,116.47316,0.7599,1.0,2.01314,182.16,1.524,0.41252,0.66856,0.497,1.99128,0.53144,0.403,0.23333,0.24447,0.26374,0.33326,0.96359,0.5,HIGH,2026-09-10 06:28:10
0.09341,1.6669,0.08916,0.00121,0.03483,3.4689,60.0,0.0598,0.0318,0.932,0.9349,3.0,65.91448,0.7311,1.0,1.09857,119.88,2.028,0.39062,0.48263,0.3949,1.87516,-0.10778,0.48085,0.2,0.25549,0.16064,0.3585,0.97582,0.18333,CRITICAL,2026-09-10 06:28:10
0.04085,0.8803,0.06239,0.00067,0.02591,3.3676,80.0,0.0382,0.0113,0.8875,0.937,1.0,145.60374,0.712,1.0,2.42673,182.16,1.722,0.41521,0.81423,0.451,2.0289,0.8423,0.41636,0.23333,0.24071,0.26677,0.31687,0.9763,0.05,HIGH,2026-09-10 06:28:20
0.09537,1.771,0.09299,0.00121,0.03485,3.6512,60.0,0.0821,0.0318,0.9492,0.9334,3.0,78.55647,0.672,1.0,1.30927,124.56,2.526,0.37471,0.34615,0.3323,1.80739,-0.25816,0.50664,0.2,0.25856,0.15285,0.34051,0.95508,0.18333,CRITICAL,2026-09-10 06:28:20
0.11188,3.4098,0.14534,0.00734,0.08569,3.3418,80.0,0.1591,0.0212,0.9333,0.9347,2.0,155.37058,0.5023,1.0,3.03838,279.0,4.842,0.58962,1.16084,0.2019,2.90401,2.51118,0.24671,0.31667,0.28738,0.10494,0.64835,0.94268,0.33333,CRITICAL,2026-09-10 06:28:20
0.10637,1.5158,0.08882,0.00151,0.03887,4.51,65.0,0.0723,0.0193,0.9146,0.9337,2.0,101.46435,0.7068,1.0,1.04994,124.92,2.394,0.43765,0.41539,0.3508,1.84462,-0.89302,0.09187,0.41667,0.32947,0.0601,0.84803,0.91723,0.48333,CRITICAL,2026-09-10 06:28:20
0.02909,1.1866,0.07035,0.0007,0.02645,3.4132,80.0,0.0512,0.0195,0.918,0.9391,2.0,99.45625,0.7218,1.0,1.6576,187.2,3.12,0.37591,0.6239,0.3259,1.88593,0.48945,0.40208,0.48333,0.26812,0.16623,0.4317,0.96885,0.35,HIGH,2026-09-10 06:28:20
0.0448,0.9404,0.06573,0.00066,0.02569,3.6102,80.0,0.0534,0.0231,0.9202,0.9334,1.0,116.47316,0.7326,1.0,1.35633,182.16,1.722,0.39078,0.99956,0.4219,1.94205,0.74127,0.47572,0.05,0.23741,0.26193,0.26235,0.97628,0.23333,HIGH,2026-09-10 06:28:30
0.10033,1.8551,0.09271,0.00162,0.0403,3.8783,60.0,0.11,0.0318,0.9542,0.9357,3.0,121.19392,0.5949,1.0,2.0199,206.64,3.936,0.43469,0.98195,0.2484,2.35754,1.54477,0.40491,0.2,0.27011,0.14205,0.45303,0.94633,0.45,CRITICAL,2026-09-10 06:28:30
0.12591,3.6546,0.15651,0.00792,0.08899,3.5576,80.0,0.2295,0.0212,0.938,0.9421,2.0,185.31001,0.429,1.0,3.37898,290.88,4.848,0.56861,1.00593,0.179,2.72102,1.65029,0.3007,0.46667,0.27827,0.15572,0.54359,0.9627,0.31667,CRITICAL,2026-09-10 06:28:30
0.11636,1.5997,0.08306,0.00143,0.03777,4.8655,65.0,0.0994,0.0193,0.9517,0.9415,2.0,101.46435,0.6339,1.0,1.44871,265.68,4.542,0.4548,0.43582,0.2384,1.67376,-1.10209,0.14372,0.41667,0.29423,0.1443,0.71198,0.93807,0.48333,CRITICAL,2026-09-10 06:28:30
0.03328,1.2631,0.07302,0.00076,0.02753,3.7009,80.0,0.0782,0.0259,0.9268,0.9384,2.0,99.45625,0.6656,1.0,1.6576,182.88,3.12,0.377,1.05123,0.3053,2.11269,1.4002,0.44656,0.11667,0.26468,0.10012,0.45332,0.94765,0.13333,HIGH,2026-09-10 06:28:30
0.03501,1.3644,0.07706,0.00101,0.03183,4.0271,80.0,0.1042,0.0327,0.9454,0.9477,2.0,99.45625,0.6181,1.0,1.6576,182.88,3.21,0.413,1.25961,0.2805,2.05351,1.27146,0.52753,0.11667,0.26806,0.06049,0.41199,0.97078,0.13333,HIGH,2026-09-10 06:28:40
0.12942,1.7259,0.08993,0.00234,0.04833,5.305,65.0,0.1312,0.0193,0.96,0.9473,2.0,101.46435,0.5651,1.0,1.96815,265.68,4.542,0.53747,1.28979,0.2198,2.68008,2.29738,0.20073,0.48333,0.26141,0.32772,0.47155,0.96981,0.1,CRITICAL,2026-09-10 06:28:40
0.14022,3.9206,0.17308,0.0095,0.09748,3.8651,80.0,0.3175,0.0284,0.9483,0.9495,2.0,185.31001,0.366,1.0,3.52281,279.0,6.318,0.56318,1.26691,0.14,2.53581,2.13005,0.3782,0.46667,0.26498,0.18016,0.44165,0.96984,0.45,CRITICAL,2026-09-10 06:28:40
0.11065,1.9674,0.10138,0.00224,0.04731,4.1811,60.0,0.1556,0.0323,0.9404,0.9478,3.0,130.36367,0.5271,1.0,2.22916,213.12,3.936,0.46666,1.00152,0.2259,2.20298,1.07979,0.31543,0.45,0.26102,0.22826,0.45632,0.94894,0.21667,CRITICAL,2026-09-10 06:28:40
0.05,1.0234,0.07209,0.00084,0.02891,3.899,80.0,0.0781,0.0231,0.9364,0.9416,1.0,116.47316,0.6721,1.0,1.50059,159.12,2.928,0.40097,0.77878,0.315,1.84842,0.06255,0.43881,0.05,0.23062,0.28957,0.27162,0.96327,0.3,HIGH,2026-09-10 06:28:40
0.054,1.1352,0.0761,0.00124,0.03526,4.2274,80.0,0.1034,0.0231,0.9583,0.9544,1.0,105.54524,0.6245,1.0,1.50059,180.72,3.54,0.4633,1.84075,0.2675,2.84176,5.78767,0.32425,0.03333,0.23007,0.35922,0.31653,0.96689,0.3,HIGH,2026-09-10 06:28:50
0.12063,2.143,0.10939,0.00273,0.05226,4.5879,60.0,0.2066,0.036,0.9554,0.9579,3.0,130.36367,0.471,1.0,2.22916,216.36,3.936,0.47776,0.88796,0.2031,2.03318,0.27397,0.26875,0.03333,0.23059,0.37833,0.35292,0.97612,0.05,CRITICAL,2026-09-10 06:28:50
0.16068,4.2693,0.17422,0.01025,0.10123,4.2602,80.0,0.4243,0.0284,0.9592,0.9563,2.0,243.3838,0.2994,1.0,4.88391,376.2,7.746,0.58106,1.18211,0.1125,2.50015,1.61398,0.38225,0.4,0.24712,0.23429,0.38346,0.97533,0.18333,CRITICAL,2026-09-10 06:28:50
0.14803,1.8722,0.09827,0.00355,0.05957,5.912,65.0,0.1775,0.0263,0.9517,0.9579,2.0,136.35889,0.5,1.0,2.27265,265.68,4.542,0.60617,1.73282,0.2012,3.00102,4.08516,0.2268,0.1,0.21627,0.49274,0.28046,0.96049,0.48333,CRITICAL,2026-09-10 06:28:50
0.04068,1.48,0.08208,0.00173,0.04154,4.4499,80.0,0.1407,0.0244,0.9603,0.9583,2.0,146.0685,0.5366,1.0,2.49109,236.52,4.05,0.50603,1.87168,0.2308,2.87686,4.82788,0.53391,0.11667,0.24454,0.1824,0.28368,0.96291,0.1,HIGH,2026-09-10 06:28:50
0.06184,1.1642,0.07951,0.00139,0.03723,4.6936,80.0,0.1316,0.0231,0.9697,0.9672,1.0,128.76688,0.5583,1.0,2.14611,180.72,3.54,0.4682,1.6967,0.249,2.71487,4.40087,0.35074,0.08333,0.23829,0.32636,0.3229,0.97507,0.43333,HIGH,2026-09-10 06:29:00
0.13744,2.3389,0.11541,0.00299,0.05471,5.0893,60.0,0.2674,0.036,0.9653,0.969,3.0,190.51211,0.402,1.0,3.1752,251.28,4.902,0.47405,0.71542,0.1668,1.92978,-0.11025,0.27544,0.48333,0.25402,0.25574,0.46882,0.9725,0.5,CRITICAL,2026-09-10 06:29:00
0.18477,4.6573,0.17774,0.01152,0.10732,4.7087,80.0,0.5472,0.0284,0.9691,0.9664,2.0,265.82738,0.2573,1.0,4.88391,450.0,8.892,0.60381,1.06074,0.0938,2.42663,0.95372,0.38365,0.2,0.24157,0.24397,0.37237,0.969,0.18333,CRITICAL,2026-09-10 06:29:00
0.1695,2.0116,0.10219,0.00386,0.06212,6.6112,65.0,0.2287,0.0263,0.9585,0.9668,2.0,136.35889,0.445,1.0,2.49292,285.12,4.752,0.60794,1.46652,0.179,2.88385,2.77484,0.24901,0.16667,0.25226,0.32967,0.42132,0.96606,0.48333,CRITICAL,2026-09-10 06:29:00
0.04663,1.6198,0.09304,0.00278,0.05275,4.9377,80.0,0.1819,0.0244,0.9701,0.9685,2.0,149.52439,0.4886,1.0,2.49207,236.52,4.05,0.56692,1.64378,0.2118,2.67861,2.97268,0.41944,0.1,0.23325,0.31197,0.26858,0.96411,0.01667,HIGH,2026-09-10 06:29:00
0.19112,2.2277,0.10985,0.00432,0.06571,7.3542,65.0,0.2855,0.0263,0.975,0.9781,2.0,189.21099,0.3892,1.0,3.15352,335.52,5.592,0.59814,1.24112,0.1529,2.69419,1.70898,0.34295,0.16667,0.26416,0.16924,0.48781,0.96611,0.4,CRITICAL,2026-09-10 06:29:10
0.20773,5.0977,0.18212,0.01428,0.11951,5.2356,80.0,0.6747,0.0325,0.9787,0.9788,2.0,265.82738,0.2228,1.0,5.20583,433.44,8.892,0.65622,1.25691,0.0841,2.62007,1.35767,0.44717,0.2,0.23953,0.23751,0.31532,0.97777,0.06667,CRITICAL,2026-09-10 06:29:10
0.05311,1.7622,0.09887,0.00349,0.05909,5.4847,80.0,0.2215,0.0244,0.9787,0.978,2.0,154.43558,0.446,1.0,2.67697,240.12,4.392,0.59763,1.45917,0.1887,2.48772,1.68067,0.41251,0.28333,0.25818,0.20295,0.38454,0.95872,0.38333,HIGH,2026-09-10 06:29:10
0.07194,1.2931,0.08605,0.00158,0.0397,5.2112,80.0,0.1625,0.0231,0.9806,0.979,1.0,148.52437,0.5094,1.0,2.47541,207.0,3.54,0.46129,1.30684,0.2318,2.51508,2.43772,0.44719,0.43333,0.25907,0.15943,0.39338,0.97807,0.2,HIGH,2026-09-10 06:29:10
0.15769,2.5818,0.13443,0.00547,0.07395,5.6581,60.0,0.3297,0.0362,0.9785,0.9779,3.0,218.97668,0.3528,1.0,3.84156,312.12,6.222,0.5501,1.2558,0.1379,2.60762,1.68876,0.3287,0.5,0.26847,0.20055,0.47075,0.96475,0.1,CRITICAL,2026-09-10 06:29:10
0.08436,1.4071,0.09569,0.00202,0.04498,5.807,80.0,0.1879,0.0368,0.9883,0.988,1.0,148.52437,0.4815,1.0,2.47541,207.0,3.54,0.47001,1.73182,0.2182,2.64737,4.35993,0.43713,0.43333,0.26699,0.11659,0.44628,0.96974,0.2,HIGH,2026-09-10 06:29:20
0.18196,2.8094,0.15366,0.00871,0.09335,6.2693,60.0,0.3859,0.0362,0.9888,0.9881,3.0,218.97668,0.3238,1.0,3.84156,479.88,8.472,0.60749,1.16325,0.1119,2.53588,1.06201,0.3942,0.01667,0.24922,0.25188,0.35391,0.96952,0.48333,CRITICAL,2026-09-10 06:29:20
0.23133,5.5176,0.23163,0.02945,0.17162,5.7548,80.0,0.7852,0.0325,0.9887,0.9892,2.0,364.72849,0.1959,1.0,6.36482,383.76,9.108,0.74093,1.29022,0.0763,2.59372,1.12084,0.31967,0.0,0.2244,0.44041,0.23992,0.963,0.01667,CRITICAL,2026-09-10 06:29:20
0.2144,2.4201,0.11712,0.00498,0.07056,8.1581,65.0,0.3365,0.0263,0.9884,0.9883,2.0,174.06918,0.357,1.0,3.15352,327.6,5.592,0.60244,0.9696,0.1429,2.52215,0.62581,0.46126,0.15,0.25576,0.13616,0.40258,0.95021,0.4,CRITICAL,2026-09-10 06:29:20
0.05879,1.9268,0.11026,0.00459,0.06777,6.0088,80.0,0.2547,0.0244,0.9871,0.9872,2.0,175.6401,0.4102,1.0,3.13998,261.36,4.86,0.61467,1.14378,0.1697,2.21406,0.37498,0.42317,0.26667,0.27581,0.09941,0.47742,0.97077,0.38333,HIGH,2026-09-10 06:29:20
0.09575,1.5085,0.10695,0.00271,0.05208,6.3472,80.0,0.2082,0.0368,0.9927,0.9956,1.0,148.52437,0.4612,1.0,2.47541,212.4,3.54,0.48694,1.4756,0.2094,2.35334,1.97286,0.33641,0.41667,0.26714,0.20398,0.45961,0.97833,0.33333,HIGH,2026-09-10 06:29:30
0.20872,2.9896,0.17206,0.00929,0.09639,6.8797,60.0,0.4256,0.0384,0.9947,0.9961,3.0,218.97668,0.306,1.0,3.84156,479.88,8.472,0.56024,0.90502,0.1073,2.31121,0.38976,0.26254,0.01667,0.24363,0.32535,0.41211,0.9607,0.03333,CRITICAL,2026-09-10 06:29:30
0.2528,5.9581,0.25479,0.05823,0.24131,6.2774,80.0,0.8653,0.0188,0.996,0.9963,2.0,364.72849,0.1829,1.0,6.36482,449.28,9.108,0.94711,2.60488,0.072,4.25386,9.67914,0.32101,0.01667,0.23209,0.39087,0.28813,0.9753,0.06667,CRITICAL,2026-09-10 06:29:30
0.23606,2.5825,0.14088,0.00804,0.08966,8.8939,65.0,0.3723,0.0263,0.9958,0.9954,2.0,174.06918,0.3374,1.0,3.15352,327.6,5.592,0.6364,1.74338,0.1361,3.18987,4.67002,0.54307,0.15,0.23439,0.22242,0.2345,0.96495,0.1,CRITICAL,2026-09-10 06:29:30
0.06395,2.0243,0.12131,0.00523,0.07233,6.5034,80.0,0.2812,0.0244,0.9947,0.9958,2.0,175.6401,0.3908,1.0,3.13998,261.36,4.86,0.59626,0.78604,0.1622,2.02861,-0.39515,0.50319,0.25,0.28483,0.02954,0.46727,0.94802,0.43333,HIGH,2026-09-10 06:29:30
0.25425,2.7207,0.15958,0.01106,0.10517,9.5672,65.0,0.3824,0.0263,0.9976,0.9984,2.0,174.06918,0.3322,1.0,3.15352,327.6,5.592,0.65903,1.6109,0.1338,2.78907,3.27306,0.49968,0.23333,0.21077,0.33156,0.16875,0.94858,0.21667,CRITICAL,2026-09-10 06:29:40
0.27162,6.3189,0.2841,0.06475,0.25447,6.7502,80.0,0.8958,0.0188,0.9986,0.9988,2.0,364.72849,0.1783,1.0,6.36482,315.0,9.108,0.8957,2.14166,0.0704,3.91305,6.66378,0.3542,0.01667,0.22983,0.31709,0.32871,0.95943,0.38333,CRITICAL,2026-09-10 06:29:40
0.07046,2.1405,0.12563,0.00544,0.07373,6.9596,80.0,0.2921,0.0077,0.9981,0.9985,2.0,175.6401,0.3833,1.0,3.13998,275.76,4.86,0.5869,0.64848,0.1594,1.96685,-0.57786,0.53401,0.25,0.27139,0.03751,0.42848,0.93982,0.43333,HIGH,2026-09-10 06:29:40
0.10872,1.5742,0.11381,0.0034,0.0583,6.8843,80.0,0.2144,0.0368,0.994,0.9978,1.0,148.52437,0.4553,1.0,2.47541,234.72,4.188,0.5123,1.04703,0.1933,2.18958,0.34174,0.29732,0.41667,0.27237,0.20596,0.49672,0.95702,0.05,HIGH,2026-09-10 06:29:40
0.23305,3.1608,0.19865,0.01337,0.11562,7.4455,60.0,0.44,0.0384,0.9979,0.9986,3.0,218.97668,0.2999,1.0,3.84156,479.88,8.472,0.58204,1.01201,0.1056,2.39049,0.78542,0.217,0.41667,0.25062,0.31938,0.46362,0.95784,0.03333,CRITICAL,2026-09-10 06:29:40
0.11936,1.6529,0.11522,0.00327,0.0572,7.378,80.0,0.2118,0.0322,0.9932,0.9945,1.0,148.52437,0.4577,1.0,2.47541,234.72,4.188,0.49645,0.94906,0.1956,2.17627,0.29111,0.38763,0.41667,0.2428,0.22526,0.38711,0.96753,0.05,HIGH,2026-09-10 06:29:50
0.25686,3.2804,0.21784,0.01854,0.13615,7.9422,60.0,0.4272,0.0384,0.995,0.9958,3.0,218.97668,0.3053,1.0,3.84156,479.88,8.472,0.62501,1.44186,0.1069,2.91739,2.72598,0.21514,0.41667,0.25178,0.30089,0.48398,0.93608,0.43333,CRITICAL,2026-09-10 06:29:50
0.28774,6.6208,0.38183,0.11866,0.34447,7.144,80.0,0.8727,0.0188,0.9964,0.9964,2.0,364.72849,0.1817,1.0,6.36482,257.4,9.108,0.90215,1.47761,0.0716,2.90227,1.93397,0.42717,0.38333,0.26183,0.12909,0.44374,0.97976,0.13333,CRITICAL,2026-09-10 06:29:50
0.26881,2.865,0.17103,0.01268,0.11259,10.1022,65.0,0.3722,0.0411,0.9947,0.9958,2.0,174.06918,0.3361,1.0,3.27543,327.6,5.592,0.65831,1.33957,0.1359,2.60323,1.77966,0.46106,0.23333,0.22098,0.33899,0.19996,0.94605,0.06667,CRITICAL,2026-09-10 06:29:50
0.0739,2.2482,0.13784,0.00766,0.08751,7.3114,80.0,0.2832,0.0077,0.9955,0.9946,2.0,175.6401,0.3894,1.0,3.13998,275.76,4.86,0.63488,1.29786,0.162,3.03709,2.80551,0.37713,0.36667,0.27142,0.08854,0.53433,0.96329,0.38333,HIGH,2026-09-10 06:29:50
0.07697,2.3591,0.15193,0.0111,0.10535,7.5772,80.0,0.2609,0.0077,0.9874,0.9874,2.0,175.6401,0.4056,1.0,3.13998,275.76,4.86,0.69346,1.11297,0.1682,2.68303,1.05954,0.25675,0.36667,0.25268,0.222,0.52125,0.94704,0.35,HIGH,2026-09-10 06:30:00
0.28065,2.9757,0.19258,0.01486,0.12191,10.5301,65.0,0.3377,0.0411,0.9868,0.9882,2.0,174.06918,0.3564,1.0,3.15352,327.6,5.592,0.63306,1.17901,0.142,2.33837,0.94584,0.3901,0.06667,0.24265,0.33294,0.27696,0.94663,0.23333,CRITICAL,2026-09-10 06:30:00
0.29947,6.8464,0.44123,0.12072,0.34745,7.4598,80.0,0.7966,0.0188,0.9881,0.9884,2.0,364.72849,0.194,1.0,6.36482,256.32,9.108,0.78744,1.18015,0.0756,2.65605,1.02164,0.45899,0.25,0.26108,0.14062,0.40039,0.95579,0.26667,CRITICAL,2026-09-10 06:30:00
0.12869,1.7093,0.12839,0.00531,0.07285,7.7469,80.0,0.1908,0.0322,0.983,0.9868,1.0,148.52437,0.4789,1.0,2.47541,234.72,4.188,0.56738,2.03352,0.2028,3.20535,6.59893,0.45687,0.41667,0.24302,0.1817,0.36144,0.94165,0.16667,HIGH,2026-09-10 06:30:00
0.27586,3.4096,0.23177,0.01922,0.13863,8.3333,60.0,0.3888,0.0384,0.9868,0.9878,3.0,218.97668,0.3226,1.0,3.84156,479.88,8.472,0.59814,1.14626,0.1112,2.77472,1.89828,0.19822,0.41667,0.26725,0.17331,0.62848,0.94036,0.43333,CRITICAL,2026-09-10 06:30:00
0.13594,1.7448,0.13059,0.00589,0.07672,8.0437,80.0,0.1651,0.0322,0.9724,0.9743,1.0,124.52818,0.5106,1.0,2.34123,234.72,4.188,0.58747,1.8216,0.2148,3.12447,5.03984,0.42077,0.41667,0.25606,0.19118,0.38805,0.94847,0.03333,HIGH,2026-09-10 06:30:10
0.29109,3.4973,0.24483,0.02417,0.15546,8.6368,60.0,0.3362,0.0384,0.9776,0.9751,3.0,160.34621,0.3584,1.0,3.11866,479.88,8.472,0.63497,1.1014,0.1184,2.58438,1.24964,0.24019,0.41667,0.29042,0.06778,0.69203,0.93462,0.4,CRITICAL,2026-09-10 06:30:10
0.30884,7.0128,0.496,0.12377,0.35181,7.682,80.0,0.6917,0.0188,0.9786,0.9772,2.0,364.72849,0.2137,1.0,6.36482,248.76,9.108,0.7093,0.98783,0.0823,2.45201,0.45697,0.51383,0.25,0.23618,0.21997,0.26619,0.94549,0.26667,CRITICAL,2026-09-10 06:30:10
0.28828,3.0571,0.20499,0.01705,0.13059,10.8544,65.0,0.2918,0.0335,0.9786,0.9765,2.0,169.58899,0.389,1.0,2.87035,232.2,4.902,0.63704,0.9294,0.1606,2.19285,0.05663,0.33524,0.23333,0.25234,0.24305,0.42171,0.95342,0.5,CRITICAL,2026-09-10 06:30:10
0.07896,2.3735,0.17588,0.01498,0.12241,7.7896,80.0,0.2278,0.0077,0.9734,0.9783,2.0,175.6401,0.4322,1.0,3.13998,275.76,4.86,0.69598,1.08451,0.1787,2.5465,0.7446,0.33127,0.11667,0.23871,0.26468,0.40406,0.95509,0.36667,HIGH,2026-09-10 06:30:10
0.2962,3.0744,0.22426,0.01896,0.1377,11.0988,65.0,0.238,0.0335,0.9641,0.9653,2.0,169.58899,0.4296,1.0,2.87035,232.2,4.902,0.61404,0.91866,0.1751,2.29547,0.04717,0.35801,0.5,0.2744,0.1053,0.53669,0.94612,0.33333,CRITICAL,2026-09-10 06:30:20
0.3143,7.1165,0.48031,0.13584,0.36857,7.8908,80.0,0.5665,0.0188,0.9659,0.9649,2.0,218.66073,0.2541,1.0,4.56074,255.6,8.274,0.76734,1.09135,0.0952,2.46357,0.34529,0.53468,0.25,0.21909,0.26813,0.19718,0.95692,0.26667,CRITICAL,2026-09-10 06:30:20
0.08201,2.4286,0.18441,0.01516,0.12311,7.9414,80.0,0.1865,0.0077,0.9611,0.9643,2.0,168.87386,0.4771,1.0,2.81456,275.76,4.638,0.6676,0.99037,0.197,2.46066,0.49524,0.48428,0.13333,0.25252,0.14877,0.36695,0.96998,0.11667,HIGH,2026-09-10 06:30:20
0.14067,1.7806,0.13447,0.00628,0.07922,8.2532,80.0,0.1334,0.0322,0.9707,0.9625,1.0,124.52818,0.5498,1.0,2.34123,234.72,4.188,0.58913,1.65323,0.2287,3.03211,4.16023,0.40834,0.41667,0.25406,0.23103,0.36063,0.96602,0.03333,HIGH,2026-09-10 06:30:20
0.30074,3.5507,0.25299,0.02475,0.15732,8.865,60.0,0.2777,0.0384,0.967,0.965,3.0,160.34621,0.3956,1.0,3.11866,198.0,5.034,0.62183,1.0488,0.1631,2.51561,0.99464,0.36094,0.41667,0.2813,0.07154,0.56752,0.94305,0.3,CRITICAL,2026-09-10 06:30:20
0.14801,1.7992,0.13556,0.00633,0.07955,8.4556,80.0,0.1047,0.0322,0.9438,0.9578,1.0,124.52818,0.5923,1.0,2.34123,209.52,3.666,0.58681,1.65975,0.261,3.0107,4.11403,0.39516,0.41667,0.26125,0.21229,0.39255,0.97483,0.05,HIGH,2026-09-10 06:30:30
0.31066,3.5967,0.27436,0.03088,0.17574,9.0213,60.0,0.2172,0.046,0.9566,0.955,3.0,138.84511,0.4575,1.0,2.38551,151.2,3.738,0.64055,0.84237,0.2046,2.30045,0.24247,0.53756,0.43333,0.25316,0.11257,0.34987,0.96896,0.3,CRITICAL,2026-09-10 06:30:30
0.31967,7.2299,0.51355,0.13085,0.36173,7.987,80.0,0.441,0.0196,0.9524,0.9533,2.0,218.66073,0.2991,1.0,4.23709,255.6,8.274,0.70438,0.89033,0.1075,2.34955,-0.21302,0.49251,0.26667,0.22647,0.24264,0.26485,0.96908,0.13333,CRITICAL,2026-09-10 06:30:30
0.29981,3.1015,0.2412,0.02285,0.15115,11.2668,65.0,0.1865,0.0308,0.9496,0.9523,2.0,169.58899,0.4767,1.0,2.87035,232.2,4.902,0.62666,0.63262,0.1916,2.12234,-0.58613,0.35651,0.5,0.28558,0.09469,0.54879,0.9478,0.48333,CRITICAL,2026-09-10 06:30:30
0.08326,2.4135,0.19713,0.01682,0.12969,8.0453,80.0,0.1455,0.0077,0.9414,0.9525,2.0,168.87386,0.523,1.0,2.81456,275.76,4.638,0.65792,0.84263,0.2136,2.31212,-0.1358,0.55639,0.13333,0.2261,0.17831,0.2653,0.9648,0.15,HIGH,2026-09-10 06:30:30
0.14895,1.8204,0.13549,0.00653,0.08081,8.5467,80.0,0.0761,0.0322,0.9269,0.9432,1.0,109.24266,0.6623,1.0,1.82071,96.12,2.718,0.59642,1.69139,0.3215,2.99976,3.86417,0.33511,0.4,0.2656,0.2268,0.43809,0.95334,0.05,HIGH,2026-09-10 06:30:40
0.31614,3.6283,0.27531,0.03539,0.18811,9.1367,60.0,0.1645,0.046,0.9434,0.9468,3.0,138.84511,0.5123,1.0,2.38551,151.2,3.132,0.68328,1.01384,0.2451,2.49254,0.66142,0.57043,0.2,0.26737,0.09174,0.33782,0.96984,0.21667,CRITICAL,2026-09-10 06:30:40
0.32251,7.275,0.55998,0.15381,0.39219,8.0894,80.0,0.3294,0.0196,0.9414,0.945,2.0,218.66073,0.3507,1.0,4.23709,255.6,7.536,0.70036,0.92203,0.1268,2.55769,0.14851,0.26881,0.01667,0.23259,0.37893,0.35226,0.97489,0.0,CRITICAL,2026-09-10 06:30:40
0.30308,3.1666,0.25772,0.02618,0.16181,11.3733,65.0,0.1426,0.0308,0.9476,0.9447,2.0,126.97865,0.5354,1.0,2.48116,193.68,3.816,0.62787,0.66436,0.2369,2.24907,-0.45455,0.35286,0.28333,0.27744,0.14156,0.50558,0.96296,0.48333,CRITICAL,2026-09-10 06:30:40
0.0847,2.4727,0.20668,0.01676,0.12945,8.1202,80.0,0.1093,0.0223,0.9277,0.9355,2.0,168.87386,0.5707,1.0,2.81456,160.92,3.144,0.62634,0.72722,0.2784,2.23674,-0.38788,0.56774,0.13333,0.20727,0.24479,0.18747,0.94572,0.15,HIGH,2026-09-10 06:30:40
0.08465,2.4911,0.20096,0.01611,0.12693,8.1852,80.0,0.077,0.0223,0.9084,0.9363,2.0,168.87386,0.6208,1.0,2.81456,153.36,2.472,0.63162,0.69475,0.3371,2.29498,-0.4631,0.64402,0.13333,0.21215,0.19763,0.15834,0.93482,0.26667,HIGH,2026-09-10 06:30:50
0.32446,7.3532,0.56872,0.16454,0.40564,8.1438,80.0,0.2393,0.0196,0.9377,0.9329,2.0,187.01362,0.4243,1.0,3.21686,255.6,4.926,0.71325,1.2019,0.1748,2.7577,1.29752,0.28907,0.5,0.26812,0.22822,0.4827,0.97012,0.01667,CRITICAL,2026-09-10 06:30:50
0.30351,3.1541,0.26737,0.03103,0.17616,11.4438,65.0,0.1038,0.0308,0.9278,0.9368,2.0,123.88864,0.5898,1.0,2.48116,193.68,3.606,0.65885,0.71354,0.2664,2.23405,-0.39667,0.40455,0.28333,0.27732,0.08926,0.50619,0.95074,0.36667,CRITICAL,2026-09-10 06:30:50
0.15216,1.8053,0.14877,0.00688,0.08293,8.6349,80.0,0.059,0.0369,0.9223,0.9147,1.0,121.94091,0.6827,1.0,2.10981,96.12,1.854,0.55743,1.3349,0.4053,2.77779,2.44514,0.24908,0.38333,0.23022,0.30718,0.44374,0.93517,0.4,HIGH,2026-09-10 06:30:50
0.32062,3.6325,0.26487,0.03171,0.17806,9.2075,60.0,0.1187,0.046,0.9197,0.9362,3.0,138.84511,0.5719,1.0,2.38551,151.2,2.844,0.67228,1.01281,0.2832,2.60393,0.94952,0.3632,0.4,0.26392,0.14169,0.49511,0.97416,0.2,CRITICAL,2026-09-10 06:30:50
0.15232,1.8144,0.1465,0.00691,0.08312,8.6822,80.0,0.0416,0.0364,0.8741,0.9057,1.0,70.98496,0.7657,1.0,1.3086,96.12,1.71,0.56737,0.90405,0.4474,2.40938,0.30483,0.23904,0.4,0.25443,0.27616,0.48479,0.95216,0.05,HIGH,2026-09-10 06:31:00
0.3237,3.6782,0.26594,0.03199,0.17886,9.2702,60.0,0.0826,0.0471,0.901,0.9257,3.0,129.31505,0.638,1.0,2.15525,138.6,2.502,0.67258,1.04782,0.3293,2.59307,0.92096,0.29123,0.31667,0.26749,0.16419,0.54458,0.98047,0.4,CRITICAL,2026-09-10 06:31:00
0.32704,7.2982,0.5821,0.18419,0.42917,8.1948,80.0,0.1674,0.0196,0.9207,0.9255,2.0,158.98241,0.4975,1.0,2.90659,255.6,4.926,0.73729,1.32729,0.1981,2.66405,1.43551,0.3361,0.5,0.29785,0.10542,0.55849,0.95423,0.43333,CRITICAL,2026-09-10 06:31:00
0.30558,3.1864,0.26882,0.03246,0.18016,11.51,65.0,0.0738,0.0308,0.8986,0.9318,2.0,123.88864,0.6401,1.0,2.48116,172.44,3.108,0.67021,0.66914,0.3087,2.21053,-0.43004,0.32937,0.38333,0.26388,0.16506,0.50556,0.9753,0.36667,CRITICAL,2026-09-10 06:31:00
0.08395,2.4821,0.20023,0.01575,0.1255,8.2056,80.0,0.0563,0.0324,0.8972,0.9393,2.0,105.46025,0.7189,1.0,1.51447,153.36,2.472,0.6268,0.70106,0.3618,2.30838,-0.41408,0.61892,0.13333,0.21722,0.19694,0.18414,0.9483,0.11667,HIGH,2026-09-10 06:31:00
0.15383,1.8293,0.15072,0.00645,0.08033,8.7013,80.0,0.0292,0.0364,0.8676,0.9241,1.0,114.91903,0.7729,1.0,1.71237,96.12,1.524,0.53299,0.88211,0.4944,2.37567,0.38996,0.33205,0.4,0.27974,0.15288,0.51507,0.94943,0.18333,HIGH,2026-09-10 06:31:10
0.32517,3.6667,0.26913,0.03141,0.17724,9.3051,60.0,0.0569,0.0471,0.9212,0.9152,3.0,129.31505,0.685,1.0,2.15525,138.6,2.502,0.65858,1.03851,0.359,2.57875,0.87354,0.30745,0.31667,0.26253,0.20037,0.49218,0.97724,0.41667,CRITICAL,2026-09-10 06:31:10
0.32731,7.3575,0.59398,0.18521,0.43036,8.2289,80.0,0.1196,0.0196,0.9172,0.9134,2.0,130.29637,0.5627,1.0,2.64381,241.2,4.128,0.72453,1.21978,0.2409,2.62651,1.22181,0.35528,0.41667,0.28434,0.12597,0.51875,0.95432,0.5,CRITICAL,2026-09-10 06:31:10
0.30754,3.1441,0.28136,0.03221,0.17948,11.5568,65.0,0.051,0.0308,0.8402,0.9163,2.0,123.88864,0.7053,1.0,2.06481,137.88,1.914,0.63791,0.53666,0.4114,2.14312,-0.5676,0.17683,0.31667,0.26514,0.28684,0.53633,0.9676,0.05,CRITICAL,2026-09-10 06:31:10
0.08419,2.49,0.19743,0.01405,0.11852,8.2263,80.0,0.0388,0.0324,0.8054,0.9265,2.0,105.46025,0.7573,1.0,1.62041,153.36,2.454,0.6003,0.65988,0.3835,2.26669,-0.3863,0.40449,0.26667,0.2296,0.31408,0.28143,0.96682,0.36667,HIGH,2026-09-10 06:31:10
0.30693,3.1952,0.2741,0.03249,0.18025,11.5795,65.0,0.0332,0.0308,0.844,0.911,2.0,96.61067,0.7933,1.0,1.22678,137.88,2.796,0.6576,0.53148,0.3671,2.18039,-0.58812,0.17177,0.05,0.26028,0.36508,0.46315,0.94371,0.5,CRITICAL,2026-09-10 06:31:20
0.32831,7.407,0.59674,0.17462,0.41788,8.2167,80.0,0.0848,0.0196,0.9189,0.915,2.0,135.64805,0.5929,1.0,3.22605,241.2,4.128,0.70026,1.26324,0.2628,2.64416,1.62327,0.42997,0.25,0.27919,0.1154,0.45463,0.96024,0.26667,CRITICAL,2026-09-10 06:31:20
0.08484,2.4975,0.20117,0.01547,0.12439,8.2288,80.0,0.0262,0.0324,0.8253,0.8967,2.0,105.46025,0.8088,1.0,1.28268,153.36,1.434,0.61831,0.62807,0.5043,2.20701,-0.40911,0.34455,0.5,0.26075,0.23333,0.42212,0.96038,0.26667,HIGH,2026-09-10 06:31:20
0.15528,1.8445,0.16482,0.0082,0.09053,8.748,80.0,0.0225,0.0364,0.7654,0.9117,1.0,114.91903,0.7927,1.0,1.71237,102.96,1.716,0.54931,0.64943,0.4894,2.15791,-0.40718,0.41553,0.18333,0.28709,0.05379,0.53069,0.96523,0.4,HIGH,2026-09-10 06:31:20
0.32807,3.6683,0.27014,0.03621,0.19028,9.3397,60.0,0.0378,0.0386,0.8366,0.8926,3.0,82.94559,0.7765,1.0,1.31324,129.96,1.614,0.70438,1.12394,0.459,2.51554,0.95928,0.3677,0.35,0.22895,0.24462,0.38768,0.96553,0.36667,CRITICAL,2026-09-10 06:31:20
0.0846,2.4853,0.21539,0.01746,0.13214,8.2538,80.0,0.0204,0.0324,0.7026,0.8308,2.0,105.46025,0.8282,1.0,1.28268,105.12,1.434,0.6135,0.49257,0.5278,2.0657,-0.70634,0.40472,0.26667,0.28311,0.12087,0.47441,0.94833,0.48333,HIGH,2026-09-10 06:31:30
0.30696,3.18,0.27831,0.03124,0.17675,11.5738,65.0,0.0213,0.0441,0.8793,0.8649,2.0,76.43355,0.8271,1.0,1.19033,137.88,1.95,0.63508,0.60923,0.457,2.1693,-0.46587,0.31756,0.5,0.24491,0.33781,0.34463,0.96854,0.03333,CRITICAL,2026-09-10 06:31:30
0.15472,1.8066,0.17139,0.01087,0.10426,8.729,80.0,0.0176,0.0364,0.621,0.8286,1.0,114.91903,0.8087,1.0,1.71237,126.0,1.716,0.60834,1.07948,0.5031,2.74433,1.40407,0.39269,0.35,0.27702,0.07543,0.53188,0.96641,0.33333,HIGH,2026-09-10 06:31:30
0.32736,3.6808,0.26494,0.03525,0.18775,9.3272,60.0,0.0272,0.0386,0.8522,0.9132,3.0,82.94559,0.8153,1.0,1.12944,129.96,1.614,0.70863,1.3222,0.4844,2.55981,1.48886,0.3882,0.35,0.23682,0.22654,0.38527,0.95274,0.36667,CRITICAL,2026-09-10 06:31:30
0.32844,7.381,0.63787,0.1983,0.44531,8.2408,80.0,0.0605,0.028,0.9223,0.9247,2.0,129.40907,0.7254,1.0,1.18612,121.68,2.208,0.69811,1.19422,0.3833,2.47613,1.19476,0.53501,0.25,0.26774,0.10125,0.36374,0.962,0.26667,CRITICAL,2026-09-10 06:31:30
0.15448,1.8202,0.18129,0.01112,0.10544,8.7528,80.0,0.0129,0.0364,0.4117,0.6433,1.0,114.91903,0.8171,1.0,1.82558,126.0,1.716,0.58159,0.91849,0.5144,2.6247,1.00715,0.40047,0.35,0.25846,0.11556,0.48398,0.95363,0.41667,HIGH,2026-09-10 06:31:40
0.32914,3.6753,0.25636,0.03163,0.17785,9.3565,60.0,0.0225,0.0386,0.7522,0.8576,3.0,83.66776,0.8137,1.0,1.39446,93.6,1.128,0.69375,1.2305,0.5768,2.58773,1.17759,0.46285,0.18333,0.24697,0.18526,0.35188,0.94601,0.1,CRITICAL,2026-09-10 06:31:40
0.33166,7.3936,0.63586,0.19122,0.43728,8.2451,80.0,0.0404,0.028,0.8874,0.8933,2.0,129.40907,0.7754,1.0,1.18612,123.48,3.156,0.6877,1.10847,0.3418,2.49597,1.02857,0.3947,0.26667,0.23996,0.2277,0.3776,0.96352,0.38333,CRITICAL,2026-09-10 06:31:40
0.30931,3.1948,0.25575,0.02818,0.16786,11.6207,65.0,0.0198,0.0371,0.8274,0.8731,2.0,87.77047,0.8144,1.0,1.46284,137.88,1.17,0.65636,0.69544,0.5752,2.33823,-0.23652,0.32021,0.5,0.25704,0.30673,0.37306,0.9514,0.08333,CRITICAL,2026-09-10 06:31:40
0.08371,2.5088,0.23731,0.01772,0.13311,8.2413,80.0,0.0169,0.0324,0.5652,0.7944,2.0,76.96054,0.8411,1.0,1.28268,105.12,1.104,0.56091,0.30726,0.6017,1.9179,-0.81909,0.45033,0.26667,0.267,0.1393,0.41037,0.95613,0.11667,HIGH,2026-09-10 06:31:40
0.30801,3.1742,0.2239,0.02476,0.15734,11.6248,65.0,0.0147,0.0364,0.7748,0.8559,2.0,76.43355,0.8487,1.0,1.19033,106.2,1.236,0.70271,0.75275,0.5776,2.29937,-0.42023,0.23927,0.5,0.2535,0.34637,0.41436,0.96749,0.06667,CRITICAL,2026-09-10 06:31:50
0.33002,7.4032,0.51481,0.18709,0.43254,8.2613,80.0,0.0329,0.028,0.8462,0.9412,2.0,116.48379,0.7953,1.0,1.20445,115.2,1.92,0.84019,1.18182,0.4523,2.78985,1.11314,0.14115,0.4,0.25128,0.30604,0.55281,0.96115,0.38333,CRITICAL,2026-09-10 06:31:50
0.08514,2.5058,0.2284,0.0183,0.13528,8.2804,80.0,0.0116,0.0399,0.4596,0.837,2.0,74.01614,0.8687,1.0,1.12534,105.12,1.104,0.59229,0.45377,0.6128,1.9662,-0.86035,0.38485,0.4,0.24839,0.21993,0.39523,0.95998,0.11667,HIGH,2026-09-10 06:31:50
0.15351,1.8386,0.16235,0.01223,0.1106,8.7352,80.0,0.0119,0.0364,0.4075,0.6795,1.0,114.91903,0.827,1.0,1.71237,126.0,1.716,0.68121,1.12466,0.5215,2.8036,1.07457,0.47885,0.43333,0.2325,0.1882,0.33295,0.95239,0.41667,HIGH,2026-09-10 06:31:50
0.33005,3.6948,0.24112,0.03347,0.18294,9.3826,60.0,0.0169,0.0386,0.7269,0.8651,3.0,82.94559,0.8581,1.0,0.99065,93.6,1.434,0.7587,1.31899,0.5406,2.66852,1.19174,0.53814,0.18333,0.24957,0.12382,0.33804,0.95676,0.43333,CRITICAL,2026-09-10 06:31:50
0.08499,2.5086,0.20643,0.01849,0.13596,8.2691,80.0,0.0114,0.0536,0.457,0.7375,2.0,74.01614,0.8693,1.0,1.12534,115.56,1.926,0.65865,0.75153,0.493,2.11228,-0.57084,0.23238,0.01667,0.23348,0.4025,0.36512,0.94175,0.4,HIGH,2026-09-10 06:32:00
0.30792,3.2214,0.19902,0.02229,0.14931,11.6107,65.0,0.0129,0.0364,0.6968,0.8182,2.0,76.43355,0.8553,1.0,1.19033,92.16,0.966,0.75021,1.00666,0.6347,2.52965,-0.09717,0.23246,0.01667,0.24475,0.38971,0.37783,0.95104,0.03333,CRITICAL,2026-09-10 06:32:00
0.329,7.4065,0.43032,0.17634,0.41993,8.2805,80.0,0.0189,0.021,0.7059,0.8857,2.0,97.89338,0.8376,1.0,1.20445,115.2,1.92,0.97586,1.21668,0.4654,3.12184,0.97614,0.07695,0.01667,0.25435,0.39308,0.52997,0.94361,0.41667,CRITICAL,2026-09-10 06:32:00
0.33002,3.6863,0.21807,0.0342,0.18492,9.3691,60.0,0.0139,0.0386,0.535,0.7993,3.0,103.85022,0.8435,1.0,1.36666,93.6,1.434,0.84798,1.50641,0.5512,2.82599,1.62756,0.48902,0.18333,0.24909,0.15971,0.35127,0.95923,0.2,CRITICAL,2026-09-10 06:32:00
0.1566,1.8293,0.15179,0.01087,0.10426,8.7753,80.0,0.0096,0.0351,0.3091,0.3802,1.0,107.77872,0.8409,1.0,1.79631,126.0,1.716,0.68687,1.40683,0.5267,2.99087,2.11595,0.49546,0.01667,0.21546,0.27057,0.23397,0.96417,0.11667,HIGH,2026-09-10 06:32:00
0.15596,1.8511,0.14069,0.01114,0.10553,8.7754,80.0,0.008,0.0351,0.132,0.1902,1.0,73.54255,0.926,1.0,0.71951,126.0,1.716,0.75013,1.59085,0.5298,3.13276,2.49059,0.3522,0.01667,0.19439,0.49765,0.15015,0.94947,0.03333,HIGH,2026-09-10 06:32:10
0.32814,3.6932,0.18029,0.02898,0.17025,9.3675,60.0,0.0132,0.0386,0.4934,0.7047,3.0,103.85022,0.874,1.0,0.99065,93.6,1.434,0.94433,2.05502,0.5599,3.26005,3.90205,0.31975,0.01667,0.23984,0.34911,0.33114,0.9315,0.03333,CRITICAL,2026-09-10 06:32:10
0.30886,3.2252,0.16716,0.01818,0.13482,11.6242,65.0,0.0099,0.0269,0.4997,0.5568,2.0,76.43355,0.872,1.0,1.12889,92.16,2.022,0.80656,1.58334,0.4822,2.93165,1.81665,0.22013,0.01667,0.22777,0.48008,0.2998,0.92534,0.03333,CRITICAL,2026-09-10 06:32:10
0.0854,2.5281,0.18126,0.01773,0.13315,8.2767,80.0,0.0088,0.0536,0.1181,0.6203,2.0,239.94626,0.8273,1.0,1.99955,121.68,1.392,0.73457,1.01174,0.5726,2.20604,-0.2544,0.12433,0.01667,0.209,0.62768,0.24799,0.91217,0.03333,HIGH,2026-09-10 06:32:10
0.32903,7.4109,0.34469,0.16441,0.40547,8.2797,80.0,0.0126,0.021,0.3985,0.8406,2.0,108.9261,0.8071,1.0,1.98884,115.2,1.92,1.17633,1.72972,0.4773,3.52979,2.61123,0.08823,0.01667,0.25682,0.43182,0.47996,0.93862,0.5,CRITICAL,2026-09-10 06:32:10
0.15704,1.8332,0.11718,0.00798,0.08932,8.7968,80.0,0.0059,0.0351,0.0741,0.1253,1.0,82.61603,0.9101,1.0,0.92801,126.0,1.158,0.76232,2.63374,0.6243,3.7396,8.41177,0.15941,0.01667,0.16407,0.73122,0.10938,0.89636,0.03333,HIGH,2026-09-10 06:32:20
0.32901,3.6885,0.14916,0.01989,0.14102,9.3761,60.0,0.0084,0.0468,0.0771,0.5367,3.0,103.85022,0.8577,1.0,1.57462,76.32,1.434,0.94544,2.58363,0.5677,3.80028,6.64754,0.14374,0.01667,0.20569,0.62726,0.229,0.93117,0.0,CRITICAL,2026-09-10 06:32:20
0.3285,7.4077,0.29454,0.16619,0.40766,8.2769,80.0,0.0117,0.021,0.2532,0.7214,2.0,97.89338,0.8452,1.0,1.51176,120.24,2.004,1.38405,2.01107,0.4779,3.73749,3.39509,0.08132,0.01667,0.22732,0.5922,0.32648,0.9456,0.0,CRITICAL,2026-09-10 06:32:20
0.30832,3.2063,0.14569,0.01563,0.12501,11.6223,65.0,0.0085,0.0269,0.2507,0.3827,2.0,78.12568,0.8782,1.0,1.30209,92.16,1.236,0.85804,2.01502,0.5998,3.28036,3.59186,0.14654,0.01667,0.19909,0.64397,0.20949,0.93061,0.0,CRITICAL,2026-09-10 06:32:20
0.08561,2.4904,0.1602,0.01574,0.12547,8.2786,80.0,0.0091,0.0464,0.1801,0.4437,2.0,239.94626,0.8271,1.0,1.99955,114.84,1.014,0.78323,1.37716,0.6486,2.28896,0.55926,0.06643,0.01667,0.15909,0.84223,0.09133,0.87864,0.0,HIGH,2026-09-10 06:32:20
0.30948,3.2127,0.10405,0.00426,0.06526,11.6352,65.0,0.0072,0.0269,0.1412,0.002,2.0,67.73332,0.8928,1.0,1.12889,68.4,0.882,0.6272,2.56978,0.6909,3.1666,7.36187,0.23667,0.0,0.22091,0.39687,0.36645,0.95673,0.38333,CRITICAL,2026-09-10 06:32:30
0.08387,2.4938,0.12347,0.00849,0.09212,8.2643,80.0,0.0082,0.0464,0.0206,0.1039,2.0,239.94626,0.8277,1.0,1.99955,114.84,1.71,0.74612,2.38964,0.5331,2.9787,5.13786,0.07732,0.0,0.16933,0.81631,0.10637,0.88728,0.01667,HIGH,2026-09-10 06:32:30
0.33081,7.3971,0.17634,0.07137,0.26716,8.2657,80.0,0.01,0.021,0.1832,0.5817,2.0,113.11752,0.884,1.0,1.21246,115.2,1.92,1.51499,3.06839,0.4944,4.40946,9.10205,0.06223,0.0,0.19119,0.79325,0.14452,0.90418,0.01667,CRITICAL,2026-09-10 06:32:30
0.15738,1.8448,0.10031,0.00379,0.0616,8.7972,80.0,0.0081,0.0351,0.0097,0.0002,1.0,125.82986,0.8631,1.0,1.50603,99.0,1.65,0.61408,2.31701,0.5451,3.19129,6.28545,0.16875,0.0,0.19244,0.63766,0.19358,0.92246,0.01667,HIGH,2026-09-10 06:32:30
0.32953,3.7242,0.11417,0.00819,0.09049,9.3671,60.0,0.0064,0.0468,0.0099,0.2286,3.0,103.85022,0.9022,1.0,1.02,123.48,2.058,0.79258,3.55423,0.4849,3.76192,12.42325,0.1047,0.0,0.19742,0.72983,0.16547,0.90409,0.01667,CRITICAL,2026-09-10 06:32:30
0.15545,1.8535,0.07981,0.00065,0.02554,8.7714,80.0,0.007,0.0249,0.0059,0.1065,1.0,125.82986,0.8691,1.0,1.43724,60.84,1.014,0.31999,0.06711,0.6606,1.66242,-0.49549,0.31168,0.08333,0.23793,0.34396,0.34436,0.9557,0.4,HIGH,2026-09-10 06:32:40
0.33106,3.6928,0.08869,0.00043,0.02069,9.394,60.0,0.0095,0.0468,0.0037,0.0389,3.0,103.85022,0.8626,1.0,1.49781,123.48,2.058,0.2333,0.04701,0.4907,1.44778,-0.54868,0.31249,0.45,0.26736,0.16688,0.52063,0.95866,0.46667,CRITICAL,2026-09-10 06:32:40
0.3304,7.4013,0.08056,0.00066,0.02561,8.2612,80.0,0.0083,0.021,0.0684,0.1069,2.0,113.11752,0.8859,1.0,1.20445,51.12,0.852,0.31787,-0.09441,0.6974,1.56632,-0.75063,0.2764,0.26667,0.25938,0.25295,0.47065,0.96654,0.06667,CRITICAL,2026-09-10 06:32:40
0.30857,3.2203,0.08478,0.00058,0.02413,11.6403,65.0,0.0071,0.0269,0.1299,0.0903,2.0,92.21085,0.8615,1.0,1.53685,170.28,2.838,0.28468,-0.05298,0.4121,1.78681,0.69005,0.21992,0.38333,0.2599,0.17645,0.60363,0.93761,0.36667,CRITICAL,2026-09-10 06:32:40
0.08517,2.4915,0.0861,0.00037,0.01929,8.2667,80.0,0.0074,0.0464,0.0039,0.071,2.0,239.94626,0.8283,1.0,1.99955,114.84,1.044,0.22401,0.45242,0.6542,1.52151,-0.28041,0.30472,0.4,0.26243,0.18102,0.51426,0.9656,0.41667,HIGH,2026-09-10 06:32:40
0.15498,1.8493,0.08192,0.00068,0.02614,8.7652,80.0,0.0082,0.0249,0.0004,0.1956,1.0,125.82986,0.8681,1.0,1.43724,117.0,2.07,0.31914,-0.09507,0.4862,1.62,-0.64683,0.31425,0.4,0.27768,0.14776,0.53799,0.95235,0.41667,HIGH,2026-09-10 06:32:50
0.33019,3.7023,0.08708,0.00033,0.01827,9.3753,60.0,0.0089,0.0482,0.0246,0.0182,3.0,109.6576,0.8827,1.0,1.24035,123.48,2.058,0.2098,-0.11814,0.4904,1.44132,-0.40334,0.30525,0.45,0.26166,0.19875,0.496,0.9543,0.26667,CRITICAL,2026-09-10 06:32:50
0.32989,7.3992,0.08135,0.00064,0.02523,8.2693,80.0,0.0082,0.021,0.1995,0.0013,2.0,113.11752,0.8959,1.0,1.07936,51.12,0.852,0.3101,-0.21298,0.6977,1.55438,-0.63733,0.31089,0.26667,0.2792,0.16506,0.52405,0.93507,0.35,CRITICAL,2026-09-10 06:32:50
0.30743,3.2104,0.08437,0.00065,0.02541,11.6139,65.0,0.0081,0.0269,0.0386,0.0814,2.0,97.4388,0.8544,1.0,1.62398,82.8,0.69,0.30111,-0.04837,0.7405,1.78753,0.18607,0.22155,0.38333,0.25812,0.22963,0.54882,0.95366,0.4,CRITICAL,2026-09-10 06:32:50
0.0845,2.5291,0.08619,0.00038,0.01956,8.2827,80.0,0.0065,0.0464,0.0005,0.0195,2.0,239.94626,0.8289,1.0,1.99955,114.84,1.044,0.2269,0.33876,0.6542,1.51899,-0.36433,0.3225,0.41667,0.26339,0.20306,0.47445,0.96958,0.4,HIGH,2026-09-10 06:32:50
0.08383,2.5353,0.08736,0.00037,0.01923,8.2501,80.0,0.0065,0.0401,0.0142,0.0837,2.0,239.94626,0.8288,1.0,1.99955,114.84,1.044,0.22016,-0.01902,0.6542,1.50074,-0.16342,0.33083,0.18333,0.25411,0.25596,0.41321,0.95703,0.5,HIGH,2026-09-10 06:33:00
0.30944,3.2024,0.08246,0.00064,0.0253,11.6394,65.0,0.0102,0.0269,0.0497,0.0296,2.0,97.4388,0.8528,1.0,1.62398,166.68,2.316,0.30688,-0.41091,0.4616,1.48277,-0.73081,0.4164,0.1,0.25329,0.23095,0.35265,0.97118,0.25,CRITICAL,2026-09-10 06:33:00
0.33212,7.3929,0.08167,0.00052,0.02278,8.2675,80.0,0.0081,0.0312,0.1047,0.0735,2.0,113.11752,0.888,1.0,1.18029,196.92,3.282,0.27896,-0.27908,0.3774,1.46093,-0.81471,0.40099,0.28333,0.27939,0.1266,0.47241,0.96448,0.3,CRITICAL,2026-09-10 06:33:00
0.3311,3.6973,0.08969,0.00033,0.01822,9.381,60.0,0.0085,0.0508,0.0101,0.0082,3.0,88.44437,0.883,1.0,1.24035,142.56,2.736,0.2031,-0.09919,0.4202,1.46457,-0.27521,0.28775,0.33333,0.26315,0.19112,0.52113,0.96488,0.31667,CRITICAL,2026-09-10 06:33:00
0.15523,1.8404,0.0813,0.00063,0.02501,8.7705,80.0,0.0074,0.0249,0.0148,0.3955,1.0,125.82986,0.8687,1.0,1.43724,49.68,0.732,0.30761,-0.07979,0.7212,1.63762,-0.54933,0.2785,0.4,0.2772,0.12088,0.60062,0.95545,0.45,HIGH,2026-09-10 06:33:00
0.1539,1.8412,0.08022,0.00056,0.02364,8.7402,80.0,0.0078,0.0249,0.0304,0.2781,1.0,125.82986,0.8684,1.0,1.43724,70.92,1.182,0.29467,-0.10144,0.6209,1.66558,-0.38728,0.26278,0.4,0.26953,0.16091,0.57631,0.96413,0.45,HIGH,2026-09-10 06:33:10
0.33043,3.685,0.09026,0.00033,0.01828,9.3871,60.0,0.0086,0.0508,0.0141,0.0164,3.0,75.99901,0.8829,1.0,1.24035,123.48,2.058,0.2025,-0.17228,0.4904,1.45557,-0.19255,0.41212,0.36667,0.24826,0.18252,0.40536,0.97125,0.35,CRITICAL,2026-09-10 06:33:10
0.3299,7.3948,0.08194,0.00057,0.02392,8.2713,80.0,0.0062,0.0312,0.0155,0.0193,2.0,113.11752,0.9069,1.0,0.96413,124.92,1.224,0.29187,-0.07264,0.6175,1.56149,-0.73365,0.38908,0.3,0.27561,0.12699,0.48393,0.96848,0.41667,CRITICAL,2026-09-10 06:33:10
0.30893,3.221,0.08309,0.00055,0.0235,11.6277,65.0,0.0084,0.038,0.0001,0.0836,2.0,97.4388,0.8541,1.0,1.62398,166.68,1.458,0.28284,-0.29633,0.5759,1.48089,-0.81137,0.51007,0.21667,0.26454,0.11549,0.37444,0.97764,0.2,CRITICAL,2026-09-10 06:33:10
0.08552,2.4971,0.08453,0.00037,0.01935,8.2723,80.0,0.0051,0.0401,0.0163,0.1102,2.0,100.26184,0.9068,1.0,0.97746,79.2,1.044,0.22891,0.10401,0.6539,1.54828,-0.30367,0.46326,0.5,0.25161,0.18659,0.35015,0.95368,0.18333,HIGH,2026-09-10 06:33:10
0.15547,1.8499,0.07991,0.00058,0.02415,8.7825,80.0,0.0075,0.0249,0.0017,0.1759,1.0,110.62646,0.8687,1.0,1.43724,54.0,0.9,0.3022,0.00073,0.681,1.66865,-0.40078,0.23857,0.4,0.28029,0.14515,0.61628,0.95888,0.35,HIGH,2026-09-10 06:33:20
0.32895,3.7016,0.08842,0.00048,0.02181,9.3809,60.0,0.0085,0.0246,0.0,0.0104,3.0,134.04442,0.8775,1.0,1.31114,123.48,2.058,0.24664,-0.58321,0.49,1.47216,0.43259,0.59724,0.18333,0.23555,0.14599,0.25676,0.97357,0.36667,CRITICAL,2026-09-10 06:33:20
0.32843,7.3781,0.0834,0.00059,0.02438,8.2843,80.0,0.0063,0.0373,0.0002,0.0166,2.0,113.11752,0.9068,1.0,0.96413,124.92,1.224,0.29234,0.12358,0.6173,1.56055,-0.85433,0.37637,0.41667,0.28743,0.0801,0.54354,0.97479,0.5,CRITICAL,2026-09-10 06:33:20
0.30856,3.2068,0.08363,0.00057,0.02395,11.617,65.0,0.0109,0.038,0.0024,0.1639,2.0,163.94328,0.7581,1.0,3.08242,166.68,1.458,0.28642,-0.16962,0.572,1.50347,-0.80849,0.3764,0.5,0.28931,0.08851,0.53509,0.96228,0.21667,CRITICAL,2026-09-10 06:33:20
0.08652,2.5065,0.08216,0.00032,0.01784,8.2834,80.0,0.0051,0.0401,0.0191,0.0651,2.0,100.26184,0.9068,1.0,0.97746,79.2,1.044,0.21711,-0.09545,0.6541,1.46592,-0.51659,0.52441,0.03333,0.22567,0.25824,0.21735,0.96991,0.21667,HIGH,2026-09-10 06:33:20
0.30856,3.2068,0.08447,0.00065,0.02541,11.614,65.0,0.0093,0.038,0.0366,0.0297,2.0,97.4388,0.8535,1.0,1.62398,166.68,1.458,0.3008,-0.2711,0.5758,1.48298,-0.93037,0.2769,0.5,0.29745,0.0899,0.63321,0.96498,0.48,CRITICAL,2026-09-10 06:33:30
0.32843,7.3781,0.08378,0.00058,0.02419,8.2834,80.0,0.0062,0.0373,0.0056,0.0134,2.0,71.53441,0.8824,1.0,1.27086,124.92,1.224,0.28868,0.10199,0.6174,1.555,-0.62528,0.40439,0.26,0.3016,0.05212,0.54349,0.94548,0.42,CRITICAL,2026-09-10 06:33:30
0.08652,2.5065,0.08138,0.00034,0.01855,8.2834,80.0,0.0061,0.0401,0.0124,0.0108,2.0,102.28365,0.8499,1.0,1.70473,79.2,0.894,0.22801,-0.05139,0.6881,1.47677,-0.60215,0.52466,0.04,0.20816,0.31458,0.16076,0.95656,0.22,HIGH,2026-09-10 06:33:30
0.15643,1.8499,0.07981,0.00048,0.02201,8.8064,80.0,0.0073,0.0249,0.0456,0.06,1.0,113.0801,0.8961,1.0,1.08704,54.0,0.9,0.27581,-0.12314,0.687,1.50132,-0.32114,0.25968,0.34,0.27894,0.10364,0.63668,0.94778,0.36,HIGH,2026-09-10 06:33:30
0.32843,3.7016,0.08728,0.00055,0.0234,9.3746,60.0,0.0087,0.0246,0.076,0.2158,3.0,134.04442,0.8291,1.0,1.97369,122.04,1.566,0.26813,-0.44073,0.5513,1.48383,0.00641,0.6221,0.18,0.23334,0.16149,0.21642,0.97257,0.2,CRITICAL,2026-09-10 06:33:30
0.15643,1.8499,0.08138,0.00048,0.02186,8.8064,80.0,0.0053,0.0382,0.0614,0.0051,1.0,82.68397,0.926,1.0,0.74581,54.0,0.9,0.26863,-0.011,0.687,1.47511,-0.73652,0.26983,0.375,0.28766,0.05901,0.67116,0.93732,0.35,HIGH,2026-09-10 06:33:40
0.32843,3.7016,0.08659,0.0006,0.02446,9.3746,60.0,0.0068,0.0246,0.0043,0.0995,3.0,134.04442,0.8788,1.0,1.31114,122.04,1.566,0.28243,-0.40145,0.5522,1.4906,-0.06962,0.52186,0.2,0.24256,0.18351,0.29463,0.97437,0.175,CRITICAL,2026-09-10 06:33:40
0.32843,7.3781,0.08636,0.00053,0.02313,8.2834,80.0,0.006,0.0383,0.0181,0.0019,2.0,71.53441,0.9114,1.0,0.91166,124.92,1.224,0.26781,0.07113,0.6172,1.51683,-0.53409,0.38052,0.275,0.28928,0.09713,0.52236,0.95934,0.4,CRITICAL,2026-09-10 06:33:40
0.30856,3.2068,0.08429,0.0007,0.02643,11.614,65.0,0.0106,0.038,0.0001,0.0179,2.0,97.4388,0.8525,1.0,1.62398,166.68,1.458,0.3135,-0.19383,0.5756,1.48121,-1.04237,0.21207,0.5,0.2874,0.12444,0.66349,0.95756,0.475,CRITICAL,2026-09-10 06:33:40
0.08652,2.5065,0.08204,0.0004,0.01998,8.2834,80.0,0.0053,0.0401,0.0002,0.0783,2.0,100.26184,0.9066,1.0,0.97746,79.2,0.894,0.24353,-0.13828,0.6878,1.46013,-0.78361,0.48987,0.225,0.22285,0.29897,0.21117,0.95954,0.125,HIGH,2026-09-10 06:33:40
0.15643,1.8499,0.08117,0.00044,0.0209,8.8064,80.0,0.0054,0.0507,0.0123,0.0084,1.0,82.68397,0.9259,1.0,0.74581,84.24,1.404,0.25747,0.25685,0.5849,1.48327,-0.66562,0.34042,0.36667,0.31029,0.05446,0.60512,0.93904,0.26667,HIGH,2026-09-10 06:33:50
0.32843,3.7016,0.08643,0.00073,0.02711,9.3746,60.0,0.0081,0.0246,0.0,0.2715,3.0,134.04442,0.8778,1.0,1.31114,122.04,1.314,0.31368,-0.31347,0.587,1.48159,-0.49354,0.29432,0.46667,0.26977,0.21827,0.48741,0.95485,0.43333,CRITICAL,2026-09-10 06:33:50
0.32843,7.3781,0.08659,0.0006,0.02456,8.2834,80.0,0.0071,0.0383,0.011,0.0057,2.0,71.53441,0.9105,1.0,0.91166,124.92,1.344,0.28367,0.1353,0.5942,1.50738,-0.72556,0.36145,0.5,0.2791,0.14454,0.49401,0.94386,0.46667,CRITICAL,2026-09-10 06:33:50
0.30856,3.2068,0.08742,0.00065,0.02549,11.614,65.0,0.0084,0.038,0.1384,0.0582,2.0,83.80001,0.882,1.0,1.0395,166.68,1.458,0.29156,-0.37956,0.5709,1.43714,-0.78049,0.32897,0.5,0.29937,0.09309,0.57794,0.93628,0.3,CRITICAL,2026-09-10 06:33:50
0.08652,2.5065,0.08172,0.00045,0.02131,8.2834,80.0,0.0069,0.0401,0.1346,0.0297,2.0,57.34319,0.907,1.0,0.95572,79.2,0.894,0.26073,-0.08355,0.688,1.46031,-0.83955,0.40989,0.33333,0.24401,0.23532,0.35479,0.97823,0.13333,HIGH,2026-09-10 06:33:50
0.30856,3.2068,0.08765,0.00052,0.02286,11.614,65.0,0.0063,0.0468,0.1074,0.3453,2.0,83.80001,0.9067,1.0,0.75477,65.88,0.888,0.26074,-0.15121,0.6641,1.44514,-0.84939,0.15052,0.3,0.3061,0.07541,0.77406,0.9375,0.5,CRITICAL,2026-09-10 06:34:00
0.32843,7.3781,0.0874,0.00066,0.02572,8.2834,80.0,0.0104,0.0501,0.1023,0.2194,2.0,93.62027,0.8333,1.0,1.56034,51.48,0.858,0.29434,0.3696,0.6742,1.49031,-0.95712,0.34373,0.5,0.29413,0.09261,0.56366,0.93546,0.45,CRITICAL,2026-09-10 06:34:00
0.08652,2.5065,0.07644,0.00037,0.01935,8.2834,80.0,0.0062,0.0471,0.0255,0.0191,2.0,50.64663,0.9169,1.0,0.84411,53.64,0.894,0.25317,0.36991,0.6878,1.46445,-0.87152,0.25149,0.5,0.30763,0.05053,0.69797,0.93471,0.45,HIGH,2026-09-10 06:34:00
0.15643,1.8499,0.08038,0.00048,0.02196,8.8064,80.0,0.0089,0.0512,0.6298,0.0528,1.0,82.68397,0.8487,1.0,0.97298,54.0,0.9,0.27324,0.50042,0.6787,1.49312,-0.55869,0.28487,0.5,0.31068,0.048,0.66713,0.9498,0.25,HIGH,2026-09-10 06:34:00
0.32843,3.7016,0.0797,0.00066,0.02578,9.3746,60.0,0.0071,0.0246,0.0118,0.0937,3.0,134.04442,0.8786,1.0,1.31114,122.04,1.314,0.32351,-0.25897,0.5887,1.5269,-0.26305,0.3717,0.15,0.2541,0.23848,0.38982,0.97266,0.45,CRITICAL,2026-09-10 06:34:00
0.15643,1.8499,0.0806,0.00065,0.0255,8.8064,80.0,0.0089,0.0519,0.7108,0.7714,1.0,58.61299,0.8163,1.0,0.67271,33.48,0.36,0.31641,0.52807,0.7792,1.47588,-0.97798,0.16297,0.5,0.29946,0.11058,0.72645,0.96691,0.3,HIGH,2026-09-10 06:34:10
0.32843,3.7016,0.07299,0.00101,0.03183,9.3746,60.0,0.009,0.0246,0.2756,0.2637,3.0,134.04442,0.8058,1.0,1.38391,122.04,1.314,0.43613,0.20307,0.5591,1.61537,-0.75365,0.034,0.5,0.31101,0.1786,0.7874,0.93986,0.4,CRITICAL,2026-09-10 06:34:10
0.32843,7.3781,0.09029,0.00071,0.02657,8.2834,80.0,0.0124,0.0501,0.0254,0.0293,2.0,76.35468,0.8482,1.0,1.27258,93.96,1.566,0.29423,0.02258,0.5472,1.44547,-0.94498,0.48178,0.2,0.19347,0.42012,0.09811,0.8833,0.1,CRITICAL,2026-09-10 06:34:10
0.30856,3.2068,0.08349,0.00067,0.02583,11.614,65.0,0.0052,0.0468,0.0106,0.0,2.0,43.17615,0.9283,1.0,0.7196,76.32,1.464,0.30939,0.25643,0.5741,1.50209,-0.80221,0.00714,0.4,0.3141,0.08356,0.9093,0.88472,0.3,CRITICAL,2026-09-10 06:34:10
0.08652,2.5065,0.08091,0.00053,0.02294,8.2834,80.0,0.0055,0.0471,0.4376,0.9161,2.0,41.18732,0.8802,1.0,0.58552,34.92,0.582,0.28355,-0.09786,0.6845,1.37612,-1.12059,0.13912,0.3,0.23843,0.21216,0.64872,0.9399,0.4,HIGH,2026-09-10 06:34:10
0.00234,0.091,0.04028,0.0001,0.00999,1.0114,20.0,0.0062,0.0285,0.2756,0.0127,0.0,44.31518,0.8736,0.0,0.73859,69.48,1.158,0.24795,-0.04612,0.626,1.25908,-1.75069,0.01597,0.5,0.33404,0.10752,0.87651,0.90687,0.4,NORMAL,2026-09-10 06:35:30
0.2096,0.1195,0.03326,0.00022,0.01495,3.6399,35.0,0.0064,0.0036,0.0515,0.3545,1.0,74.03474,0.8632,0.5,1.23391,51.12,1.212,0.44961,-0.08149,0.5813,1.70358,0.57008,0.12018,0.5,0.28176,0.20534,0.67447,0.98975,0.4,NORMAL,2026-09-10 06:35:30
0.22304,0.1646,0.03072,0.00018,0.01359,4.4062,50.0,0.01,0.0119,0.0293,0.6792,1.0,58.39463,0.8762,0.5,0.97324,38.88,0.528,0.44246,0.59421,0.729,1.71686,-0.44514,0.29854,0.2,0.22291,0.42734,0.27412,0.97968,0.1,NORMAL,2026-09-10 06:35:30
0.30957,0.0856,0.03181,0.0001,0.00978,8.8064,80.0,0.0046,0.0099,0.0498,0.2829,1.0,70.34462,0.9227,1.0,0.58621,89.28,1.608,0.30739,-1.31177,0.5161,1.23133,0.54058,0.05977,0.4,0.2596,0.35511,0.58513,0.98422,0.1,NORMAL,2026-09-10 06:35:30
0.6386,0.1111,0.03001,8e-05,0.00904,8.0984,50.0,0.0168,0.0162,0.0219,0.0588,2.0,134.51945,0.7882,0.6667,2.02764,55.44,0.924,0.30111,-0.36324,0.6709,1.35852,-1.01004,0.13099,0.3,0.28586,0.21961,0.64941,0.88927,0.4,NORMAL,2026-09-10 06:35:30
0.0007,0.0835,0.03687,0.00015,0.01218,1.0521,20.0,0.0106,0.0099,0.2191,0.0005,0.0,70.34462,0.8478,0.0,1.18407,52.92,0.882,0.33034,-0.22833,0.6917,1.634,0.54544,0.17313,0.1,0.25975,0.34105,0.48582,0.97253,0.3,NORMAL,2026-09-10 06:35:40
0.00115,0.107,0.03182,0.00011,0.01058,1.056,20.0,0.0135,0.0133,0.0043,0.1838,0.0,134.51945,0.8222,0.0,2.02764,73.44,1.224,0.33247,0.05009,0.6097,1.65301,-0.29366,0.29152,0.3,0.25522,0.15862,0.54985,0.93971,0.4,NORMAL,2026-09-10 06:35:40
0.00272,0.1141,0.03237,0.00013,0.01134,1.0172,20.0,0.0079,0.0119,0.1148,0.2878,0.0,58.39463,0.8831,0.0,0.97324,38.88,0.696,0.35035,0.42324,0.7036,1.67226,-0.30448,0.45101,0.2,0.2236,0.28358,0.26541,0.94673,0.45,NORMAL,2026-09-10 06:35:40
0.00168,0.0964,0.03177,0.00018,0.01347,1.0408,20.0,0.0063,0.0036,0.0003,0.7765,0.0,74.03474,0.8852,0.0,1.23391,43.2,0.36,0.42394,0.03194,0.8125,1.7917,0.16308,0.19118,0.35,0.25658,0.23853,0.57029,0.93126,0.4,NORMAL,2026-09-10 06:35:40
0.00199,0.1362,0.03716,0.00025,0.01572,1.0329,20.0,0.0074,0.001,0.1159,0.0105,0.0,41.56818,0.9148,0.0,0.60178,70.92,1.266,0.42306,-0.49749,0.609,1.46057,-0.51119,0.30066,0.15,0.23548,0.29219,0.40715,0.97891,0.2,NORMAL,2026-09-10 06:35:40
0.0019,0.0951,0.03808,0.00021,0.01442,1.0203,20.0,0.0093,0.001,0.0307,0.2777,0.0,53.19292,0.8966,0.0,1.06075,103.68,1.458,0.37872,-0.55801,0.5657,1.44447,-0.35655,0.35619,0.43333,0.27854,0.08964,0.55417,0.96386,0.4,NORMAL,2026-09-10 06:35:50
0.00177,0.0782,0.03358,0.00014,0.01203,1.0262,20.0,0.0085,0.0036,0.1514,0.2776,0.0,74.03474,0.8663,0.0,1.23391,114.48,1.176,0.35828,-0.21365,0.6187,1.73039,0.47167,0.37402,0.06667,0.19761,0.46488,0.16109,0.95985,0.1,NORMAL,2026-09-10 06:35:50
0.00015,0.0981,0.03653,0.00016,0.01281,1.0636,20.0,0.0088,0.0099,0.3084,0.0874,0.0,70.34462,0.8712,0.0,1.05554,52.92,0.882,0.35054,0.05733,0.6861,1.63811,-0.05754,0.48346,0.1,0.23002,0.25572,0.26082,0.9647,0.13333,NORMAL,2026-09-10 06:35:50
0.00137,0.105,0.03237,9e-05,0.00948,1.0413,20.0,0.0133,0.0133,0.0191,0.0342,0.0,134.51945,0.8223,0.0,2.02764,156.96,1.92,0.29299,0.04009,0.5053,1.64145,-0.02019,0.48677,0.23333,0.26217,0.13936,0.37387,0.95702,0.43333,NORMAL,2026-09-10 06:35:50
0.00154,0.1404,0.03256,0.00013,0.01152,1.0237,20.0,0.0068,0.0119,0.1535,0.208,0.0,61.18344,0.9057,0.0,0.97324,38.88,0.696,0.35373,0.37145,0.7214,1.6591,-0.61187,0.27902,0.06667,0.26234,0.32513,0.39585,0.92982,0.03333,NORMAL,2026-09-10 06:35:50
0.0004,0.0715,0.03612,0.00014,0.01185,1.0452,20.0,0.0111,0.0099,0.2167,0.232,0.0,70.34462,0.8749,0.0,1.05554,52.92,0.882,0.32813,0.07746,0.6832,1.6674,0.11932,0.42249,0.325,0.23869,0.19497,0.38254,0.96765,0.25,NORMAL,2026-09-10 06:36:00
0.0008,0.0932,0.03383,0.0001,0.01024,1.0489,20.0,0.0126,0.0133,0.0084,0.0074,0.0,134.51945,0.8228,0.0,2.02764,156.96,1.92,0.30271,0.3649,0.5083,1.67097,0.0823,0.50286,0.2,0.2614,0.15035,0.34679,0.94244,0.225,NORMAL,2026-09-10 06:36:00
0.00191,0.1339,0.03377,0.00017,0.01316,1.0312,20.0,0.0087,0.0076,0.3922,0.0551,0.0,64.91824,0.8819,0.0,0.97324,38.88,0.696,0.38972,0.25554,0.7376,1.72991,-0.64523,0.17488,0.05,0.24306,0.4264,0.39871,0.95553,0.5,NORMAL,2026-09-10 06:36:00
0.00198,0.1256,0.0327,0.00014,0.01189,1.0478,20.0,0.0064,0.0036,0.0141,0.1035,0.0,74.03474,0.8851,0.0,1.23391,114.48,0.954,0.36364,-0.14571,0.6749,1.77269,0.16791,0.51592,0.15,0.19976,0.34517,0.13891,0.9436,0.05,NORMAL,2026-09-10 06:36:00
0.00148,0.0955,0.03731,0.00024,0.01558,1.0303,20.0,0.0098,0.001,0.1563,0.0661,0.0,59.92632,0.8749,0.0,1.3322,103.68,1.458,0.41758,-0.26726,0.572,1.60071,-0.87721,0.32799,0.425,0.2814,0.08009,0.59192,0.95451,0.4,NORMAL,2026-09-10 06:36:00
0.00213,0.1019,0.03623,0.00022,0.01472,1.0091,20.0,0.0095,0.001,0.0,0.3668,0.0,54.46203,0.9088,0.0,0.9077,103.68,1.458,0.40639,-0.17094,0.5694,1.6543,-0.76501,0.346,0.42,0.27399,0.10292,0.55108,0.96115,0.4,NORMAL,2026-09-10 06:36:10
0.00239,0.1256,0.03305,0.00016,0.01249,1.02,20.0,0.0077,0.0076,0.2326,0.0469,0.0,64.91824,0.905,0.0,0.97324,52.56,1.032,0.37799,0.33145,0.6559,1.77397,-0.47907,0.23692,0.04,0.24207,0.33574,0.42734,0.95622,0.32,NORMAL,2026-09-10 06:36:10
0.00312,0.1105,0.03264,0.00013,0.01161,1.0439,20.0,0.0049,0.0036,0.0217,0.1525,0.0,74.03474,0.8863,0.0,1.23391,114.48,1.35,0.35557,-0.1086,0.5948,1.7803,0.11105,0.56255,0.14,0.22184,0.24846,0.189,0.95949,0.26,NORMAL,2026-09-10 06:36:10
0.00027,0.1007,0.03598,0.00014,0.01164,1.067,20.0,0.0097,0.0099,0.1233,0.0176,0.0,70.34462,0.8966,0.0,1.05554,81.0,0.912,0.3234,-0.03404,0.6838,1.67544,0.10591,0.4555,0.26,0.24785,0.1379,0.40661,0.95599,0.34,NORMAL,2026-09-10 06:36:10
0.0008,0.1144,0.03328,0.00013,0.01142,1.0451,20.0,0.0116,0.0068,0.0209,0.1221,0.0,134.51945,0.8235,0.0,2.02764,156.96,1.92,0.34323,0.18113,0.5056,1.69007,0.05586,0.43505,0.44,0.26958,0.1426,0.42235,0.96698,0.4,NORMAL,2026-09-10 06:36:10
0.00122,0.1086,0.03553,0.00014,0.01191,1.0465,20.0,0.0088,0.0099,0.2219,0.092,0.0,70.34462,0.8974,0.0,1.05554,81.0,0.912,0.33518,0.12004,0.6839,1.69065,0.01165,0.48158,0.26667,0.25064,0.1176,0.40082,0.96136,0.33333,NORMAL,2026-09-10 06:36:20
0.00198,0.1234,0.03226,0.00013,0.01151,1.0557,20.0,0.0105,0.0068,0.0044,0.0273,0.0,134.51945,0.8242,0.0,2.02764,156.96,1.92,0.35671,0.22302,0.5084,1.73598,-0.10526,0.28071,0.4,0.27494,0.14998,0.56931,0.97166,0.38333,NORMAL,2026-09-10 06:36:20
0.00305,0.1582,0.03231,0.00016,0.01273,0.9997,20.0,0.0079,0.0045,0.0046,0.0399,0.0,64.91824,0.9048,0.0,0.97324,67.32,0.876,0.39417,0.19148,0.6914,1.80471,-0.41451,0.28443,0.31667,0.24206,0.25865,0.45691,0.9584,0.33333,NORMAL,2026-09-10 06:36:20
0.00282,0.089,0.03365,0.00014,0.01172,1.0441,20.0,0.0079,0.0036,0.0064,0.3326,0.0,74.03474,0.8839,0.0,1.23391,114.48,1.35,0.34823,-0.12009,0.5898,1.73052,-0.08341,0.56244,0.26667,0.23867,0.19401,0.24355,0.95087,0.05,NORMAL,2026-09-10 06:36:20
0.00205,0.1095,0.03633,0.00019,0.01372,1.003,20.0,0.0091,0.001,0.0428,0.1624,0.0,54.46203,0.9092,0.0,0.9077,103.68,1.458,0.37763,-0.18142,0.5725,1.6653,-0.5167,0.27568,0.41667,0.29008,0.10413,0.62019,0.95315,0.43333,NORMAL,2026-09-10 06:36:20
0.00136,0.1022,0.03582,0.00019,0.01388,1.0189,20.0,0.0091,0.001,0.0108,0.0039,0.0,54.46203,0.8898,0.0,1.14728,103.68,1.458,0.38738,-0.08907,0.5761,1.6836,-0.59945,0.15925,0.43333,0.29949,0.12229,0.71846,0.95276,0.35,NORMAL,2026-09-10 06:36:30
0.00258,0.0868,0.0341,0.00014,0.01174,1.0493,20.0,0.0078,0.0096,0.085,0.0009,0.0,51.17234,0.9149,0.0,0.85287,114.48,1.74,0.34444,-0.10019,0.5321,1.5375,-0.74681,0.52688,0.26667,0.24232,0.2026,0.27052,0.94864,0.06667,NORMAL,2026-09-10 06:36:30
0.00146,0.0915,0.03585,0.00015,0.01226,1.0275,20.0,0.0087,0.0115,0.0707,0.0013,0.0,100.50049,0.8801,0.0,1.27552,81.0,0.912,0.342,0.23164,0.6839,1.67238,-0.15277,0.53468,0.25,0.25236,0.11169,0.35363,0.96306,0.31667,NORMAL,2026-09-10 06:36:30
0.0007,0.1076,0.03359,0.00015,0.0121,1.0524,20.0,0.0095,0.0068,0.0003,0.0004,0.0,83.32718,0.8708,0.0,1.38879,156.96,1.92,0.36014,0.21731,0.5082,1.66553,-0.31088,0.25754,0.4,0.29296,0.07162,0.67084,0.932,0.38333,NORMAL,2026-09-10 06:36:30
0.003,0.1113,0.0326,0.00016,0.0128,1.0125,20.0,0.0083,0.0045,0.0254,0.0334,0.0,74.18679,0.8952,0.0,1.08747,67.32,0.876,0.39252,0.33394,0.6916,1.86388,-0.10828,0.37812,0.31667,0.24463,0.17324,0.44865,0.9578,0.33333,NORMAL,2026-09-10 06:36:30
0.001,0.1102,0.03446,0.00013,0.01161,1.0464,20.0,0.0091,0.0115,0.1411,0.0029,0.0,99.17059,0.8515,0.0,1.65284,95.4,0.912,0.33689,0.36154,0.6837,1.70357,-0.0187,0.60414,0.3,0.26805,0.08523,0.31063,0.93571,0.23333,NORMAL,2026-09-10 06:36:40
0.00139,0.0923,0.0344,0.00014,0.01162,1.0551,20.0,0.0084,0.0068,0.0412,0.0881,0.0,83.32718,0.8716,0.0,1.38879,156.96,1.92,0.33788,0.08416,0.5082,1.63744,-0.2556,0.32648,0.4,0.26832,0.13041,0.54312,0.96268,0.35,NORMAL,2026-09-10 06:36:40
0.00162,0.1296,0.03322,0.00017,0.01292,1.0292,20.0,0.0081,0.0045,0.1195,0.0796,0.0,74.18679,0.8954,0.0,1.08747,67.32,1.092,0.38886,0.20159,0.6435,1.83124,-0.2513,0.42993,0.18333,0.24637,0.21201,0.35805,0.96808,0.1,NORMAL,2026-09-10 06:36:40
0.00166,0.0843,0.03427,0.00014,0.01202,1.0327,20.0,0.0093,0.0096,0.3225,0.0681,0.0,61.97351,0.9145,0.0,0.84234,128.52,2.142,0.35075,0.12367,0.4778,1.71711,-0.65701,0.51676,0.16667,0.23989,0.24084,0.2424,0.97149,0.06667,NORMAL,2026-09-10 06:36:40
0.00194,0.1221,0.03479,0.00015,0.01245,1.0286,20.0,0.0092,0.0121,0.0037,0.0371,0.0,54.46203,0.9091,0.0,0.9077,103.68,1.608,0.35783,0.14992,0.5525,1.7502,-0.59866,0.25287,0.43333,0.28715,0.1308,0.61632,0.95868,0.36667,NORMAL,2026-09-10 06:36:40
2e-05,0.0656,0.03356,0.00012,0.01101,1.0672,20.0,0.0092,0.0115,0.0196,0.0016,0.0,64.34824,0.8926,0.0,1.11054,95.4,0.912,0.32805,0.30348,0.6837,1.75398,-0.00978,0.54014,0.3,0.26429,0.12502,0.33484,0.96125,0.46667,NORMAL,2026-09-10 06:36:50
0.00069,0.115,0.0357,0.00015,0.01235,1.0484,20.0,0.0077,0.0068,0.0311,0.2914,0.0,83.32718,0.8722,0.0,1.38879,69.12,1.08,0.3459,0.06191,0.6418,1.70352,-0.28275,0.34009,0.4,0.25067,0.1966,0.46331,0.97472,0.31667,NORMAL,2026-09-10 06:36:50
0.00206,0.1271,0.03398,0.00016,0.0128,1.0237,20.0,0.0092,0.0045,0.2068,0.1058,0.0,74.18679,0.89,0.0,1.14412,67.32,0.876,0.37679,0.09856,0.6919,1.7975,-0.21884,0.37928,0.1,0.24367,0.28153,0.33919,0.95103,0.08333,NORMAL,2026-09-10 06:36:50
0.00189,0.0798,0.03412,0.00016,0.01261,1.0453,20.0,0.0098,0.0096,0.3524,0.0034,0.0,150.73896,0.8634,0.0,1.48481,113.04,1.74,0.36959,0.13224,0.5318,1.71431,-0.8581,0.45042,0.08333,0.24012,0.24389,0.30569,0.96753,0.18333,NORMAL,2026-09-10 06:36:50
0.00124,0.0801,0.03457,0.00015,0.01215,1.0263,20.0,0.0098,0.0121,0.0399,0.087,0.0,67.36304,0.8245,0.0,2.03042,115.2,1.704,0.35151,0.21387,0.5372,1.7648,-0.35116,0.51508,0.18333,0.24449,0.16049,0.32443,0.93833,0.2,NORMAL,2026-09-10 06:36:50
0.00159,0.1139,0.03468,0.00011,0.01039,1.0146,20.0,0.0089,0.0121,0.0188,0.4261,0.0,86.36504,0.891,0.0,1.13438,115.2,0.96,0.29957,-0.12361,0.6634,1.63352,-0.33499,0.47656,0.03333,0.2277,0.23084,0.2926,0.95503,0.23333,NORMAL,2026-09-10 06:37:00
0.0028,0.0996,0.03388,0.00015,0.01243,1.0425,20.0,0.0103,0.0121,0.3375,0.0019,0.0,206.4054,0.8223,0.0,1.85308,113.04,1.74,0.36692,0.19877,0.5317,1.72793,-0.83835,0.32361,0.46667,0.262,0.20697,0.46942,0.96306,0.45,NORMAL,2026-09-10 06:37:00
0.00087,0.0945,0.03477,0.00014,0.01184,1.0573,20.0,0.0088,0.0115,0.0029,0.0321,0.0,67.18796,0.896,0.0,1.07247,95.4,0.912,0.34063,0.28942,0.6837,1.68665,-0.27598,0.38927,0.31667,0.2617,0.18327,0.42746,0.96134,0.46667,NORMAL,2026-09-10 06:37:00
0.00097,0.1049,0.03531,0.00018,0.01349,1.0525,20.0,0.0069,0.0063,0.0418,0.2448,0.0,124.39677,0.8945,0.0,1.11052,69.12,1.08,0.38212,0.09882,0.6418,1.77445,-0.18446,0.32564,0.41667,0.26526,0.16959,0.50477,0.96145,0.43333,NORMAL,2026-09-10 06:37:00
0.0021,0.123,0.03346,0.00015,0.01229,1.0251,20.0,0.007,0.001,0.0482,0.0099,0.0,74.18679,0.8963,0.0,1.08747,67.32,0.876,0.36734,-0.13096,0.6915,1.83091,0.17374,0.32108,0.08333,0.24224,0.35363,0.32529,0.95132,0.41667,NORMAL,2026-09-10 06:37:00
0.00021,0.0826,0.03498,0.00015,0.01218,1.0548,20.0,0.0091,0.0115,0.0071,0.0667,0.0,67.18796,0.8958,0.0,1.07247,95.4,0.972,0.34817,0.25848,0.6699,1.67262,-0.40297,0.3431,0.5,0.24674,0.23628,0.42062,0.97094,0.31667,NORMAL,2026-09-10 06:37:10
0.00175,0.1182,0.0366,0.00015,0.01225,1.0419,20.0,0.0087,0.0063,0.123,0.0666,0.0,178.14315,0.7659,0.0,2.96905,95.04,1.584,0.33466,0.08551,0.556,1.73766,0.11482,0.31742,0.43333,0.24664,0.25826,0.42431,0.97236,0.21667,NORMAL,2026-09-10 06:37:10
0.00291,0.1363,0.03346,0.00016,0.01265,1.0171,20.0,0.0071,0.001,0.0002,0.0003,0.0,74.18679,0.8961,0.0,1.08747,89.28,0.804,0.37798,-0.19584,0.7104,1.82455,-0.05985,0.41591,0.28333,0.227,0.35683,0.22726,0.96169,0.06667,NORMAL,2026-09-10 06:37:10
0.00271,0.1019,0.03587,0.00019,0.01372,1.0345,20.0,0.0087,0.0121,0.0007,0.0006,0.0,206.4054,0.8375,0.0,1.85308,122.4,1.74,0.38245,0.47984,0.5317,2.08042,0.19909,0.33599,0.46667,0.26706,0.17597,0.48804,0.96495,0.2,NORMAL,2026-09-10 06:37:10
0.00154,0.1114,0.03584,0.00011,0.01063,1.0201,20.0,0.0077,0.0121,0.018,0.0136,0.0,86.36504,0.8474,0.0,1.72472,115.2,0.96,0.29658,0.05335,0.6722,1.58193,-0.28417,0.29246,0.03333,0.22901,0.33617,0.37136,0.96788,0.4,NORMAL,2026-09-10 06:37:10
0.00119,0.0744,0.035,0.00015,0.01218,1.0598,20.0,0.0094,0.0106,0.0006,0.0123,0.0,67.18796,0.8956,0.0,1.07247,199.44,1.662,0.34788,0.01559,0.5438,1.65846,-0.46546,0.31297,0.5,0.23233,0.36165,0.32538,0.96135,0.13333,NORMAL,2026-09-10 06:37:20
0.00153,0.1121,0.03777,0.00015,0.01234,1.0567,20.0,0.0084,0.0063,0.247,0.0296,0.0,124.39677,0.896,0.0,1.07651,69.12,1.08,0.32675,0.10014,0.6469,1.68767,0.03917,0.31431,0.21667,0.24087,0.30489,0.38081,0.94433,0.43333,NORMAL,2026-09-10 06:37:20
0.00192,0.1246,0.03485,0.00019,0.01384,1.0158,20.0,0.0062,0.001,0.0039,0.0183,0.0,65.24791,0.8969,0.0,1.08747,82.8,0.804,0.39717,0.43526,0.7102,2.22376,1.50309,0.47204,0.28333,0.25543,0.17676,0.3512,0.95974,0.4,NORMAL,2026-09-10 06:37:20
0.00089,0.0841,0.03452,0.00019,0.01365,1.0284,20.0,0.0087,0.0121,0.0287,0.0047,0.0,206.4054,0.8375,0.0,1.85308,122.4,1.74,0.39555,0.62962,0.5317,2.15228,0.47759,0.40761,0.21667,0.25195,0.26243,0.32996,0.94579,0.05,NORMAL,2026-09-10 06:37:20
0.00104,0.1084,0.03544,0.00013,0.01141,1.0312,20.0,0.0082,0.0121,0.0041,0.0817,0.0,105.96281,0.8441,0.0,1.76605,124.56,1.326,0.32202,0.01084,0.5984,1.58843,-0.54709,0.27044,0.05,0.26243,0.26553,0.46403,0.97449,0.4,NORMAL,2026-09-10 06:37:20
0.00058,0.0942,0.03498,0.00013,0.01152,1.0021,20.0,0.0066,0.0107,0.0514,0.2394,0.0,86.36504,0.9151,0.0,0.86203,124.56,1.656,0.32928,-0.08794,0.539,1.60616,-0.42055,0.36022,0.5,0.26311,0.22238,0.41741,0.96366,0.21667,NORMAL,2026-09-10 06:37:30
0.00205,0.1128,0.03448,0.00018,0.01341,1.0442,20.0,0.0093,0.0138,0.0065,0.2359,0.0,206.4054,0.8371,0.0,1.85308,122.4,1.02,0.38909,0.6601,0.6504,2.15945,0.62034,0.34929,0.05,0.2191,0.43712,0.21359,0.9476,0.06667,NORMAL,2026-09-10 06:37:30
0.00148,0.1414,0.0359,0.00018,0.01338,1.0128,20.0,0.0052,0.001,0.0624,0.0001,0.0,46.59574,0.9234,0.0,0.7766,87.12,0.804,0.37272,0.19605,0.7099,2.17664,1.69048,0.36913,0.28333,0.25164,0.1928,0.43808,0.95415,0.4,NORMAL,2026-09-10 06:37:30
0.0003,0.0863,0.03547,0.00017,0.01311,1.0513,20.0,0.0106,0.007,0.126,0.0985,0.0,67.18796,0.8884,0.0,1.15045,199.44,1.662,0.36957,-0.24128,0.5439,1.62549,-0.70527,0.38732,0.13333,0.22747,0.30638,0.3063,0.95526,0.48333,NORMAL,2026-09-10 06:37:30
0.00178,0.1313,0.03753,0.00015,0.01214,1.0446,20.0,0.0082,0.0063,0.2653,0.1601,0.0,124.39677,0.8962,0.0,1.07651,69.12,1.08,0.32361,0.13921,0.641,1.69986,0.17702,0.30333,0.06667,0.24851,0.2914,0.40527,0.94303,0.05,NORMAL,2026-09-10 06:37:30
0.00256,0.0904,0.0362,0.00017,0.01298,1.0144,20.0,0.0082,0.007,0.0078,0.0147,0.0,67.18796,0.8952,0.0,1.08897,199.44,1.662,0.35853,-0.36292,0.5437,1.59821,-0.57897,0.48033,0.13333,0.25481,0.15629,0.36339,0.94933,0.46667,NORMAL,2026-09-10 06:37:40
0.00214,0.1116,0.0364,0.00016,0.01276,1.0422,20.0,0.0099,0.0063,0.0425,0.0659,0.0,124.39677,0.8566,0.0,1.57459,72.0,1.08,0.35048,0.27423,0.646,1.73881,-0.13217,0.40141,0.43333,0.2726,0.17951,0.41908,0.96265,0.23333,NORMAL,2026-09-10 06:37:40
0.00145,0.1229,0.03466,0.00019,0.01379,1.0255,20.0,0.0056,0.001,0.118,0.0563,0.0,61.24273,0.9028,0.0,1.02071,248.4,2.07,0.39786,0.42112,0.4895,2.23575,1.39893,0.38384,0.38333,0.26146,0.14076,0.4754,0.96417,0.33333,NORMAL,2026-09-10 06:37:40
0.00122,0.1122,0.03555,0.00016,0.01281,1.0111,20.0,0.0094,0.0138,0.0001,0.0107,0.0,206.4054,0.8204,0.0,2.09462,122.4,1.308,0.36045,0.52889,0.6012,2.11366,0.74196,0.30329,0.05,0.23006,0.3808,0.31591,0.95298,0.03333,NORMAL,2026-09-10 06:37:40
0.00142,0.0998,0.03715,0.00012,0.01097,1.0248,20.0,0.0068,0.0107,0.176,0.0188,0.0,107.44558,0.8433,0.0,1.79076,124.56,1.326,0.29525,-0.22561,0.5974,1.52682,-0.20188,0.34384,0.2,0.266,0.21626,0.43989,0.94502,0.21667,NORMAL,2026-09-10 06:37:40
0.00089,0.0947,0.03736,0.00015,0.0124,1.0612,20.0,0.0082,0.007,0.0123,0.0012,0.0,65.33806,0.8952,0.0,1.08897,199.44,1.662,0.33192,-0.57222,0.5437,1.56108,-0.14674,0.39232,0.18333,0.25893,0.16712,0.44056,0.98073,0.45,NORMAL,2026-09-10 06:37:50
0.00154,0.148,0.03489,0.00017,0.013,1.0424,20.0,0.0098,0.005,0.0008,0.0005,0.0,124.39677,0.8567,0.0,1.57459,74.16,1.236,0.37276,0.17194,0.6147,1.80129,-0.03762,0.50014,0.43333,0.26427,0.11644,0.38342,0.95125,0.15,NORMAL,2026-09-10 06:37:50
0.00193,0.13,0.03412,0.00019,0.0139,1.0259,20.0,0.007,0.001,0.0318,0.004,0.0,51.59643,0.8956,0.0,1.09549,248.4,2.1,0.40733,0.55365,0.4857,2.2638,1.44284,0.3537,0.38333,0.26631,0.12606,0.52025,0.96601,0.28333,NORMAL,2026-09-10 06:37:50
0.00223,0.1048,0.03431,0.00017,0.01301,1.0324,20.0,0.0075,0.0138,0.0115,0.0363,0.0,80.1905,0.9051,0.0,0.97343,122.4,1.02,0.37939,0.71527,0.6585,2.17721,0.76869,0.20889,0.4,0.25432,0.23428,0.55684,0.95997,0.38333,NORMAL,2026-09-10 06:37:50
0.00236,0.1071,0.03595,0.00013,0.01147,1.0213,20.0,0.0086,0.0107,0.3161,0.0305,0.0,86.36504,0.8997,0.0,1.02912,124.56,1.326,0.31912,-0.17674,0.598,1.56713,-0.45312,0.20701,0.4,0.27087,0.23789,0.5551,0.93824,0.38333,NORMAL,2026-09-10 06:37:50
0.0009,0.1111,0.03473,0.00014,0.01173,1.0094,20.0,0.0081,0.0107,0.0287,0.0515,0.0,66.27936,0.894,0.0,1.10466,124.56,1.434,0.3376,0.04473,0.5793,1.61352,-0.6353,0.12173,0.38333,0.26107,0.30497,0.57329,0.93296,0.4,NORMAL,2026-09-10 06:38:00
0.00167,0.1098,0.03507,0.00016,0.01265,1.0358,20.0,0.0089,0.0138,0.0013,0.0269,0.0,174.37403,0.857,0.0,1.57991,105.12,1.008,0.36065,0.71116,0.661,2.14245,0.87894,0.1991,0.4,0.25678,0.25288,0.54802,0.95605,0.38333,NORMAL,2026-09-10 06:38:00
0.00012,0.1137,0.03604,0.00015,0.0123,1.0635,20.0,0.0071,0.007,0.0367,0.0267,0.0,65.33806,0.8961,0.0,1.08897,199.44,1.662,0.34125,-0.4406,0.5437,1.58223,-0.2608,0.39707,0.18333,0.26996,0.14192,0.46101,0.96168,0.2,NORMAL,2026-09-10 06:38:00
0.00177,0.1053,0.03475,0.00014,0.01162,1.0503,20.0,0.0093,0.005,0.1772,0.0067,0.0,94.47528,0.857,0.0,1.57459,148.32,1.236,0.33438,0.13788,0.6144,1.70451,-0.20679,0.52243,0.23333,0.24692,0.13033,0.34724,0.94943,0.43333,NORMAL,2026-09-10 06:38:00
0.00181,0.134,0.03423,0.00018,0.01344,1.0008,20.0,0.0074,0.0081,0.0137,0.0076,0.0,51.59643,0.9038,0.0,0.99017,248.4,2.07,0.39247,0.80998,0.4891,2.26762,1.50164,0.30688,0.46667,0.27253,0.15339,0.53972,0.95947,0.38333,NORMAL,2026-09-10 06:38:00
0.00222,0.1023,0.03477,0.00015,0.0122,1.0223,20.0,0.0081,0.007,0.2001,0.0015,0.0,90.92711,0.8953,0.0,1.08897,199.44,1.662,0.35075,-0.3688,0.5433,1.63513,-0.27948,0.43913,0.2,0.24015,0.22825,0.33262,0.98205,0.18333,NORMAL,2026-09-10 06:38:10
0.00175,0.121,0.03375,0.00015,0.01214,1.0435,20.0,0.0095,0.005,0.0166,0.0267,0.0,125.93496,0.8569,0.0,1.57459,148.32,1.446,0.35957,0.30635,0.577,1.74141,-0.27553,0.58715,0.23333,0.24579,0.13647,0.27638,0.96913,0.16667,NORMAL,2026-09-10 06:38:10
0.00238,0.1247,0.03439,0.00019,0.01362,1.0153,20.0,0.0071,0.0081,0.0515,0.0398,0.0,68.61075,0.8917,0.0,1.14351,248.4,2.07,0.39594,0.79443,0.4894,2.25444,1.35741,0.35225,0.46667,0.27245,0.15317,0.49458,0.95958,0.45,NORMAL,2026-09-10 06:38:10
0.00334,0.1018,0.03428,0.00013,0.01147,1.0436,20.0,0.0073,0.0138,0.2288,0.2132,0.0,174.37403,0.8676,0.0,1.45312,108.0,1.752,0.33459,0.22435,0.5268,1.67248,-0.8856,0.36924,0.03333,0.24776,0.29058,0.34018,0.97639,0.43333,NORMAL,2026-09-10 06:38:10
0.00154,0.0753,0.0342,0.00014,0.01199,1.001,20.0,0.0086,0.0107,0.0078,0.0174,0.0,88.78395,0.8646,0.0,1.47973,124.56,1.326,0.3505,0.00542,0.5982,1.59362,-0.78736,0.19298,0.45,0.26016,0.32753,0.47949,0.96154,0.38333,NORMAL,2026-09-10 06:38:10
0.00074,0.0741,0.03483,0.00014,0.01178,1.0341,20.0,0.0072,0.007,0.001,0.0062,0.0,90.92711,0.896,0.0,1.08897,156.96,1.314,0.33824,-0.33663,0.6005,1.63883,-0.23249,0.32158,0.01667,0.25167,0.2736,0.40482,0.9787,0.03333,NORMAL,2026-09-10 06:38:20
0.00148,0.0886,0.03472,0.00014,0.01177,1.0423,20.0,0.0113,0.005,0.2277,0.1046,0.0,125.93496,0.8439,0.0,1.73631,148.32,1.236,0.33886,0.07987,0.6101,1.59988,-0.51254,0.60493,0.25,0.22634,0.19124,0.20382,0.95583,0.16667,NORMAL,2026-09-10 06:38:20
0.00326,0.1377,0.03476,0.00014,0.0118,1.0093,20.0,0.0092,0.0125,0.0006,0.1609,0.0,81.18145,0.8737,0.0,1.35302,248.4,2.07,0.33947,0.31742,0.4862,1.62228,-0.62968,0.40081,0.45,0.25695,0.17128,0.42792,0.96538,0.43333,NORMAL,2026-09-10 06:38:20
0.00256,0.0958,0.03449,0.00013,0.01143,1.036,20.0,0.0078,0.0138,0.0959,0.0143,0.0,174.37403,0.8673,0.0,1.45312,108.0,1.008,0.33134,0.2045,0.6611,1.66389,-0.95876,0.49147,0.3,0.24351,0.22744,0.28109,0.96793,0.25,NORMAL,2026-09-10 06:38:20
0.00154,0.1129,0.03464,0.00015,0.01236,1.0198,20.0,0.0076,0.0107,0.1014,0.0106,0.0,66.27936,0.8944,0.0,1.10466,79.92,0.984,0.35686,-0.02725,0.6666,1.57028,-0.80865,0.21809,0.03333,0.25691,0.29495,0.48696,0.96168,0.01667,NORMAL,2026-09-10 06:38:20
0.00094,0.1012,0.03375,0.00016,0.01251,1.0174,20.0,0.008,0.0095,0.0054,0.0478,0.0,66.27936,0.8941,0.0,1.10466,79.92,0.984,0.3706,0.0493,0.6672,1.60478,-0.79041,0.31014,0.03333,0.2582,0.2363,0.45357,0.96169,0.4,NORMAL,2026-09-10 06:38:30
0.00151,0.0844,0.03421,0.00013,0.0115,1.0329,20.0,0.0064,0.0117,0.0441,0.0729,0.0,174.37403,0.8682,0.0,1.45312,108.0,1.008,0.33619,0.301,0.6614,1.67519,-0.67118,0.51532,0.3,0.24836,0.18943,0.29526,0.96864,0.25,NORMAL,2026-09-10 06:38:30
4e-05,0.0859,0.0345,0.00012,0.01088,1.0507,20.0,0.0073,0.0091,0.006,0.0109,0.0,90.92711,0.8641,0.0,1.49917,156.96,1.314,0.31549,-0.29158,0.6006,1.66541,0.00447,0.2476,0.46667,0.25296,0.29154,0.46086,0.96434,0.38333,NORMAL,2026-09-10 06:38:30
0.00096,0.0917,0.0342,0.00015,0.01213,1.0483,20.0,0.0112,0.005,0.0453,0.0111,0.0,133.44463,0.8258,0.0,1.99753,148.32,1.236,0.35461,0.04166,0.6148,1.5942,-0.66086,0.60203,0.16667,0.22688,0.20464,0.19333,0.94688,0.2,NORMAL,2026-09-10 06:38:30
0.00165,0.1369,0.03459,0.00013,0.01157,1.0154,20.0,0.01,0.0125,0.0124,0.0635,0.0,76.61301,0.879,0.0,1.27688,248.4,2.07,0.33459,0.3763,0.4891,1.63248,-0.53701,0.50457,0.11667,0.246,0.19759,0.29784,0.96337,0.1,NORMAL,2026-09-10 06:38:30
0.00166,0.0645,0.0352,0.00014,0.01174,1.0419,20.0,0.0079,0.0091,0.0128,0.2229,0.0,113.00169,0.8937,0.0,1.11096,156.96,1.314,0.3334,-0.00178,0.5954,1.75596,0.18613,0.40354,0.46667,0.24609,0.21433,0.38213,0.96004,0.26667,NORMAL,2026-09-10 06:38:40
0.00227,0.1153,0.03322,0.00017,0.01305,1.0452,20.0,0.0074,0.0048,0.0011,0.0003,0.0,133.44463,0.8845,0.0,1.23082,148.32,1.29,0.3927,-0.07265,0.6048,1.62124,-0.58917,0.59888,0.2,0.21289,0.22215,0.17897,0.95208,0.18333,NORMAL,2026-09-10 06:38:40
0.00186,0.1036,0.03436,0.00014,0.01174,1.0098,20.0,0.0096,0.0125,0.054,0.0025,0.0,83.45645,0.8898,0.0,1.14351,134.64,1.446,0.34173,0.34051,0.5778,1.63998,-0.47762,0.51667,0.1,0.22508,0.26406,0.21927,0.97135,0.11667,NORMAL,2026-09-10 06:38:40
0.00194,0.0795,0.03375,0.00013,0.01149,1.0313,20.0,0.0085,0.0117,0.0674,0.0402,0.0,174.37403,0.8584,0.0,1.56474,120.24,2.004,0.34047,0.27288,0.4971,1.69585,-0.73054,0.48931,0.3,0.25347,0.16461,0.34607,0.95157,0.11667,NORMAL,2026-09-10 06:38:40
0.00092,0.1197,0.0325,0.00015,0.01238,1.0087,20.0,0.0083,0.0095,0.0146,0.0822,0.0,86.26515,0.8939,0.0,1.10466,79.92,0.984,0.38081,0.18835,0.6671,1.66065,-0.75637,0.40106,0.11667,0.22558,0.3111,0.28783,0.96917,0.03333,NORMAL,2026-09-10 06:38:40
0.00125,0.1135,0.03594,0.00016,0.01256,1.0268,20.0,0.0076,0.0091,0.0002,0.0004,0.0,113.00169,0.8939,0.0,1.11096,79.56,1.302,0.34949,0.02131,0.6027,1.71125,-0.13932,0.48743,0.3,0.26986,0.0958,0.41677,0.9662,0.28333,NORMAL,2026-09-10 06:38:50
0.00095,0.112,0.03334,0.00016,0.01262,1.0401,20.0,0.0075,0.0048,0.0263,0.0598,0.0,133.44463,0.8845,0.0,1.23082,150.48,1.326,0.37855,0.05266,0.5983,1.62282,-0.62013,0.58564,0.2,0.23524,0.20904,0.20532,0.95281,0.28333,NORMAL,2026-09-10 06:38:50
0.00236,0.1344,0.0337,0.00016,0.01262,1.0163,20.0,0.0087,0.0104,0.0006,0.0023,0.0,83.45645,0.8845,0.0,1.21896,86.76,1.446,0.37454,0.1296,0.578,1.60512,-0.70496,0.42057,0.1,0.225,0.35805,0.22138,0.96876,0.03333,NORMAL,2026-09-10 06:38:50
0.00148,0.0983,0.03388,0.00012,0.01112,1.0375,20.0,0.0078,0.0094,0.0592,0.2138,0.0,174.37403,0.8672,0.0,1.45312,108.0,0.9,0.32826,0.02444,0.6803,1.69538,-0.2915,0.46241,0.11667,0.26553,0.14034,0.39725,0.95859,0.33333,NORMAL,2026-09-10 06:38:50
0.00093,0.1021,0.03288,0.00015,0.01226,1.0296,20.0,0.0085,0.0095,0.3454,0.0397,0.0,86.26515,0.8981,0.0,1.05014,79.92,0.984,0.37304,0.17858,0.6677,1.64595,-0.79289,0.48934,0.11667,0.21257,0.29387,0.21679,0.95247,0.1,NORMAL,2026-09-10 06:38:50
0.00158,0.1122,0.03475,0.00014,0.0117,1.0263,20.0,0.0071,0.0094,0.1172,0.0169,0.0,141.1144,0.8779,0.0,1.32011,48.96,0.954,0.33659,-0.18915,0.6737,1.64872,-0.40353,0.43748,0.33333,0.25932,0.15444,0.40808,0.96933,0.11667,NORMAL,2026-09-10 06:39:00
0.00174,0.0809,0.03404,0.00014,0.01204,1.0227,20.0,0.0078,0.0095,0.0054,0.0162,0.0,86.26515,0.8964,0.0,1.07776,79.92,1.224,0.35368,0.00037,0.6182,1.59954,-0.72256,0.51577,0.41667,0.21964,0.25633,0.22789,0.96087,0.2,NORMAL,2026-09-10 06:39:00
0.00071,0.1392,0.03331,0.00014,0.01188,1.0357,20.0,0.0087,0.0104,0.0011,0.1644,0.0,83.45645,0.8904,0.0,1.14351,86.76,1.446,0.35671,0.1392,0.5736,1.6333,-0.41841,0.27332,0.31667,0.2535,0.29577,0.43091,0.96234,0.08333,NORMAL,2026-09-10 06:39:00
0.0024,0.087,0.03688,0.00015,0.01204,1.0421,20.0,0.0099,0.0091,0.074,0.0051,0.0,113.00169,0.8921,0.0,1.11096,74.88,0.882,0.32657,-0.20823,0.6904,1.67948,0.01764,0.43591,0.3,0.27598,0.08514,0.47895,0.96024,0.43333,NORMAL,2026-09-10 06:39:00
0.00191,0.115,0.03302,0.00015,0.01219,1.0593,20.0,0.008,0.0048,0.015,0.0174,0.0,133.44463,0.8841,0.0,1.23082,150.48,1.326,0.3691,0.03651,0.5985,1.64364,-0.46776,0.49868,0.28333,0.26134,0.17805,0.32328,0.96667,0.26667,NORMAL,2026-09-10 06:39:00
0.00034,0.1009,0.03773,0.00013,0.01147,1.0544,20.0,0.0082,0.0101,0.0057,0.0017,0.0,113.00169,0.8935,0.0,1.11096,74.88,0.882,0.30404,-0.15686,0.6903,1.65182,0.05928,0.52066,0.28333,0.26299,0.09776,0.38158,0.95928,0.41667,NORMAL,2026-09-10 06:39:10
0.00091,0.1206,0.0316,0.00014,0.01203,1.0453,20.0,0.0066,0.0048,0.1212,0.0012,0.0,133.44463,0.8852,0.0,1.23082,150.48,1.326,0.38069,0.11096,0.5991,1.65786,-0.50683,0.43961,0.45,0.27348,0.12135,0.43904,0.95685,0.26667,NORMAL,2026-09-10 06:39:10
0.00232,0.0917,0.03367,0.00013,0.01125,1.0156,20.0,0.0101,0.0104,0.0005,0.3071,0.0,102.54447,0.8467,0.0,1.70907,86.76,1.446,0.33425,0.04777,0.5708,1.62666,-0.18777,0.16254,0.33333,0.2682,0.19279,0.64468,0.96821,0.31667,NORMAL,2026-09-10 06:39:10
0.00239,0.0893,0.03373,0.00014,0.0118,1.0476,20.0,0.0081,0.0043,0.001,0.2627,0.0,141.1144,0.8771,0.0,1.32011,106.2,1.98,0.34986,-0.37371,0.4964,1.6916,-0.32549,0.43339,0.26667,0.27238,0.11844,0.44817,0.96559,0.35,NORMAL,2026-09-10 06:39:10
0.003,0.1225,0.03402,0.00014,0.01204,1.0147,20.0,0.0077,0.0095,0.0403,0.0694,0.0,86.26515,0.8965,0.0,1.07776,79.92,0.984,0.35381,-0.02555,0.6678,1.57831,-0.86758,0.47701,0.2,0.22671,0.24845,0.27454,0.95838,0.41667,NORMAL,2026-09-10 06:39:10
0.00022,0.0739,0.03805,0.00013,0.0112,1.0402,20.0,0.0081,0.0101,0.0002,0.0575,0.0,113.00169,0.8908,0.0,1.14511,74.88,0.918,0.29426,-0.07145,0.681,1.64255,0.10563,0.67608,0.25,0.24206,0.11921,0.20471,0.96032,0.26667,NORMAL,2026-09-10 06:39:20
0.00067,0.0909,0.03122,0.00013,0.01136,1.0532,20.0,0.0067,0.0048,0.0002,0.023,0.0,73.67653,0.8852,0.0,1.23082,150.48,1.326,0.36398,0.08679,0.5986,1.68719,-0.18432,0.43326,0.43333,0.26985,0.12877,0.43797,0.95811,0.18333,NORMAL,2026-09-10 06:39:20
0.00144,0.1397,0.03347,0.00012,0.01114,1.0166,20.0,0.009,0.0104,0.0103,0.14,0.0,83.45645,0.9039,0.0,0.97282,86.76,1.446,0.33279,0.04951,0.5736,1.62882,-0.2193,0.12181,0.33333,0.27664,0.13206,0.74613,0.94676,0.36667,NORMAL,2026-09-10 06:39:20
0.00396,0.1082,0.03393,0.00014,0.01202,1.0483,20.0,0.0074,0.0043,0.0388,0.0872,0.0,141.1144,0.8776,0.0,1.32011,76.68,1.278,0.35409,-0.47617,0.6074,1.67936,-0.2697,0.44553,0.26667,0.26689,0.12704,0.42743,0.96553,0.4,NORMAL,2026-09-10 06:39:20
0.00303,0.0948,0.03301,0.00015,0.0121,1.0047,20.0,0.0083,0.0055,0.1899,0.0959,0.0,86.26515,0.896,0.0,1.07776,78.48,0.654,0.36655,-0.09804,0.7507,1.59985,-0.57616,0.55618,0.21667,0.23538,0.21391,0.22992,0.95906,0.43333,NORMAL,2026-09-10 06:39:20
0.0021,0.1193,0.03367,0.00014,0.01202,1.0344,20.0,0.0095,0.0055,0.0829,0.0805,0.0,129.74389,0.8716,0.0,1.379,78.48,0.864,0.35688,-0.24358,0.695,1.57328,-0.54537,0.75181,0.21667,0.23653,0.09118,0.15701,0.9509,0.23333,NORMAL,2026-09-10 06:39:30
0.00215,0.1009,0.03417,0.00016,0.0125,1.0522,20.0,0.0075,0.0043,0.198,0.1217,0.0,141.1144,0.8776,0.0,1.32011,69.48,1.26,0.36598,-0.5444,0.6057,1.65633,-0.28519,0.50454,0.38333,0.25362,0.13548,0.35998,0.96268,0.4,NORMAL,2026-09-10 06:39:30
0.00327,0.151,0.03153,0.00016,0.01271,1.0175,20.0,0.008,0.0014,0.1087,0.006,0.0,74.32185,0.9054,0.0,0.96552,72.72,1.212,0.40323,-0.0268,0.6199,1.80816,0.12388,0.14975,0.36667,0.26101,0.1952,0.65505,0.9398,0.31667,NORMAL,2026-09-10 06:39:30
0.00188,0.0921,0.03804,0.00011,0.01039,1.044,20.0,0.0075,0.0162,0.1296,0.0,0.0,65.17183,0.9125,0.0,0.8839,74.88,0.876,0.273,0.11861,0.6914,1.65168,0.10436,0.60568,0.25,0.22629,0.18349,0.21082,0.96117,0.2,NORMAL,2026-09-10 06:39:30
0.0015,0.119,0.03123,0.00012,0.01086,1.0548,20.0,0.0065,0.0048,0.0882,0.0214,0.0,73.67653,0.9037,0.0,1.00071,150.48,1.326,0.34789,0.04288,0.5983,1.69512,-0.11677,0.40214,0.18333,0.24624,0.22209,0.37577,0.95024,0.03333,NORMAL,2026-09-10 06:39:30
0.00069,0.0885,0.03715,0.0001,0.0101,1.0698,20.0,0.0077,0.0162,0.0078,0.0348,0.0,65.17183,0.9123,0.0,0.8839,74.88,0.876,0.27184,0.03735,0.6919,1.59053,-0.15104,0.44279,0.33333,0.24533,0.17489,0.38233,0.97718,0.16667,NORMAL,2026-09-10 06:39:40
0.00167,0.098,0.0321,0.0001,0.0098,1.0409,20.0,0.0064,0.0129,0.065,0.0023,0.0,57.94738,0.9066,0.0,0.96579,82.08,2.31,0.30531,0.28211,0.4619,1.66953,-0.40282,0.35832,0.05,0.22716,0.30054,0.34114,0.94814,0.36667,NORMAL,2026-09-10 06:39:40
0.00181,0.1344,0.03271,0.00015,0.01234,1.0279,20.0,0.0087,0.0014,0.0099,0.0484,0.0,103.75263,0.8463,0.0,1.72921,72.72,1.212,0.37725,-0.31602,0.6196,1.75829,0.24939,0.34286,0.36667,0.25765,0.16253,0.49461,0.95431,0.31667,NORMAL,2026-09-10 06:39:40
0.00252,0.1064,0.0347,0.00018,0.01341,1.03,20.0,0.007,0.0043,0.2453,0.0338,0.0,70.90504,0.926,0.0,0.72892,69.48,1.158,0.38632,-0.54252,0.6299,1.61983,-0.35995,0.5861,0.11667,0.2465,0.11462,0.29927,0.93592,0.38333,NORMAL,2026-09-10 06:39:40
0.00178,0.1127,0.03285,0.00014,0.01182,1.0173,20.0,0.009,0.0055,0.0817,0.0457,0.0,129.74389,0.8857,0.0,1.2006,78.48,0.864,0.35996,-0.11265,0.6949,1.61124,-0.55464,0.76154,0.13333,0.24143,0.04999,0.18847,0.93917,0.21667,NORMAL,2026-09-10 06:39:40
2e-05,0.0878,0.03565,0.0001,0.01001,1.057,20.0,0.0077,0.0162,0.0001,0.0,0.0,88.30841,0.8659,0.0,1.47181,82.8,0.876,0.28064,0.02784,0.6921,1.61586,-0.32433,0.33772,0.35,0.27516,0.10482,0.55746,0.9587,0.33333,NORMAL,2026-09-10 06:39:50
0.00172,0.1263,0.03243,9e-05,0.00969,1.0381,20.0,0.0084,0.0129,0.0505,0.089,0.0,126.91488,0.8197,0.0,2.11525,75.6,0.816,0.29877,0.11099,0.7064,1.53133,-0.72297,0.48173,0.36667,0.22721,0.22039,0.29788,0.94322,0.13333,NORMAL,2026-09-10 06:39:50
0.00255,0.1198,0.03316,0.00013,0.01134,1.0164,20.0,0.0079,0.0014,0.0041,0.3409,0.0,86.96646,0.8634,0.0,1.50275,72.72,1.212,0.34212,-0.45065,0.6129,1.75356,0.89105,0.38559,0.36667,0.26049,0.17181,0.4426,0.94479,0.35,NORMAL,2026-09-10 06:39:50
0.00224,0.1061,0.03725,0.00019,0.01387,1.0288,20.0,0.0063,0.0043,0.0024,0.0635,0.0,130.65893,0.8967,0.0,1.08882,81.0,1.35,0.37222,-0.55581,0.5939,1.62687,-0.12454,0.48452,0.23333,0.27676,0.08638,0.42911,0.94614,0.25,NORMAL,2026-09-10 06:39:50
0.00159,0.112,0.03371,0.00014,0.01168,1.021,20.0,0.0062,0.0055,0.0498,0.0076,0.0,129.74389,0.8963,0.0,1.09459,78.48,0.864,0.34649,-0.33933,0.6949,1.57661,-0.52731,0.6428,0.13333,0.25716,0.0704,0.2868,0.96084,0.15,NORMAL,2026-09-10 06:39:50
0.00319,0.1037,0.0335,0.00016,0.01251,1.0229,20.0,0.0073,0.0055,0.0636,0.0014,0.0,129.74389,0.8955,0.0,1.09459,59.76,0.888,0.37344,-0.11952,0.6891,1.76383,-0.45281,0.48814,0.15,0.24801,0.18433,0.32754,0.97037,0.11667,NORMAL,2026-09-10 06:40:00
0.00234,0.1426,0.03382,0.00016,0.01246,1.0307,20.0,0.0079,0.0014,0.0011,0.2454,0.0,57.93122,0.9054,0.0,0.96552,72.72,1.212,0.36845,-0.32539,0.6148,1.77745,0.6151,0.35289,0.03333,0.24761,0.24075,0.40636,0.96143,0.05,NORMAL,2026-09-10 06:40:00
0.00286,0.0872,0.03805,0.00019,0.01367,1.0416,20.0,0.0069,0.0043,0.0446,0.0292,0.0,130.65893,0.8963,0.0,1.08882,81.0,1.35,0.35916,-0.58009,0.5936,1.59929,-0.0036,0.31542,0.5,0.292,0.11381,0.57077,0.92568,0.48333,NORMAL,2026-09-10 06:40:00
0.00161,0.1124,0.03281,0.0001,0.01016,1.0421,20.0,0.008,0.0129,0.0342,0.0004,0.0,73.42727,0.8847,0.0,1.22379,75.6,0.816,0.30975,0.02616,0.706,1.50928,-0.89549,0.59515,0.13333,0.24569,0.11017,0.29468,0.9633,0.23333,NORMAL,2026-09-10 06:40:00
0.00037,0.0917,0.03521,0.00013,0.01145,1.0552,20.0,0.0067,0.0105,0.0318,0.005,0.0,82.07408,0.9063,0.0,0.96703,82.8,1.32,0.32505,0.24394,0.5998,1.8541,0.33572,0.29443,0.35,0.28023,0.09439,0.61118,0.93511,0.11667,NORMAL,2026-09-10 06:40:00
0.00031,0.0889,0.03591,0.00015,0.01213,1.0747,20.0,0.0065,0.0105,0.0019,0.0625,0.0,82.07408,0.8924,0.0,1.14101,82.8,0.876,0.33779,0.32939,0.6918,1.81133,0.26443,0.35189,0.35,0.28022,0.07041,0.5777,0.93814,0.36667,NORMAL,2026-09-10 06:40:10
0.00143,0.1453,0.03391,0.00014,0.01184,1.0633,20.0,0.008,0.0043,0.009,0.0175,0.0,73.42727,0.8846,0.0,1.22379,70.56,1.08,0.34924,-0.12336,0.6465,1.74711,-0.29722,0.4617,0.21667,0.26198,0.09156,0.44674,0.96411,0.33333,NORMAL,2026-09-10 06:40:10
0.00197,0.1142,0.03399,0.00018,0.01348,1.0088,20.0,0.0073,0.0014,0.0791,0.0815,0.0,57.11386,0.9093,0.0,0.92428,96.84,1.158,0.39663,-0.05105,0.6304,1.90576,0.67155,0.47272,0.28333,0.23618,0.24425,0.28303,0.96601,0.05,NORMAL,2026-09-10 06:40:10
0.00302,0.127,0.03806,0.00018,0.01328,1.0405,20.0,0.0076,0.0052,0.0026,0.0057,0.0,130.65893,0.8957,0.0,1.08882,81.0,1.35,0.34885,-0.39498,0.594,1.60391,-0.26585,0.24647,0.5,0.26309,0.26902,0.4845,0.94492,0.48333,NORMAL,2026-09-10 06:40:10
0.00154,0.1377,0.03388,0.00014,0.01193,1.011,20.0,0.0062,0.0055,0.0285,0.0239,0.0,129.74389,0.8964,0.0,1.09459,88.2,1.524,0.35216,-0.18924,0.565,1.75571,-0.1113,0.54533,0.11667,0.22216,0.23751,0.21716,0.94768,0.15,NORMAL,2026-09-10 06:40:10
0.00059,0.0802,0.03655,0.00015,0.01226,1.0466,20.0,0.0067,0.0105,0.0076,0.1625,0.0,82.07408,0.9063,0.0,0.96703,82.8,1.02,0.33539,0.24609,0.6594,1.78096,0.17245,0.45289,0.13333,0.26339,0.09728,0.44983,0.95016,0.11667,NORMAL,2026-09-10 06:40:20
0.00232,0.1258,0.03298,0.00014,0.01201,1.0306,20.0,0.0092,0.0043,0.036,0.0003,0.0,73.42727,0.8837,0.0,1.22379,79.2,1.32,0.36402,-0.00432,0.5995,1.78821,-0.4407,0.35254,0.35,0.25158,0.20226,0.4452,0.95971,0.21667,NORMAL,2026-09-10 06:40:20
0.00273,0.1377,0.03569,0.00022,0.01482,1.0226,20.0,0.0067,0.0014,0.1242,0.0081,0.0,86.51401,0.9064,0.0,0.96553,96.84,0.87,0.41519,0.05356,0.6936,1.8082,0.36037,0.65774,0.13333,0.23029,0.14761,0.19465,0.94909,0.15,NORMAL,2026-09-10 06:40:20
0.00227,0.1004,0.03767,0.00017,0.01285,1.0287,20.0,0.0079,0.0052,0.001,0.0044,0.0,130.65893,0.8954,0.0,1.08882,113.76,1.896,0.34109,-0.18953,0.5111,1.62448,-0.30338,0.33258,0.01667,0.21766,0.426,0.24142,0.95118,0.08333,NORMAL,2026-09-10 06:40:20
0.00152,0.0814,0.03533,0.00014,0.01171,1.0295,20.0,0.0069,0.0096,0.0658,0.0681,0.0,129.74389,0.8724,0.0,1.3942,114.84,1.914,0.33154,0.07463,0.5085,1.69415,-0.13594,0.58352,0.13333,0.23453,0.17934,0.23713,0.93104,0.11667,NORMAL,2026-09-10 06:40:20
0.00204,0.0934,0.03543,0.00013,0.01137,1.0059,20.0,0.0065,0.0115,0.0009,0.0027,0.0,55.6482,0.9326,0.0,0.65811,110.16,0.918,0.32091,0.17377,0.6817,1.69451,-0.22324,0.55959,0.13333,0.23915,0.17785,0.26256,0.95811,0.5,NORMAL,2026-09-10 06:40:30
0.00236,0.0932,0.03797,0.00016,0.01247,1.0469,20.0,0.0085,0.0065,0.0263,0.0071,0.0,130.65893,0.889,0.0,1.16358,81.0,1.35,0.32831,0.10766,0.5946,1.6177,-0.49469,0.44946,0.16667,0.22466,0.34846,0.20208,0.95587,0.01667,NORMAL,2026-09-10 06:40:30
0.00258,0.134,0.03717,0.00018,0.01325,1.0025,20.0,0.0079,0.0061,0.2114,0.1445,0.0,89.77087,0.9054,0.0,0.96553,96.84,0.87,0.35659,0.28539,0.694,1.77059,0.43839,0.63832,0.13333,0.23785,0.13805,0.22363,0.95245,0.15,NORMAL,2026-09-10 06:40:30
0.00211,0.127,0.03359,0.00014,0.0119,1.0509,20.0,0.01,0.0043,0.0415,0.0105,0.0,124.79868,0.8211,0.0,2.07998,104.4,1.026,0.35436,-0.13166,0.6576,1.76106,-0.36698,0.30811,0.06667,0.23998,0.29657,0.39532,0.95157,0.36667,NORMAL,2026-09-10 06:40:30
5e-05,0.063,0.03605,0.00015,0.01239,1.0699,20.0,0.0082,0.0105,0.1066,0.0296,0.0,82.07408,0.8825,0.0,1.24904,82.8,1.224,0.34355,0.35971,0.6177,1.80117,0.07448,0.49707,0.13333,0.24424,0.16057,0.34236,0.95258,0.11667,NORMAL,2026-09-10 06:40:30
0.00259,0.0703,0.03634,0.00015,0.01215,1.0158,20.0,0.0077,0.0105,0.0684,0.0159,0.0,133.73767,0.8829,0.0,1.24904,74.52,0.99,0.33431,0.26131,0.6662,1.79167,0.11532,0.4959,0.11667,0.23803,0.19156,0.31255,0.97062,0.13333,NORMAL,2026-09-10 06:40:40
0.00147,0.1103,0.0338,0.00015,0.01237,1.0647,20.0,0.0088,0.0043,0.0221,0.0071,0.0,73.42727,0.884,0.0,1.22379,104.4,0.87,0.36597,-0.15542,0.6938,1.7435,-0.39492,0.26116,0.06667,0.24686,0.31342,0.42541,0.9597,0.45,NORMAL,2026-09-10 06:40:40
0.00226,0.1214,0.03685,0.00021,0.01442,1.0199,20.0,0.0087,0.0061,0.0009,0.0028,0.0,89.77087,0.9047,0.0,0.96553,96.84,0.87,0.39125,0.34222,0.694,1.76615,0.08349,0.583,0.15,0.22827,0.18449,0.23252,0.96444,0.21667,NORMAL,2026-09-10 06:40:40
0.00149,0.0765,0.03775,0.00014,0.01182,1.0553,20.0,0.0073,0.014,0.0031,0.0021,0.0,92.61092,0.8488,0.0,1.70813,96.84,1.614,0.31317,0.34319,0.5504,1.63448,-0.51545,0.4321,0.16667,0.21983,0.31868,0.24922,0.95799,0.01667,NORMAL,2026-09-10 06:40:40
0.00121,0.0918,0.03666,0.00013,0.01123,1.0314,20.0,0.0091,0.0115,0.1439,0.0942,0.0,82.45162,0.8722,0.0,1.37419,110.16,0.918,0.30636,-0.00807,0.6819,1.64429,-0.18167,0.65585,0.13333,0.24996,0.10778,0.23638,0.95602,0.15,NORMAL,2026-09-10 06:40:40
0.00095,0.0968,0.03629,0.00014,0.01201,1.0439,20.0,0.008,0.0102,0.0552,0.1671,0.0,133.73767,0.8711,0.0,1.3996,77.76,0.99,0.33093,0.21899,0.6613,1.79593,0.37885,0.48392,0.05,0.23535,0.23781,0.27827,0.96072,0.06667,NORMAL,2026-09-10 06:40:50
0.00113,0.0976,0.03346,0.00018,0.01342,1.0463,20.0,0.0093,0.0043,0.0263,0.0008,0.0,71.67811,0.8859,0.0,1.19464,104.4,1.788,0.40103,-0.20748,0.5256,1.74107,-0.73941,0.24416,0.45,0.25686,0.32796,0.42788,0.95462,0.06667,NORMAL,2026-09-10 06:40:50
0.00262,0.1185,0.03733,0.00021,0.01437,1.0302,20.0,0.01,0.0061,0.0338,0.0033,0.0,187.18846,0.8577,0.0,1.5599,96.84,1.392,0.38494,0.3189,0.5875,1.74679,0.03729,0.60374,0.23333,0.22362,0.17994,0.21632,0.9545,0.21667,NORMAL,2026-09-10 06:40:50
0.0029,0.0993,0.03542,0.00013,0.01156,1.0524,20.0,0.0073,0.014,0.0186,0.0034,0.0,70.92152,0.9158,0.0,0.84685,96.84,1.614,0.32638,0.40327,0.551,1.73236,-0.58776,0.51079,0.11667,0.24215,0.18296,0.30625,0.96933,0.18333,NORMAL,2026-09-10 06:40:50
0.00103,0.1228,0.03655,0.00012,0.01105,1.0259,20.0,0.0083,0.0115,0.0961,0.0333,0.0,113.61623,0.835,0.0,1.8936,110.16,1.086,0.30244,0.0793,0.6448,1.65094,-0.02845,0.60946,0.25,0.25767,0.08761,0.30294,0.95797,0.13333,NORMAL,2026-09-10 06:40:50
0.00191,0.1175,0.0368,0.00011,0.01029,1.0441,20.0,0.0087,0.0174,0.017,0.0129,0.0,111.94807,0.9074,0.0,0.9329,110.16,1.086,0.27955,0.02636,0.6451,1.63381,-0.30688,0.43792,0.25,0.26699,0.10995,0.45213,0.95929,0.35,NORMAL,2026-09-10 06:41:00
0.00167,0.1375,0.03286,0.00015,0.0122,1.0366,20.0,0.0087,0.0066,0.235,0.0005,0.0,70.92152,0.9058,0.0,0.953,96.84,1.788,0.37141,0.44704,0.5256,1.84211,-0.30594,0.52301,0.11667,0.23849,0.18315,0.29384,0.96317,0.28333,NORMAL,2026-09-10 06:41:00
0.00174,0.1187,0.03741,0.0002,0.01411,1.043,20.0,0.0099,0.0061,0.0412,0.0417,0.0,187.18846,0.8577,0.0,1.5599,97.56,1.626,0.37715,0.35735,0.5496,1.74736,-0.08812,0.64184,0.23333,0.24669,0.10498,0.25318,0.94318,0.21667,NORMAL,2026-09-10 06:41:00
0.00217,0.1407,0.0344,0.00019,0.01383,1.0611,20.0,0.01,0.0043,0.0204,0.0805,0.0,71.67811,0.8854,0.0,1.19464,104.4,1.698,0.402,-0.23258,0.5383,1.69311,-0.78095,0.27278,0.06667,0.255,0.31769,0.40953,0.95498,0.33333,NORMAL,2026-09-10 06:41:00
0.00136,0.0921,0.03609,0.00012,0.0111,1.0415,20.0,0.0073,0.0102,0.0565,0.0,0.0,133.73767,0.8833,0.0,1.24904,79.92,1.602,0.30766,0.41714,0.5527,1.7413,0.11947,0.4544,0.05,0.22139,0.33441,0.21119,0.96118,0.06667,NORMAL,2026-09-10 06:41:00
6e-05,0.1178,0.03545,0.0001,0.01021,1.0757,20.0,0.0074,0.0102,0.1356,0.0024,0.0,133.73767,0.8832,0.0,1.24904,97.92,0.99,0.28812,0.23645,0.6654,1.58665,0.04154,0.43568,0.05,0.2307,0.28772,0.2766,0.95538,0.26667,NORMAL,2026-09-10 06:41:10
0.00156,0.1391,0.03485,0.00014,0.01194,1.0527,20.0,0.0086,0.0081,0.081,0.0273,0.0,139.54293,0.7954,0.0,2.48535,105.12,1.698,0.34266,-0.25678,0.5383,1.55927,-0.75535,0.33935,0.33333,0.25952,0.20106,0.45959,0.94877,0.31667,NORMAL,2026-09-10 06:41:10
0.00098,0.1199,0.03786,0.00018,0.01335,1.0253,20.0,0.0097,0.0125,0.1685,0.0386,0.0,187.18846,0.8579,0.0,1.5599,65.88,0.948,0.35276,0.34308,0.6751,1.74039,-0.39069,0.59696,0.21667,0.24371,0.13592,0.26712,0.97131,0.23333,NORMAL,2026-09-10 06:41:10
0.00218,0.0904,0.03329,0.00016,0.0125,1.0301,20.0,0.0083,0.0066,0.0098,0.1358,0.0,70.92152,0.9141,0.0,0.8571,101.52,1.614,0.37563,0.31221,0.5469,1.81583,-0.49756,0.54191,0.26667,0.23702,0.20768,0.25041,0.96057,0.11667,NORMAL,2026-09-10 06:41:10
0.00214,0.1071,0.03598,0.0001,0.00992,1.0072,20.0,0.0082,0.0174,0.001,0.1881,0.0,111.94807,0.9079,0.0,0.9329,110.16,1.086,0.27583,0.16616,0.6397,1.67308,-0.06745,0.40874,0.35,0.25576,0.153,0.43826,0.94386,0.18333,NORMAL,2026-09-10 06:41:10
0.00141,0.0809,0.03501,0.00013,0.0113,1.0381,20.0,0.0092,0.0102,0.1273,0.0754,0.0,133.73767,0.8817,0.0,1.24904,97.92,0.99,0.32292,0.18598,0.6654,1.59695,-0.11482,0.36853,0.4,0.26469,0.17112,0.46035,0.96959,0.05,NORMAL,2026-09-10 06:41:20
0.0012,0.0996,0.03585,0.00014,0.0118,1.0484,20.0,0.0102,0.0081,0.1779,0.0046,0.0,134.47012,0.819,0.0,2.1079,105.12,1.698,0.32925,-0.35506,0.5381,1.5219,-0.57017,0.40767,0.35,0.2639,0.12614,0.46619,0.93854,0.33333,NORMAL,2026-09-10 06:41:20
0.00233,0.1372,0.03521,0.00014,0.01195,1.0099,20.0,0.0086,0.0125,0.0032,0.0003,0.0,187.18846,0.8587,0.0,1.5599,65.88,0.846,0.33943,0.43537,0.6994,1.84625,-0.17309,0.5554,0.11667,0.25428,0.13427,0.31033,0.97645,0.16667,NORMAL,2026-09-10 06:41:20
0.00151,0.0819,0.03379,0.00017,0.01305,1.0381,20.0,0.008,0.0066,0.0576,0.0163,0.0,70.92152,0.9152,0.0,0.84685,101.52,1.614,0.38615,0.29196,0.5504,1.78262,-0.61014,0.50512,0.25,0.23264,0.27691,0.21797,0.95995,0.1,NORMAL,2026-09-10 06:41:20
0.00101,0.0927,0.0347,9e-05,0.00972,1.0222,20.0,0.0081,0.0126,0.1502,0.004,0.0,111.94807,0.9079,0.0,0.9329,120.6,2.01,0.28021,-0.19968,0.4968,1.4801,-0.64512,0.46462,0.31667,0.24828,0.18512,0.35025,0.97171,0.06667,NORMAL,2026-09-10 06:41:20
0.00299,0.0883,0.03485,9e-05,0.00956,1.0094,20.0,0.0081,0.0126,0.1633,0.0562,0.0,111.94807,0.908,0.0,0.9329,139.32,2.322,0.27442,-0.00759,0.4609,1.47837,-0.57677,0.4518,0.28333,0.25457,0.18178,0.36643,0.96768,0.23333,NORMAL,2026-09-10 06:41:30
0.00269,0.1112,0.03391,0.00016,0.01259,1.0379,20.0,0.0088,0.0066,0.0,0.0025,0.0,70.92152,0.8886,0.0,1.16579,101.52,1.614,0.37111,-0.01959,0.5505,1.67143,-0.84457,0.47009,0.25,0.24846,0.22057,0.30935,0.97551,0.23333,NORMAL,2026-09-10 06:41:30
0.00143,0.1158,0.0359,0.00015,0.01216,1.0528,20.0,0.0092,0.0081,0.0923,0.0013,0.0,134.47012,0.8197,0.0,2.1079,105.12,1.698,0.33863,-0.25451,0.5381,1.51571,-0.67487,0.45687,0.35,0.25641,0.13789,0.40525,0.95852,0.16667,NORMAL,2026-09-10 06:41:30
0.0017,0.0787,0.03494,0.00015,0.01211,1.0434,20.0,0.0082,0.0102,0.0067,0.0143,0.0,133.73767,0.8932,0.0,1.11448,97.92,1.332,0.34663,0.02445,0.5974,1.58901,-0.30642,0.2414,0.4,0.27045,0.20202,0.55658,0.95408,0.5,NORMAL,2026-09-10 06:41:30
0.00161,0.1234,0.03493,0.00016,0.01276,1.0256,20.0,0.0118,0.0125,0.0435,0.0049,0.0,261.47838,0.8132,0.0,2.17899,84.6,1.41,0.36532,0.40844,0.5841,1.84659,-0.3619,0.41056,0.45,0.25022,0.18558,0.40386,0.98037,0.46667,NORMAL,2026-09-10 06:41:30
0.00084,0.0942,0.03385,0.00016,0.01277,1.0502,20.0,0.0078,0.0102,0.0103,0.0173,0.0,110.95895,0.9047,0.0,0.97521,97.92,1.332,0.37722,-0.03866,0.5974,1.62421,-0.4484,0.26448,0.4,0.25233,0.31155,0.42397,0.95463,0.05,NORMAL,2026-09-10 06:41:40
0.00051,0.0988,0.03569,0.00016,0.01262,1.0547,20.0,0.0095,0.0079,0.0227,0.0467,0.0,134.47012,0.8195,0.0,2.1079,105.12,1.698,0.35362,-0.16924,0.5381,1.66319,-0.59845,0.45467,0.16667,0.2375,0.23561,0.30972,0.94895,0.18333,NORMAL,2026-09-10 06:41:40
0.00248,0.1201,0.03441,0.00014,0.01204,1.0136,20.0,0.0099,0.0135,0.0415,0.0297,0.0,261.47838,0.8145,0.0,2.17899,84.6,1.41,0.34977,0.45512,0.5839,1.67494,-0.51772,0.33454,0.36667,0.25984,0.1721,0.49336,0.97008,0.46667,NORMAL,2026-09-10 06:41:40
0.00232,0.1196,0.03362,0.00017,0.01314,1.0433,20.0,0.0094,0.0047,0.0057,0.0009,0.0,102.63981,0.8881,0.0,1.16579,128.88,1.296,0.39076,-0.02071,0.6035,1.67502,-0.74458,0.4219,0.5,0.27367,0.12461,0.45348,0.97509,0.25,NORMAL,2026-09-10 06:41:40
0.00174,0.0905,0.03438,0.0001,0.00976,1.0221,20.0,0.0071,0.0126,0.0033,0.0372,0.0,75.14024,0.8941,0.0,1.11312,104.4,1.086,0.28391,-0.11851,0.6444,1.49532,-0.52885,0.46143,0.28333,0.25632,0.14864,0.38993,0.972,0.41667,NORMAL,2026-09-10 06:41:40
0.00221,0.1232,0.03414,0.00019,0.01377,1.0314,20.0,0.009,0.0047,0.0373,0.1842,0.0,102.63981,0.8884,0.0,1.16579,149.04,1.326,0.4034,-0.03907,0.5929,1.64239,-0.80133,0.48282,0.16667,0.26546,0.11361,0.40357,0.97711,0.25,NORMAL,2026-09-10 06:41:50
0.00072,0.1166,0.03377,0.00016,0.01281,1.0586,20.0,0.0088,0.0102,0.0793,0.0098,0.0,110.95895,0.8573,0.0,1.57566,97.92,1.332,0.3793,-0.06275,0.5973,1.62687,-0.525,0.35506,0.4,0.2547,0.22151,0.42343,0.95516,0.28333,NORMAL,2026-09-10 06:41:50
0.00144,0.1225,0.03524,0.00014,0.01177,1.042,20.0,0.01,0.0079,0.1032,0.0667,0.0,134.47012,0.8191,0.0,2.1079,105.12,1.392,0.33408,0.08252,0.5868,1.69459,-0.49615,0.39844,0.43333,0.24412,0.22035,0.38121,0.95828,0.16667,NORMAL,2026-09-10 06:41:50
0.00237,0.1176,0.03476,0.00016,0.01268,1.0175,20.0,0.0093,0.0067,0.0552,0.1142,0.0,261.47838,0.8149,0.0,2.17899,84.6,1.41,0.36469,0.19382,0.5838,1.65021,-0.62759,0.33963,0.31667,0.25417,0.12402,0.53635,0.96622,0.33333,NORMAL,2026-09-10 06:41:50
0.0018,0.0922,0.03454,0.00012,0.01088,1.02,20.0,0.0066,0.0126,0.0698,0.0005,0.0,102.6705,0.8848,0.0,1.23653,104.4,1.08,0.31499,0.18273,0.6454,1.64137,-0.52379,0.4794,0.11667,0.26224,0.11266,0.40793,0.95142,0.28333,NORMAL,2026-09-10 06:41:50
0.0012,0.1257,0.03463,0.00012,0.01113,1.0332,20.0,0.005,0.0072,0.0714,0.0003,0.0,102.6705,0.9165,0.0,0.86114,86.04,1.098,0.32142,-0.01734,0.6417,1.63403,-0.18255,0.44978,0.11667,0.25183,0.15375,0.39646,0.96631,0.36667,NORMAL,2026-09-10 06:42:00
0.00235,0.1432,0.03478,0.00015,0.01238,1.0258,20.0,0.0094,0.0067,0.031,0.0595,0.0,261.47838,0.8148,0.0,2.17899,84.6,1.41,0.35607,0.0982,0.5844,1.65382,-0.53507,0.41529,0.31667,0.25479,0.08323,0.50148,0.94112,0.33333,NORMAL,2026-09-10 06:42:00
0.00186,0.103,0.03548,0.00016,0.0128,1.0482,20.0,0.0093,0.0047,0.0503,0.138,0.0,102.63981,0.8678,0.0,1.43007,149.04,1.356,0.36065,-0.04542,0.5885,1.60279,-0.60554,0.64998,0.25,0.25205,0.09834,0.25168,0.95903,0.26667,NORMAL,2026-09-10 06:42:00
0.00086,0.1341,0.03529,0.00015,0.01233,1.0504,20.0,0.0097,0.0079,0.0001,0.065,0.0,134.47012,0.8194,0.0,2.1079,77.4,0.894,0.34945,0.25372,0.6873,1.6842,-0.29409,0.37557,0.43333,0.26489,0.14119,0.48325,0.95035,0.41667,NORMAL,2026-09-10 06:42:00
0.00038,0.0923,0.03289,0.00016,0.01254,1.0496,20.0,0.009,0.0102,0.0886,0.0021,0.0,110.95895,0.8572,0.0,1.57566,97.92,1.332,0.38124,-0.14436,0.5973,1.66959,-0.6653,0.35957,0.46667,0.28053,0.08878,0.55165,0.97193,0.35,NORMAL,2026-09-10 06:42:00
4e-05,0.0977,0.03268,0.00017,0.01303,1.0613,20.0,0.0089,0.0102,0.008,0.0041,0.0,110.95895,0.8573,0.0,1.57566,79.92,1.332,0.39862,0.08887,0.5975,1.67052,-0.67928,0.38022,0.36667,0.28146,0.04653,0.57325,0.95842,0.35,NORMAL,2026-09-10 06:42:10
0.00119,0.1274,0.0343,0.00017,0.0129,1.0496,20.0,0.0102,0.007,0.0167,0.0075,0.0,134.47012,0.819,0.0,2.1079,77.4,0.99,0.37622,0.1989,0.6653,1.71831,-0.25826,0.33871,0.41667,0.27032,0.12979,0.5315,0.96542,0.43333,NORMAL,2026-09-10 06:42:10
0.00104,0.1544,0.03356,0.00015,0.01209,1.0331,20.0,0.0099,0.0067,0.073,0.0016,0.0,261.47838,0.8145,0.0,2.17899,135.72,2.262,0.36005,0.23559,0.4674,1.71155,-0.40543,0.51072,0.13333,0.26107,0.07365,0.41563,0.94185,0.15,NORMAL,2026-09-10 06:42:10
0.00275,0.0987,0.03519,0.00015,0.01218,1.0309,20.0,0.0092,0.0047,0.0014,0.0019,0.0,142.65469,0.8463,0.0,1.72432,149.04,1.848,0.34617,0.01797,0.5172,1.62349,-0.33421,0.65164,0.26667,0.24461,0.10965,0.23871,0.95728,0.25,NORMAL,2026-09-10 06:42:10
0.00199,0.1242,0.03516,0.00015,0.01208,1.0089,20.0,0.0064,0.0072,0.1592,0.0037,0.0,102.6705,0.8928,0.0,1.13613,62.64,1.044,0.34365,-0.03062,0.6529,1.59904,-0.52778,0.44382,0.36667,0.23077,0.2109,0.34528,0.96076,0.11667,NORMAL,2026-09-10 06:42:10
0.00164,0.0683,0.03147,0.00014,0.01201,1.0611,20.0,0.0084,0.0102,0.0005,0.0112,0.0,110.95895,0.8577,0.0,1.57566,154.08,2.568,0.38175,0.13389,0.4361,1.70862,-0.66034,0.54685,0.15,0.26995,0.04112,0.41203,0.93597,0.13333,NORMAL,2026-09-10 06:42:20
0.00362,0.1234,0.03377,0.00018,0.01338,1.0483,20.0,0.0093,0.007,0.1194,0.0836,0.0,93.76916,0.8579,0.0,1.56282,77.4,1.728,0.3963,0.42057,0.534,1.81347,-0.11209,0.28403,0.4,0.27999,0.136,0.57997,0.96342,0.41667,NORMAL,2026-09-10 06:42:20
0.00369,0.1249,0.03342,0.00016,0.01255,0.9842,20.0,0.0112,0.0067,0.0125,0.1306,0.0,271.41973,0.8028,0.0,2.34468,84.6,1.41,0.37544,0.03145,0.5797,1.71038,-0.39434,0.46945,0.13333,0.24414,0.19937,0.33118,0.94445,0.15,NORMAL,2026-09-10 06:42:20
0.00202,0.0884,0.0354,0.00015,0.01215,1.0368,20.0,0.0095,0.0047,0.2377,0.0101,0.0,129.80774,0.888,0.0,1.16634,149.04,1.398,0.34327,-0.04928,0.5853,1.58854,-0.38549,0.56728,0.26667,0.25634,0.12475,0.30797,0.96526,0.2,NORMAL,2026-09-10 06:42:20
0.00102,0.1246,0.03537,0.00015,0.01231,1.0092,20.0,0.0061,0.0072,0.0264,0.3242,0.0,102.6705,0.8931,0.0,1.13613,62.64,1.044,0.34786,-0.06186,0.6434,1.58744,-0.56105,0.42308,0.11667,0.23628,0.23517,0.34175,0.96473,0.36667,NORMAL,2026-09-10 06:42:20
0.0014,0.0628,0.03493,0.00016,0.01273,1.0155,20.0,0.0098,0.0072,0.0356,0.0203,0.0,102.6705,0.8548,0.0,1.60052,80.28,1.374,0.36436,-0.1289,0.5894,1.59935,-0.63698,0.28178,0.5,0.27012,0.17602,0.5422,0.96799,0.48333,NORMAL,2026-09-10 06:42:30
0.00253,0.1035,0.03614,0.00016,0.01273,1.052,20.0,0.0088,0.0047,0.2505,0.0037,0.0,129.80774,0.8891,0.0,1.16005,149.04,1.296,0.35232,0.19976,0.6033,1.67433,-0.27626,0.46077,0.26667,0.27206,0.11166,0.42757,0.95678,0.31667,NORMAL,2026-09-10 06:42:30
0.00217,0.1166,0.03304,0.00015,0.01217,1.021,20.0,0.0085,0.0067,0.053,0.1594,0.0,83.93385,0.9014,0.0,1.00878,48.96,0.72,0.36831,0.26295,0.7319,1.91605,0.26309,0.25632,0.1,0.23486,0.36945,0.37423,0.95736,0.11667,NORMAL,2026-09-10 06:42:30
0.00129,0.1179,0.03293,0.00017,0.01319,1.0547,20.0,0.0096,0.007,0.2089,0.0462,0.0,93.76916,0.8577,0.0,1.56282,153.0,1.77,0.40049,0.44434,0.5282,1.85727,0.05199,0.27701,0.4,0.27677,0.15162,0.57137,0.96548,0.38333,NORMAL,2026-09-10 06:42:30
0.00212,0.1142,0.0312,0.00013,0.01129,1.0117,20.0,0.0079,0.0102,0.0252,0.1609,0.0,94.53985,0.858,0.0,1.57566,53.64,0.894,0.36184,0.20876,0.6821,1.73485,-0.48552,0.64784,0.15,0.25303,0.08894,0.26321,0.95594,0.13333,NORMAL,2026-09-10 06:42:30
0.00082,0.1058,0.03197,0.00013,0.01121,1.0351,20.0,0.0082,0.0102,0.0837,0.0979,0.0,94.53985,0.8578,0.0,1.57566,53.64,0.894,0.35067,0.66407,0.6815,1.97945,0.51614,0.63403,0.28333,0.24867,0.14835,0.21762,0.94913,0.3,NORMAL,2026-09-10 06:42:40
0.00136,0.1262,0.03346,0.00017,0.01315,1.0528,20.0,0.0094,0.007,0.4606,0.0115,0.0,84.56028,0.8774,0.0,1.08451,153.0,1.77,0.39293,0.49174,0.5282,1.83244,0.02922,0.32767,0.4,0.28775,0.10986,0.56246,0.96181,0.5,NORMAL,2026-09-10 06:42:40
0.00138,0.1272,0.03404,0.00014,0.0117,1.017,20.0,0.0076,0.0067,0.0698,0.0973,0.0,83.93385,0.9022,0.0,1.00878,64.8,1.08,0.3438,0.00823,0.6459,1.87429,0.29437,0.25749,0.11667,0.23302,0.3073,0.43522,0.95662,0.38333,NORMAL,2026-09-10 06:42:40
0.00114,0.1126,0.03573,0.00015,0.01217,1.0341,20.0,0.0074,0.014,0.028,0.0361,0.0,129.80774,0.8955,0.0,1.09295,149.04,1.242,0.34069,0.3238,0.6141,1.69956,-0.44732,0.39678,0.26667,0.27143,0.1501,0.45312,0.96052,0.31667,NORMAL,2026-09-10 06:42:40
0.00105,0.0712,0.03544,0.00015,0.01242,1.0205,20.0,0.0116,0.0072,0.018,0.0023,0.0,192.06186,0.8535,0.0,1.60052,80.28,1.374,0.35062,-0.12453,0.5894,1.58326,-0.52254,0.19455,0.5,0.30604,0.09644,0.709,0.93879,0.48333,NORMAL,2026-09-10 06:42:40
0.00151,0.0906,0.03364,0.00012,0.01103,1.038,20.0,0.0062,0.0146,0.0396,0.1196,0.0,84.17926,0.9124,0.0,0.89824,104.76,0.99,0.32776,0.49047,0.6601,1.89414,0.14858,0.43394,0.1,0.23539,0.31076,0.2553,0.95793,0.28333,NORMAL,2026-09-10 06:42:50
0.00166,0.1163,0.03449,0.00018,0.01336,1.0398,20.0,0.0077,0.007,0.129,0.0013,0.0,84.56028,0.8959,0.0,1.08451,153.0,1.77,0.3874,0.385,0.5281,1.78117,-0.21809,0.43258,0.4,0.27285,0.09009,0.47733,0.96681,0.3,NORMAL,2026-09-10 06:42:50
0.00172,0.1339,0.03229,0.00011,0.01062,1.0185,20.0,0.0088,0.007,0.0715,0.2579,0.0,83.93385,0.8673,0.0,1.44189,64.8,1.08,0.32907,0.41649,0.6392,1.98446,1.00678,0.437,0.13333,0.2557,0.13472,0.42828,0.9576,0.38333,NORMAL,2026-09-10 06:42:50
0.00209,0.1241,0.03577,0.00013,0.01153,1.0306,20.0,0.0071,0.014,0.1492,0.0202,0.0,129.80774,0.8958,0.0,1.09295,128.88,1.074,0.32233,0.3054,0.6478,1.70717,-0.31593,0.31508,0.43333,0.26423,0.19076,0.49416,0.95051,0.41667,NORMAL,2026-09-10 06:42:50
0.00177,0.0713,0.03396,0.00014,0.0119,1.0131,20.0,0.0116,0.0072,0.0413,0.0013,0.0,192.06186,0.8001,0.0,2.38196,80.28,1.374,0.35039,-0.27129,0.59,1.59111,-0.43058,0.32642,0.5,0.30805,0.10107,0.57251,0.90998,0.48333,NORMAL,2026-09-10 06:42:50
0.0015,0.1097,0.03342,0.00013,0.01151,1.0239,20.0,0.0114,0.0097,0.0475,0.132,0.0,192.06186,0.8003,0.0,2.38196,93.6,1.56,0.34441,-0.05932,0.5549,1.61969,-0.60297,0.58682,0.26667,0.26042,0.13993,0.27325,0.93737,0.25,NORMAL,2026-09-10 06:43:00
0.00258,0.1152,0.03568,0.00014,0.01172,1.0537,20.0,0.008,0.0106,0.0126,0.0188,0.0,129.80774,0.8543,0.0,1.62568,128.88,1.338,0.32843,0.1191,0.5964,1.70845,-0.20357,0.21164,0.41667,0.26938,0.22088,0.56748,0.95661,0.4,NORMAL,2026-09-10 06:43:00
0.00145,0.1237,0.03373,0.00016,0.01249,1.0604,20.0,0.0081,0.007,0.0122,0.0084,0.0,84.56028,0.8754,0.0,1.34223,153.0,1.77,0.3703,0.30685,0.5282,1.83123,-0.08032,0.64723,0.3,0.24565,0.11159,0.24118,0.9626,0.13333,NORMAL,2026-09-10 06:43:00
0.00225,0.0994,0.03499,0.00012,0.01103,1.0341,20.0,0.0074,0.0146,0.0103,0.1289,0.0,111.94872,0.8731,0.0,1.37939,101.16,1.272,0.3153,0.44599,0.6028,1.8275,-0.00457,0.28108,0.1,0.24569,0.36067,0.35824,0.98342,0.01667,NORMAL,2026-09-10 06:43:00
0.00264,0.1053,0.03224,0.00012,0.0108,1.023,20.0,0.0093,0.007,0.0687,0.0012,0.0,108.9889,0.8397,0.0,1.81648,103.68,1.728,0.33494,0.45365,0.5339,1.9842,0.8583,0.45714,0.13333,0.25239,0.19413,0.34873,0.94721,0.15,NORMAL,2026-09-10 06:43:00
0.00014,0.0904,0.03553,0.00011,0.01063,1.054,20.0,0.0058,0.0146,0.0216,0.0928,0.0,84.17926,0.8804,0.0,1.30083,101.16,1.272,0.29925,0.23926,0.6035,1.80781,0.22841,0.24233,0.01667,0.24084,0.37713,0.38055,0.97463,0.5,NORMAL,2026-09-10 06:43:10
0.00087,0.1372,0.03446,0.00015,0.01218,1.051,20.0,0.008,0.0137,0.0073,0.0627,0.0,84.56028,0.8906,0.0,1.14838,153.0,1.77,0.35346,0.38708,0.5285,1.80206,-0.16228,0.69532,0.13333,0.23646,0.12898,0.17571,0.96659,0.3,NORMAL,2026-09-10 06:43:10
0.00253,0.1336,0.03291,0.00013,0.01139,1.0256,20.0,0.0069,0.007,0.2538,0.1451,0.0,108.5053,0.9001,0.0,1.04157,84.96,1.08,0.34614,0.25389,0.6399,1.93727,0.3811,0.3675,0.05,0.24562,0.2936,0.3389,0.96297,0.06667,NORMAL,2026-09-10 06:43:10
0.00161,0.0931,0.0367,0.00016,0.01277,1.0505,20.0,0.0082,0.0106,0.1633,0.0001,0.0,146.10321,0.8745,0.0,1.35332,100.08,1.962,0.34807,0.09422,0.5029,1.65101,-0.58656,0.27584,0.1,0.24277,0.3161,0.40806,0.95868,0.4,NORMAL,2026-09-10 06:43:10
0.00126,0.1044,0.03269,0.00012,0.01095,1.0393,20.0,0.0118,0.0097,0.0378,0.2309,0.0,192.06186,0.8,0.0,2.38196,80.28,1.374,0.33511,-0.1275,0.5837,1.64888,-0.72748,0.61185,0.25,0.26389,0.12355,0.2646,0.9493,0.23333,NORMAL,2026-09-10 06:43:10
0.00236,0.1314,0.0333,0.00011,0.01068,0.9887,20.0,0.0123,0.0097,0.0061,0.1356,0.0,192.06186,0.7997,0.0,2.38196,59.4,0.9,0.32082,-0.00445,0.6792,1.61669,-0.52473,0.50913,0.23333,0.26741,0.13867,0.35219,0.96215,0.46667,NORMAL,2026-09-10 06:43:20
0.00021,0.0965,0.03684,0.0001,0.00989,1.0574,20.0,0.005,0.0154,0.0,0.0584,0.0,64.26894,0.9326,0.0,0.67282,101.16,1.422,0.26846,0.24773,0.581,1.75755,0.57673,0.28665,0.23333,0.25179,0.31505,0.3983,0.96291,0.45,NORMAL,2026-09-10 06:43:20
0.0017,0.1179,0.03504,0.00016,0.0125,1.0506,20.0,0.0101,0.0115,0.1788,0.2636,0.0,75.50616,0.8944,0.0,1.07991,135.72,1.77,0.35661,0.20442,0.5229,1.7409,-0.32436,0.62074,0.13333,0.246,0.13773,0.24153,0.96108,0.3,NORMAL,2026-09-10 06:43:20
0.0026,0.1424,0.03443,0.00014,0.01184,1.0242,20.0,0.0071,0.0134,0.0976,0.0345,0.0,108.5053,0.8998,0.0,1.04157,84.96,1.08,0.34394,0.55899,0.6457,1.85271,0.14625,0.28183,0.05,0.23717,0.338,0.38018,0.9519,0.45,NORMAL,2026-09-10 06:43:20
0.00473,0.099,0.03674,0.00015,0.01239,1.0559,20.0,0.0084,0.0106,0.0001,0.0412,0.0,119.56284,0.8985,0.0,1.04559,100.08,1.152,0.33735,0.03933,0.6313,1.65479,-0.46879,0.35165,0.1,0.23724,0.3367,0.31164,0.95518,0.08333,NORMAL,2026-09-10 06:43:20
0.00145,0.0755,0.03404,0.00011,0.01053,1.0175,20.0,0.0142,0.0097,0.0152,0.0068,0.0,146.86498,0.7985,0.0,2.38196,72.0,0.948,0.30931,0.11161,0.674,1.58669,-0.54534,0.38723,0.21667,0.2575,0.21708,0.39569,0.96489,0.45,NORMAL,2026-09-10 06:43:30
0.00246,0.0984,0.0352,0.00013,0.01159,1.035,20.0,0.0071,0.0106,0.0006,0.0033,0.0,69.09452,0.9085,0.0,0.93612,86.76,1.02,0.32926,0.00248,0.6596,1.69328,-0.5719,0.28562,0.5,0.25454,0.29684,0.41754,0.9788,0.1,NORMAL,2026-09-10 06:43:30
0.00176,0.1276,0.03522,0.00016,0.01267,1.0554,20.0,0.009,0.0066,0.0788,0.0596,0.0,84.40352,0.8698,0.0,1.40673,80.64,0.888,0.35963,0.06603,0.6884,1.73029,-0.20079,0.47258,0.05,0.24611,0.2277,0.29972,0.95792,0.11667,NORMAL,2026-09-10 06:43:30
0.0015,0.0825,0.03712,0.0001,0.0099,1.0272,20.0,0.0056,0.0159,0.1968,0.0503,0.0,64.26894,0.9003,0.0,1.05218,101.16,1.422,0.2666,0.16817,0.5812,1.74516,0.58824,0.37989,0.23333,0.2703,0.14909,0.47102,0.97063,0.46667,NORMAL,2026-09-10 06:43:30
0.00368,0.1331,0.03481,0.00014,0.01178,0.9991,20.0,0.0074,0.0134,0.018,0.1438,0.0,108.5053,0.8997,0.0,1.04157,90.72,0.756,0.33844,0.34954,0.7158,1.72931,-0.30232,0.31873,0.45,0.25519,0.25277,0.4285,0.96884,0.16667,NORMAL,2026-09-10 06:43:30
0.00131,0.0829,0.03667,0.0001,0.0102,1.0481,20.0,0.0072,0.0108,0.0071,0.0366,0.0,64.26894,0.879,0.0,1.30429,101.16,1.422,0.27807,-0.45881,0.5813,1.49059,0.14796,0.43066,0.25,0.28534,0.07828,0.49106,0.96733,0.45,NORMAL,2026-09-10 06:43:40
0.00106,0.0935,0.03636,0.00014,0.01184,1.0549,20.0,0.0101,0.0066,0.1372,0.0129,0.0,87.33762,0.8653,0.0,1.45563,80.64,0.888,0.32563,-0.27409,0.6883,1.69349,-0.11908,0.38636,0.06667,0.24464,0.30909,0.30455,0.96789,0.05,NORMAL,2026-09-10 06:43:40
0.00203,0.105,0.03434,0.00015,0.01209,1.021,20.0,0.0068,0.0134,0.2207,0.0,0.0,108.5053,0.9002,0.0,1.04157,90.72,0.756,0.35219,0.31231,0.7214,1.74584,-0.36494,0.31766,0.45,0.25024,0.25812,0.42421,0.97775,0.08333,NORMAL,2026-09-10 06:43:40
0.00206,0.112,0.03568,0.00013,0.0113,1.0356,20.0,0.0092,0.0106,0.0111,0.0001,0.0,86.42402,0.8397,0.0,1.81698,86.76,1.02,0.31667,0.09951,0.6599,1.67641,-0.5475,0.33686,0.5,0.26109,0.21571,0.44743,0.96916,0.06667,NORMAL,2026-09-10 06:43:40
0.00238,0.1019,0.03529,0.00015,0.01226,1.0206,20.0,0.0133,0.0097,0.0863,0.0021,0.0,146.86498,0.8664,0.0,1.40902,91.08,0.948,0.34748,0.48305,0.674,1.84597,-0.07056,0.37686,0.21667,0.24952,0.23856,0.38458,0.96794,0.2,NORMAL,2026-09-10 06:43:40
0.00299,0.0964,0.03578,0.00011,0.01057,1.0331,20.0,0.0075,0.0106,0.036,0.0089,0.0,112.71548,0.9079,0.0,0.9393,86.76,1.284,0.29545,0.05881,0.6066,1.68169,-0.10508,0.40015,0.15,0.25022,0.20667,0.39318,0.95333,0.5,NORMAL,2026-09-10 06:43:50
0.00162,0.1463,0.03531,0.00014,0.01169,1.0236,20.0,0.007,0.0134,0.0137,0.1889,0.0,108.5053,0.9,0.0,1.04157,90.72,1.74,0.33115,0.25445,0.5284,1.70843,-0.30071,0.35349,0.03333,0.24792,0.26021,0.3863,0.97758,0.45,NORMAL,2026-09-10 06:43:50
0.00194,0.1122,0.03526,0.00014,0.01192,1.016,20.0,0.0122,0.0173,0.1336,0.0102,0.0,146.86498,0.8672,0.0,1.40902,91.08,0.948,0.3382,0.66106,0.6743,1.85291,-0.06144,0.4513,0.2,0.24197,0.18492,0.36378,0.96707,0.36667,NORMAL,2026-09-10 06:43:50
0.00164,0.1053,0.03545,0.00012,0.01081,1.055,20.0,0.0063,0.0108,0.0062,0.1175,0.0,57.27406,0.9277,0.0,0.7156,152.64,1.422,0.30484,-0.14939,0.5781,1.53087,-0.31293,0.51518,0.26667,0.27845,0.08455,0.40027,0.94431,0.45,NORMAL,2026-09-10 06:43:50
0.0014,0.1363,0.03602,0.00014,0.01177,1.0633,20.0,0.008,0.0066,0.042,0.0408,0.0,57.28771,0.896,0.0,1.0797,90.72,1.548,0.32671,-0.12028,0.5607,1.70886,-0.05607,0.44606,0.06667,0.24611,0.26983,0.28411,0.95859,0.05,NORMAL,2026-09-10 06:43:50
0.00261,0.1331,0.03497,0.00013,0.01145,1.0004,20.0,0.0069,0.0134,0.0069,0.0039,0.0,84.87279,0.8874,0.0,1.20072,90.72,1.422,0.32749,0.29042,0.5817,1.72722,-0.15529,0.44465,0.18333,0.23829,0.25573,0.29962,0.96694,0.45,NORMAL,2026-09-10 06:44:00
0.00198,0.1013,0.03613,0.0001,0.00984,1.0346,20.0,0.0068,0.0143,0.0,0.0322,0.0,112.71548,0.9085,0.0,0.9393,86.76,1.026,0.27222,0.22284,0.6587,1.67535,0.01198,0.41369,0.15,0.252,0.21737,0.36893,0.96666,0.21667,NORMAL,2026-09-10 06:44:00
0.00037,0.0674,0.03475,0.00012,0.01102,1.061,20.0,0.0066,0.0108,0.0144,0.0562,0.0,57.27406,0.9275,0.0,0.7156,85.32,1.422,0.31712,-0.23353,0.5817,1.55636,-0.41314,0.63444,0.26667,0.27165,0.07104,0.29452,0.96312,0.28333,NORMAL,2026-09-10 06:44:00
0.00162,0.1387,0.03711,0.00017,0.01295,1.0368,20.0,0.0083,0.0057,0.0008,0.0661,0.0,57.00001,0.8859,0.0,1.2054,80.64,1.224,0.34887,-0.28177,0.6168,1.64773,-0.05624,0.45106,0.05,0.25237,0.19956,0.34937,0.966,0.41667,NORMAL,2026-09-10 06:44:00
0.00109,0.0954,0.03478,0.00014,0.01175,1.0099,20.0,0.012,0.0173,0.04,0.0583,0.0,149.90192,0.8674,0.0,1.40902,91.08,0.948,0.33795,0.77973,0.6741,1.87826,0.15948,0.37214,0.36667,0.23206,0.24473,0.38313,0.96396,0.43333,NORMAL,2026-09-10 06:44:00
0.00254,0.075,0.03559,8e-05,0.00901,1.0427,20.0,0.0091,0.0143,0.0055,0.0943,0.0,112.71548,0.8712,0.0,1.3874,95.4,0.894,0.25302,0.01034,0.6889,1.49885,0.0515,0.57085,0.15,0.25213,0.11687,0.31228,0.97819,0.21667,NORMAL,2026-09-10 06:44:10
0.0026,0.1094,0.03554,0.00013,0.0113,1.0168,20.0,0.0082,0.0143,0.0049,0.0556,0.0,84.87279,0.8974,0.0,1.06089,101.52,1.422,0.31788,0.36983,0.5817,1.70414,-0.17021,0.46987,0.18333,0.24198,0.2229,0.30723,0.96231,0.16667,NORMAL,2026-09-10 06:44:10
0.00175,0.0975,0.03589,0.00015,0.01226,1.0176,20.0,0.0127,0.0135,0.0778,0.0092,0.0,149.90192,0.8669,0.0,1.40902,91.08,0.948,0.34149,0.47716,0.6739,1.81841,-0.32151,0.26263,0.03333,0.24893,0.26385,0.47353,0.95827,0.43333,NORMAL,2026-09-10 06:44:10
0.00165,0.0813,0.03442,0.00011,0.01055,1.0297,20.0,0.0069,0.0108,0.0001,0.1513,0.0,57.27406,0.9272,0.0,0.7156,99.0,1.65,0.30654,-0.27366,0.5423,1.57609,-0.39876,0.60039,0.3,0.26026,0.09053,0.30908,0.95042,0.31667,NORMAL,2026-09-10 06:44:10
0.0011,0.114,0.03736,0.00016,0.01275,1.0459,20.0,0.0086,0.0057,0.0913,0.1784,0.0,109.28127,0.8956,0.0,1.0797,67.68,1.158,0.34117,-0.36251,0.6239,1.64031,0.12451,0.31198,0.33333,0.27651,0.132,0.55602,0.92769,0.31667,NORMAL,2026-09-10 06:44:10
0.00151,0.1365,0.03536,0.00014,0.01181,1.0239,20.0,0.0098,0.0135,0.0006,0.0138,0.0,149.90192,0.869,0.0,1.40902,91.08,1.686,0.3339,0.49804,0.5397,1.84977,-0.01693,0.25763,0.03333,0.23787,0.33732,0.40505,0.95618,0.43333,NORMAL,2026-09-10 06:44:20
0.00241,0.0915,0.03543,0.0001,0.00985,1.0515,20.0,0.0085,0.0116,0.1312,0.025,0.0,112.71548,0.8717,0.0,1.3874,51.12,1.02,0.27787,-0.01473,0.6603,1.53997,0.03921,0.64891,0.15,0.23512,0.14008,0.21101,0.96175,0.26667,NORMAL,2026-09-10 06:44:20
0.00148,0.0972,0.03408,0.00011,0.01054,1.0435,20.0,0.0074,0.0108,0.0774,0.2528,0.0,55.75884,0.9088,0.0,0.92931,93.6,1.17,0.30915,-0.15266,0.6232,1.59074,-0.32894,0.44045,0.31667,0.2472,0.1963,0.36325,0.96265,0.3,NORMAL,2026-09-10 06:44:20
0.00112,0.1343,0.03546,0.00016,0.0125,1.0613,20.0,0.0075,0.0057,0.1341,0.0989,0.0,109.28127,0.9102,0.0,0.91068,121.32,1.02,0.35252,-0.2738,0.6592,1.69044,-0.28248,0.29721,0.33333,0.25294,0.19198,0.51081,0.97057,0.18333,NORMAL,2026-09-10 06:44:20
0.00253,0.1545,0.03545,0.00013,0.01145,1.0221,20.0,0.0094,0.0143,0.0207,0.0571,0.0,71.36697,0.8826,0.0,1.2364,90.72,1.422,0.32311,0.46489,0.5821,1.79188,0.03863,0.42453,0.43333,0.26885,0.11071,0.46477,0.96045,0.18333,NORMAL,2026-09-10 06:44:20
0.00021,0.0926,0.03412,0.00014,0.01162,1.0525,20.0,0.0071,0.0108,0.065,0.1146,0.0,66.56279,0.9091,0.0,0.92931,93.6,1.17,0.34063,0.10521,0.6279,1.83522,0.01575,0.27479,0.31667,0.25343,0.29223,0.43298,0.95214,0.05,NORMAL,2026-09-10 06:44:30
0.00139,0.103,0.03552,0.00016,0.01258,1.0527,20.0,0.0077,0.0057,0.0261,0.0,0.0,109.28127,0.9101,0.0,0.91068,105.84,1.002,0.35412,-0.18505,0.6631,1.68667,-0.21093,0.33103,0.35,0.24277,0.25528,0.41369,0.96579,0.03333,NORMAL,2026-09-10 06:44:30
0.00246,0.1375,0.03568,0.00012,0.01091,1.0351,20.0,0.0089,0.0143,0.0433,0.0258,0.0,71.36697,0.8866,0.0,1.18945,85.32,1.422,0.30587,0.42887,0.5816,1.78883,0.00704,0.53635,0.28333,0.26388,0.08155,0.3821,0.96644,0.23333,NORMAL,2026-09-10 06:44:30
0.00263,0.1178,0.0355,0.00011,0.01028,1.051,20.0,0.0083,0.0116,0.0724,0.1977,0.0,112.71548,0.8718,0.0,1.3874,51.12,0.762,0.28955,-0.02564,0.7217,1.54869,-0.21829,0.49243,0.28333,0.25514,0.15116,0.35641,0.97386,0.15,NORMAL,2026-09-10 06:44:30
0.00162,0.0898,0.03449,0.00016,0.01273,1.0324,20.0,0.0105,0.009,0.0726,0.1024,0.0,149.90192,0.8659,0.0,1.44347,103.68,0.87,0.36907,0.32466,0.6876,1.87626,-0.02729,0.42015,0.25,0.23049,0.30182,0.27803,0.96225,0.43333,NORMAL,2026-09-10 06:44:30
0.00133,0.0688,0.03346,0.00013,0.0113,1.0748,20.0,0.0075,0.0109,0.0085,0.1676,0.0,66.56279,0.9062,0.0,0.95969,140.4,1.752,0.33759,0.30949,0.5275,1.87331,0.2414,0.2035,0.33333,0.26966,0.2198,0.57669,0.95136,0.31667,NORMAL,2026-09-10 06:44:40
0.00271,0.0765,0.0342,0.00016,0.01249,1.0692,20.0,0.0079,0.0057,0.0077,0.0153,0.0,109.28127,0.8457,0.0,1.74583,88.92,1.482,0.36512,-0.00821,0.5715,1.74582,-0.18064,0.31811,0.35,0.24143,0.27479,0.4071,0.95616,0.03333,NORMAL,2026-09-10 06:44:40
0.00187,0.1035,0.03614,0.00014,0.01165,1.0152,20.0,0.0104,0.0148,0.0956,0.0441,0.0,71.36697,0.8855,0.0,1.18945,85.32,1.422,0.32238,0.44384,0.5821,1.7582,-0.18512,0.65341,0.13333,0.2412,0.09412,0.25247,0.97222,0.23333,NORMAL,2026-09-10 06:44:40
0.0017,0.0931,0.03519,0.00011,0.01025,1.0383,20.0,0.0089,0.0116,0.0019,0.1429,0.0,112.71548,0.8714,0.0,1.3874,49.68,0.702,0.29127,-0.03383,0.7376,1.56185,-0.22405,0.35557,0.36667,0.28319,0.08637,0.55806,0.9752,0.5,NORMAL,2026-09-10 06:44:40
0.00182,0.0885,0.0333,0.00012,0.01095,1.0178,20.0,0.0109,0.009,0.1918,0.0001,0.0,172.59937,0.8656,0.0,1.44347,61.92,1.47,0.32885,-0.08051,0.5727,1.6702,-0.40758,0.45486,0.23333,0.24264,0.2303,0.31484,0.96684,0.25,NORMAL,2026-09-10 06:44:40
0.00132,0.0773,0.03366,0.00013,0.01135,1.0216,20.0,0.0115,0.009,0.2428,0.0543,0.0,172.59937,0.8595,0.0,1.5206,72.0,1.398,0.3373,-0.17312,0.5854,1.64821,-0.45049,0.53489,0.31667,0.25974,0.10866,0.35645,0.96435,0.23333,NORMAL,2026-09-10 06:44:50
0.00222,0.1108,0.03558,0.0001,0.01023,1.019,20.0,0.0085,0.0116,0.0669,0.1385,0.0,109.03314,0.8716,0.0,1.3874,99.72,1.662,0.28738,0.00799,0.5443,1.54587,-0.40764,0.38226,0.38333,0.29552,0.04736,0.57038,0.94783,0.36667,NORMAL,2026-09-10 06:44:50
0.00189,0.136,0.03653,0.00014,0.01163,1.0265,20.0,0.0095,0.0148,0.0021,0.0869,0.0,72.90146,0.8862,0.0,1.18945,120.24,2.004,0.31831,0.39267,0.4979,1.74121,-0.19717,0.59872,0.11667,0.2532,0.10585,0.29543,0.96774,0.23333,NORMAL,2026-09-10 06:44:50
0.0024,0.1371,0.03491,0.00017,0.01295,1.0357,20.0,0.0082,0.0057,0.0184,0.0,0.0,109.28127,0.8728,0.0,1.37615,87.12,1.188,0.37098,0.02293,0.6239,1.75038,-0.17505,0.33658,0.43333,0.25475,0.21405,0.44938,0.96845,0.15,NORMAL,2026-09-10 06:44:50
0.00139,0.1024,0.0335,0.00013,0.01145,1.0404,20.0,0.0058,0.0109,0.0032,0.001,0.0,66.56279,0.9102,0.0,0.92931,210.24,1.752,0.34185,0.51489,0.5306,1.8685,0.56677,0.2442,0.35,0.26115,0.18243,0.57337,0.96029,0.38333,NORMAL,2026-09-10 06:44:50
0.00095,0.1005,0.03402,0.00012,0.01115,1.0578,20.0,0.0072,0.0109,0.0643,0.0247,0.0,73.81862,0.8848,0.0,1.23031,210.24,1.752,0.32779,0.50624,0.5308,1.84781,0.60979,0.27779,0.35,0.25662,0.14122,0.58099,0.95052,0.36667,NORMAL,2026-09-10 06:45:00
0.00145,0.1183,0.03361,0.00013,0.0116,1.0506,20.0,0.0082,0.0065,0.0148,0.0,0.0,109.28127,0.8727,0.0,1.37615,77.76,1.188,0.34516,0.05278,0.6239,1.83273,0.04797,0.41075,0.33333,0.27275,0.10516,0.48408,0.96072,0.15,NORMAL,2026-09-10 06:45:00
0.00186,0.1178,0.0373,0.00014,0.01178,1.0153,20.0,0.0117,0.0148,0.1214,0.0916,0.0,94.98064,0.8404,0.0,1.78257,82.44,1.296,0.31572,0.40691,0.6044,1.70629,-0.28756,0.4511,0.5,0.27206,0.09169,0.45721,0.94639,0.48333,NORMAL,2026-09-10 06:45:00
0.00147,0.1067,0.03497,0.00012,0.01091,1.0296,20.0,0.01,0.0116,0.075,0.0365,0.0,166.1322,0.7771,0.0,2.76887,147.96,1.662,0.31188,0.11094,0.5443,1.56251,-0.66821,0.59697,0.28333,0.28471,0.02542,0.37761,0.95277,0.38333,NORMAL,2026-09-10 06:45:00
0.00136,0.0891,0.03507,0.00013,0.0115,1.0212,20.0,0.0107,0.009,0.0729,0.0024,0.0,172.59937,0.8463,0.0,1.70883,61.92,0.87,0.32792,-0.35297,0.6924,1.58625,-0.31506,0.53409,0.2,0.2478,0.12205,0.34386,0.96903,0.25,NORMAL,2026-09-10 06:45:00
0.00112,0.1116,0.03386,0.00015,0.01222,1.0452,20.0,0.0088,0.0109,0.0159,0.0001,0.0,82.44637,0.8724,0.0,1.37411,210.24,1.752,0.36094,0.54636,0.5305,1.83798,-0.00893,0.25838,0.35,0.27958,0.07003,0.67159,0.95326,0.36667,NORMAL,2026-09-10 06:45:10
0.00137,0.1152,0.034,0.00014,0.01175,1.0396,20.0,0.0076,0.0065,0.0109,0.0016,0.0,82.56898,0.8732,0.0,1.37615,94.32,1.188,0.34567,0.11334,0.6237,1.81116,-0.12144,0.36419,0.31667,0.25666,0.14931,0.4865,0.9689,0.33333,NORMAL,2026-09-10 06:45:10
0.00178,0.1301,0.03714,0.00015,0.01216,1.018,20.0,0.0112,0.0133,0.0014,0.0002,0.0,74.81904,0.8804,0.0,1.24698,81.72,1.296,0.32753,0.33856,0.6045,1.70815,-0.26397,0.36203,0.5,0.27853,0.08406,0.55391,0.9461,0.48333,NORMAL,2026-09-10 06:45:10
0.00233,0.0898,0.03502,0.00011,0.01065,1.0275,20.0,0.0074,0.0116,0.0779,0.0002,0.0,69.85714,0.9169,0.0,0.83314,147.96,1.662,0.30404,0.11802,0.5443,1.5639,-0.55486,0.77549,0.28333,0.25768,0.03285,0.19166,0.93937,0.16667,NORMAL,2026-09-10 06:45:10
0.00238,0.0847,0.03482,0.00013,0.01124,1.0098,20.0,0.01,0.009,0.0064,0.0074,0.0,172.59937,0.8066,0.0,2.2977,92.88,1.548,0.32281,-0.28448,0.5604,1.60024,-0.13405,0.54712,0.21667,0.24051,0.17993,0.27295,0.95278,0.2,NORMAL,2026-09-10 06:45:10
0.00132,0.073,0.03551,0.00013,0.01133,1.0128,20.0,0.0097,0.009,0.1699,0.0248,0.0,172.59937,0.8354,0.0,1.87256,92.88,1.548,0.31916,-0.33813,0.5608,1.57086,-0.14438,0.57293,0.15,0.23639,0.17558,0.25149,0.95338,0.21667,NORMAL,2026-09-10 06:45:20
0.00288,0.0773,0.03424,0.00011,0.01043,1.0635,20.0,0.0066,0.0169,0.0104,0.041,0.0,87.31241,0.8679,0.0,1.45521,147.96,1.662,0.3047,0.21953,0.5441,1.599,-0.72438,0.6544,0.13333,0.25457,0.05369,0.29191,0.95937,0.15,NORMAL,2026-09-10 06:45:20
0.00353,0.1226,0.03589,0.00015,0.01205,1.003,20.0,0.0094,0.0114,0.0059,0.0361,0.0,72.90146,0.9126,0.0,0.86416,77.76,1.296,0.33578,0.00102,0.6045,1.64455,-0.28318,0.26205,0.31667,0.26997,0.16041,0.57755,0.98282,0.48333,NORMAL,2026-09-10 06:45:20
0.00101,0.1518,0.03473,0.00015,0.01206,1.0459,20.0,0.009,0.0065,0.1078,0.0008,0.0,84.83948,0.8721,0.0,1.37615,97.2,1.674,0.34725,-0.22525,0.5417,1.77207,0.10413,0.30679,0.31667,0.25032,0.14111,0.5521,0.94401,0.33333,NORMAL,2026-09-10 06:45:20
0.00031,0.0852,0.03469,0.00016,0.01249,1.0389,20.0,0.0074,0.0109,0.0597,0.0205,0.0,129.77966,0.889,0.0,1.17534,210.24,1.752,0.36015,0.37118,0.5304,1.79427,-0.30199,0.26393,0.35,0.29526,0.05149,0.68458,0.94043,0.36667,NORMAL,2026-09-10 06:45:20
0.00084,0.057,0.03504,0.00013,0.01139,1.0253,20.0,0.008,0.0119,0.0274,0.0141,0.0,129.77966,0.8884,0.0,1.17534,210.24,1.752,0.32505,0.21252,0.5303,1.68967,-0.39095,0.36249,0.36667,0.28166,0.07504,0.56247,0.97179,0.43333,NORMAL,2026-09-10 06:45:30
0.00159,0.103,0.0345,0.00016,0.0127,1.0554,20.0,0.0093,0.0065,0.0024,0.0192,0.0,82.56898,0.8719,0.0,1.37615,94.32,1.236,0.36809,-0.12482,0.6141,1.77248,-0.39689,0.28441,0.31667,0.27189,0.13408,0.58151,0.954,0.35,NORMAL,2026-09-10 06:45:30
0.00182,0.1312,0.0355,0.00014,0.01162,1.0236,20.0,0.0103,0.0114,0.001,0.0121,0.0,72.90146,0.9118,0.0,0.86416,77.76,1.296,0.32743,0.01363,0.6045,1.66647,-0.05566,0.29147,0.31667,0.26648,0.16499,0.54354,0.97277,0.41667,NORMAL,2026-09-10 06:45:30
0.00294,0.092,0.03513,0.00014,0.01163,1.044,20.0,0.0069,0.0088,0.137,0.0686,0.0,99.12728,0.8641,0.0,1.50272,147.96,1.662,0.33114,0.21745,0.5436,1.74456,-0.32946,0.49229,0.13333,0.26562,0.08827,0.41944,0.94926,0.15,NORMAL,2026-09-10 06:45:30
0.00324,0.1153,0.03653,0.0001,0.01005,1.0069,20.0,0.0096,0.0115,0.3886,0.1622,0.0,172.59937,0.8458,0.0,1.5206,129.96,1.68,0.27508,-0.25394,0.5366,1.44713,-0.3075,0.40998,0.46667,0.27805,0.08141,0.50862,0.96454,0.15,NORMAL,2026-09-10 06:45:30
0.00129,0.0881,0.036,0.00017,0.0129,1.047,20.0,0.0068,0.0138,0.0154,0.027,0.0,129.77966,0.8894,0.0,1.17534,104.4,1.74,0.35829,0.45914,0.532,1.86609,-0.2846,0.31391,0.36667,0.27914,0.10875,0.57734,0.9626,0.5,NORMAL,2026-09-10 06:45:40
0.00114,0.1437,0.03455,0.00016,0.01281,1.0606,20.0,0.0105,0.0065,0.1769,0.0131,0.0,82.56898,0.871,0.0,1.37615,96.84,1.614,0.3709,-0.09178,0.5509,1.76841,-0.41528,0.30629,0.48333,0.2646,0.19299,0.50073,0.96137,0.35,NORMAL,2026-09-10 06:45:40
0.00281,0.1401,0.03558,0.00012,0.01096,1.0087,20.0,0.0105,0.0114,0.3348,0.0044,0.0,72.90146,0.8947,0.0,0.86416,77.76,1.398,0.30804,-0.12472,0.5864,1.61293,-0.10989,0.33664,0.41667,0.27777,0.14534,0.51803,0.95911,0.3,NORMAL,2026-09-10 06:45:40
0.00211,0.0961,0.0346,0.00014,0.01173,1.0494,20.0,0.0068,0.0088,0.2845,0.0137,0.0,99.12728,0.9076,0.0,0.95066,167.76,1.68,0.33912,0.19063,0.5407,1.76676,-0.23276,0.33054,0.35,0.26146,0.17906,0.4904,0.95204,0.43333,NORMAL,2026-09-10 06:45:40
0.00193,0.1124,0.03632,0.00011,0.0103,1.0228,20.0,0.0095,0.0115,0.0477,0.2744,0.0,150.90929,0.8609,0.0,1.5206,119.16,1.548,0.28364,-0.24824,0.555,1.45245,-0.45196,0.16983,0.33333,0.28971,0.08682,0.74336,0.95329,0.46667,NORMAL,2026-09-10 06:45:40
0.00076,0.0883,0.03604,0.0001,0.01012,1.0294,20.0,0.009,0.0155,0.0053,0.1894,0.0,96.45397,0.8633,0.0,1.49337,119.16,1.548,0.28084,-0.00808,0.5563,1.46465,-0.70069,0.12206,0.33333,0.279,0.14368,0.73426,0.93549,0.38333,NORMAL,2026-09-10 06:45:50
0.00127,0.131,0.03372,0.00015,0.01231,1.0484,20.0,0.0075,0.0088,0.0048,0.0198,0.0,99.12728,0.8987,0.0,1.05221,167.76,1.68,0.36495,0.20128,0.5407,1.79865,-0.36203,0.25477,0.4,0.26592,0.19714,0.54808,0.94929,0.06667,NORMAL,2026-09-10 06:45:50
0.00196,0.1267,0.03569,0.00012,0.01115,1.0191,20.0,0.0095,0.0114,0.0444,0.0131,0.0,74.30723,0.8823,0.0,1.23845,101.52,1.296,0.31236,-0.0966,0.6043,1.6061,-0.21698,0.29659,0.45,0.26318,0.20834,0.49508,0.9666,0.46667,NORMAL,2026-09-10 06:45:50
0.00046,0.1222,0.03336,0.00016,0.01256,1.0496,20.0,0.0094,0.0065,0.0517,0.2779,0.0,79.62793,0.8972,0.0,1.05095,94.32,0.954,0.37663,-0.18252,0.6673,1.61477,-0.75262,0.36236,0.1,0.25434,0.23178,0.40586,0.94664,0.48333,NORMAL,2026-09-10 06:45:50
0.00016,0.0725,0.03662,0.00016,0.01257,1.0506,20.0,0.0078,0.0138,0.196,0.064,0.0,129.77966,0.8886,0.0,1.17534,77.4,1.326,0.34318,0.31474,0.5978,1.8433,-0.2198,0.3894,0.5,0.2674,0.12897,0.48163,0.94804,0.16667,NORMAL,2026-09-10 06:45:50
0.00187,0.0837,0.03664,0.00016,0.01256,1.0431,20.0,0.0062,0.0138,0.0316,0.3154,0.0,137.59568,0.8887,0.0,1.19041,174.24,1.758,0.34279,0.37479,0.5237,1.8426,-0.21005,0.70292,0.16667,0.23541,0.09502,0.20206,0.92844,0.15,NORMAL,2026-09-10 06:46:00
0.00135,0.0919,0.03277,0.00016,0.01254,1.0595,20.0,0.01,0.0065,0.1974,0.1295,0.0,79.62793,0.8906,0.0,1.12845,87.12,1.368,0.38285,-0.08747,0.5911,1.64058,-0.8061,0.33519,0.1,0.25607,0.26847,0.39634,0.95671,0.48333,NORMAL,2026-09-10 06:46:00
0.00074,0.1175,0.03469,0.00012,0.01092,1.0359,20.0,0.0092,0.0114,0.0074,0.0174,0.0,74.30723,0.8826,0.0,1.23845,101.52,1.2,0.31473,-0.09116,0.6224,1.63204,-0.29179,0.32206,0.46667,0.26628,0.18282,0.49511,0.97239,0.45,NORMAL,2026-09-10 06:46:00
0.00252,0.1173,0.03306,0.00015,0.01216,1.0364,20.0,0.0092,0.0088,0.015,0.0001,0.0,99.12728,0.8892,0.0,1.1535,167.76,1.68,0.36764,0.28533,0.5406,1.83271,-0.31568,0.28616,0.06667,0.26737,0.20391,0.50993,0.95756,0.4,NORMAL,2026-09-10 06:46:00
0.00197,0.1162,0.0352,0.00011,0.01062,1.0139,20.0,0.01,0.0127,0.1246,0.0312,0.0,96.45397,0.8673,0.0,1.42996,119.16,1.548,0.30179,-0.07465,0.5597,1.4916,-0.77093,0.20137,0.33333,0.27627,0.15493,0.6437,0.95155,0.36667,NORMAL,2026-09-10 06:46:00
0.00018,0.0757,0.0378,0.00014,0.01189,1.0561,20.0,0.0067,0.0138,0.0195,0.2179,0.0,137.59568,0.8547,0.0,1.63294,82.8,1.38,0.31467,0.27915,0.5827,1.8007,0.0067,0.84202,0.16667,0.21799,0.05884,0.09914,0.91531,0.15,NORMAL,2026-09-10 06:46:10
0.00155,0.125,0.03385,0.00017,0.01291,1.0289,20.0,0.0103,0.0065,0.0534,0.0001,0.0,95.9358,0.8779,0.0,1.2883,69.12,0.954,0.38135,-0.16797,0.6737,1.60828,-0.76387,0.20908,0.36667,0.2714,0.2352,0.55573,0.96603,0.38333,NORMAL,2026-09-10 06:46:10
0.0031,0.1608,0.03528,0.00011,0.01052,1.0076,20.0,0.0087,0.0114,0.1043,0.0242,0.0,74.30723,0.8829,0.0,1.23845,113.76,1.056,0.29831,-0.02509,0.6516,1.68518,-0.12284,0.38126,0.38333,0.26745,0.17281,0.44593,0.9726,0.36667,NORMAL,2026-09-10 06:46:10
0.00291,0.1194,0.0327,0.00015,0.01239,1.0308,20.0,0.0088,0.0088,0.0169,0.0014,0.0,110.84066,0.8378,0.0,1.84734,167.76,1.68,0.37886,0.32849,0.5408,1.84675,-0.47776,0.41849,0.25,0.26395,0.22882,0.35268,0.93701,0.06667,NORMAL,2026-09-10 06:46:10
0.0031,0.1153,0.03381,0.00011,0.01069,1.0104,20.0,0.01,0.0127,0.0024,0.0994,0.0,96.45397,0.8673,0.0,1.42996,119.16,1.272,0.3162,0.21412,0.6028,1.57464,-0.82341,0.24093,0.5,0.28261,0.13693,0.62214,0.95053,0.33333,NORMAL,2026-09-10 06:46:10
0.00172,0.1127,0.03284,0.00013,0.01124,1.0198,20.0,0.0097,0.0127,0.0298,0.0114,0.0,96.45397,0.8675,0.0,1.42996,119.16,1.272,0.34216,0.35988,0.6065,1.66376,-0.74102,0.24482,0.5,0.28387,0.14261,0.61257,0.95692,0.48333,NORMAL,2026-09-10 06:46:20
0.00274,0.127,0.03426,0.00017,0.01285,1.0583,20.0,0.008,0.0088,0.0993,0.003,0.0,99.12728,0.8983,0.0,1.05221,167.76,1.68,0.37501,0.17637,0.5405,1.76485,-0.71619,0.40578,0.25,0.23905,0.29637,0.29785,0.95701,0.41667,NORMAL,2026-09-10 06:46:20
0.00281,0.1177,0.03658,0.00011,0.01059,1.0154,20.0,0.009,0.0169,0.0266,0.0051,0.0,116.00331,0.8222,0.0,2.07263,113.76,1.224,0.28952,0.41285,0.6173,1.72083,-0.05191,0.45022,0.36667,0.24996,0.16356,0.38622,0.96205,0.5,NORMAL,2026-09-10 06:46:20
0.00086,0.1158,0.03397,0.00015,0.0124,1.0648,20.0,0.0076,0.008,0.3209,0.089,0.0,95.9358,0.8799,0.0,1.2883,134.64,2.244,0.36494,0.01635,0.4695,1.61119,-0.86237,0.20454,0.36667,0.27676,0.19514,0.60032,0.96618,0.31667,NORMAL,2026-09-10 06:46:20
0.00126,0.0988,0.03705,0.00015,0.01215,1.0434,20.0,0.0082,0.0138,0.0,0.0323,0.0,137.59568,0.806,0.0,2.32435,84.6,1.326,0.32802,0.33275,0.5986,1.8303,-0.0713,0.74749,0.13333,0.22137,0.0881,0.1644,0.92818,0.18333,NORMAL,2026-09-10 06:46:20
0.00057,0.0856,0.03707,0.00015,0.01231,1.0534,20.0,0.0091,0.0165,0.0498,0.0,0.0,137.59568,0.8864,0.0,1.19041,84.6,1.326,0.33204,0.45926,0.5988,1.82666,-0.30242,0.44938,0.13333,0.24071,0.19945,0.35117,0.94164,0.2,NORMAL,2026-09-10 06:46:30
0.00183,0.1362,0.03379,0.00013,0.01142,1.0528,20.0,0.0104,0.0134,0.1897,0.418,0.0,95.9358,0.8267,0.0,1.99166,57.24,0.954,0.33786,0.05479,0.6665,1.6331,-0.86859,0.31124,0.31667,0.24973,0.23774,0.45102,0.95552,0.03333,NORMAL,2026-09-10 06:46:30
0.0023,0.1193,0.0363,0.00012,0.01085,1.0353,20.0,0.0084,0.0144,0.0105,0.0891,0.0,183.02471,0.8587,0.0,1.56062,113.76,0.954,0.29896,0.38702,0.6733,1.72999,-0.09216,0.42439,0.5,0.2558,0.16251,0.4131,0.97261,0.16667,NORMAL,2026-09-10 06:46:30
0.00209,0.1092,0.0339,0.00013,0.01153,1.0422,20.0,0.0078,0.0098,0.0361,0.019,0.0,61.68112,0.8984,0.0,1.05221,99.72,1.662,0.34019,0.10642,0.5435,1.55694,-0.92544,0.40035,0.25,0.25288,0.20071,0.39894,0.95205,0.41667,NORMAL,2026-09-10 06:46:30
0.0026,0.1059,0.03218,0.00012,0.01109,1.0384,20.0,0.008,0.0127,0.0914,0.2188,0.0,96.45397,0.8688,0.0,1.42996,111.24,1.47,0.34445,0.45667,0.5659,1.69653,-0.54087,0.36156,0.48333,0.25976,0.18751,0.45093,0.97036,0.5,NORMAL,2026-09-10 06:46:30
0.00068,0.1137,0.03676,0.0001,0.00975,1.0842,20.0,0.0084,0.0197,0.3124,0.1355,0.0,137.59568,0.887,0.0,1.19041,84.6,1.584,0.26527,0.34455,0.5522,1.58633,-0.4965,0.40921,0.33333,0.25688,0.15501,0.43578,0.95095,0.48333,NORMAL,2026-09-10 06:46:40
0.0017,0.1339,0.03292,0.00014,0.01191,1.0429,20.0,0.0088,0.0117,0.2662,0.3212,0.0,95.9358,0.879,0.0,1.2883,113.4,1.776,0.36187,0.02435,0.5215,1.66411,-0.90403,0.29702,0.48333,0.24462,0.26214,0.44084,0.95959,0.31667,NORMAL,2026-09-10 06:46:40
0.00224,0.1392,0.03672,0.00013,0.01158,1.0086,20.0,0.0075,0.0144,0.0013,0.021,0.0,183.02471,0.8594,0.0,1.56062,113.76,1.68,0.31538,0.56453,0.5407,1.75712,0.05536,0.32709,0.16667,0.25043,0.26446,0.40845,0.97235,0.5,NORMAL,2026-09-10 06:46:40
0.00232,0.1187,0.03427,0.00014,0.0117,1.033,20.0,0.0078,0.0087,0.1199,0.0009,0.0,109.56849,0.8401,0.0,1.82614,99.72,1.662,0.34155,-0.04585,0.5435,1.53958,-0.85217,0.53919,0.11667,0.24999,0.13454,0.32627,0.96228,0.13333,NORMAL,2026-09-10 06:46:40
0.00116,0.1088,0.03204,0.00015,0.01223,1.0075,20.0,0.0092,0.0127,0.0649,0.009,0.0,96.45397,0.8587,0.0,1.55356,111.24,1.47,0.38177,0.45185,0.5728,1.74242,-0.69152,0.49153,0.13333,0.22486,0.25274,0.25572,0.96744,0.15,NORMAL,2026-09-10 06:46:40
0.00189,0.1073,0.03342,0.00017,0.01322,1.0095,20.0,0.0098,0.0127,0.0686,0.0793,0.0,172.37842,0.8626,0.0,1.49467,111.24,1.47,0.39559,0.25922,0.5693,1.71886,-0.95045,0.56251,0.13333,0.21679,0.24041,0.19708,0.94871,0.15,NORMAL,2026-09-10 06:46:50
0.00243,0.1164,0.03401,0.00014,0.01185,1.0343,20.0,0.0071,0.0087,0.1,0.0048,0.0,94.72518,0.91,0.0,0.91834,99.72,1.662,0.34827,-0.13213,0.5437,1.54788,-0.74245,0.64325,0.11667,0.23358,0.12832,0.22844,0.96442,0.23333,NORMAL,2026-09-10 06:46:50
0.00197,0.1308,0.03756,0.00014,0.01177,1.0164,20.0,0.0078,0.0144,0.0,0.0391,0.0,183.02471,0.8592,0.0,1.56062,113.76,1.182,0.31327,0.3844,0.6251,1.71877,-0.22331,0.31356,0.5,0.24344,0.31676,0.36968,0.96349,0.03333,NORMAL,2026-09-10 06:46:50
0.00077,0.1446,0.03356,0.00015,0.01211,1.0414,20.0,0.0095,0.0027,0.2183,0.0097,0.0,98.93728,0.8455,0.0,1.73209,148.68,1.776,0.36085,-0.28778,0.5272,1.63274,-0.47846,0.23845,0.5,0.28296,0.11825,0.6433,0.95538,0.48333,NORMAL,2026-09-10 06:46:50
0.00081,0.0861,0.03683,0.00011,0.01055,1.0247,20.0,0.0084,0.0133,0.0079,0.2651,0.0,137.59568,0.8409,0.0,1.80847,88.56,1.974,0.28634,0.16643,0.4969,1.54365,-0.57977,0.37516,0.46667,0.26882,0.13278,0.49205,0.96081,0.48333,NORMAL,2026-09-10 06:46:50
0.00106,0.0786,0.03604,0.00013,0.01154,1.0426,20.0,0.0086,0.0023,0.0661,0.3047,0.0,143.62615,0.868,0.0,1.435,84.6,1.284,0.32017,-0.18088,0.6012,1.56289,-0.01732,0.37828,0.13333,0.27822,0.14256,0.47916,0.9698,0.45,NORMAL,2026-09-10 06:47:00
0.001,0.1106,0.03451,0.00015,0.01239,1.0473,20.0,0.0086,0.0027,0.0166,0.0119,0.0,84.15662,0.8495,0.0,1.68508,148.68,1.776,0.35917,-0.22692,0.5273,1.58886,-0.43603,0.33753,0.5,0.27791,0.12922,0.53325,0.95896,0.25,NORMAL,2026-09-10 06:47:00
0.00216,0.1216,0.0377,0.00015,0.0121,1.015,20.0,0.0092,0.0114,0.0161,0.0112,0.0,183.02471,0.8367,0.0,1.85998,76.68,1.182,0.32107,0.23689,0.6248,1.70882,-0.20531,0.3599,0.5,0.25634,0.21424,0.42586,0.96566,0.48333,NORMAL,2026-09-10 06:47:00
0.00185,0.0844,0.03518,0.00014,0.01198,1.0324,20.0,0.0076,0.0087,0.5168,0.0388,0.0,94.72518,0.9096,0.0,0.91834,99.72,1.662,0.34065,-0.26878,0.5437,1.49994,-0.64795,0.6186,0.23333,0.24118,0.14421,0.23719,0.97284,0.11667,NORMAL,2026-09-10 06:47:00
0.00239,0.0899,0.03394,0.00017,0.01303,1.0196,20.0,0.008,0.0128,0.0045,0.0006,0.0,172.37842,0.8639,0.0,1.49467,111.24,1.47,0.38394,0.23175,0.5732,1.69895,-0.92733,0.61643,0.13333,0.24094,0.15448,0.22908,0.94833,0.26667,NORMAL,2026-09-10 06:47:00
0.00023,0.0736,0.03577,0.00017,0.01303,1.0535,20.0,0.0096,0.0023,0.0014,0.3568,0.0,143.62615,0.8673,0.0,1.435,92.88,1.362,0.36431,0.67648,0.5864,2.21368,2.10199,0.51102,0.5,0.26994,0.11965,0.36933,0.95635,0.13333,NORMAL,2026-09-10 06:47:10
0.0005,0.1146,0.0343,0.00024,0.01545,1.0486,20.0,0.0093,0.0007,0.0027,0.0451,0.0,156.63019,0.7872,0.0,2.6105,148.68,1.776,0.45045,1.03288,0.5269,2.68352,4.27457,0.55123,0.26667,0.2548,0.16062,0.28815,0.96103,0.25,NORMAL,2026-09-10 06:47:10
0.00325,0.1436,0.03663,0.00026,0.01605,1.0196,20.0,0.0077,0.0056,0.0031,0.0135,0.0,183.02471,0.8593,0.0,1.56062,124.56,1.674,0.43811,1.24016,0.5414,2.65165,4.34692,0.45324,0.48333,0.26492,0.11354,0.43323,0.97277,0.13333,NORMAL,2026-09-10 06:47:10
0.00257,0.1322,0.03599,0.00022,0.01485,1.0643,20.0,0.0078,0.0087,0.0128,0.067,0.0,94.72518,0.9094,0.0,0.91834,99.72,1.662,0.41275,1.52047,0.5433,2.73388,6.67174,0.49879,0.28333,0.24774,0.17695,0.32426,0.97383,0.36667,NORMAL,2026-09-10 06:47:10
0.00092,0.1278,0.03576,0.00025,0.01573,1.0299,20.0,0.0082,0.0102,0.003,0.0331,0.0,172.37842,0.8638,0.0,1.49467,111.24,1.47,0.44,1.11086,0.5737,2.59919,3.30728,0.5719,0.26667,0.24909,0.13369,0.29441,0.94104,0.25,NORMAL,2026-09-10 06:47:10
0.00128,0.125,0.03648,0.00023,0.01526,1.0389,20.0,0.0087,0.0102,0.0321,0.5467,0.0,172.37842,0.8634,0.0,1.49467,56.88,0.948,0.41829,1.12985,0.6645,2.56715,3.79046,0.48746,0.26667,0.26397,0.09601,0.41653,0.95697,0.43333,NORMAL,2026-09-10 06:47:20
0.00166,0.1216,0.03687,0.00023,0.01519,1.0411,20.0,0.0095,0.0087,0.2561,0.0679,0.0,95.83847,0.9052,0.0,0.9525,99.72,1.662,0.41189,1.48899,0.5434,2.66869,5.91178,0.4288,0.38333,0.26603,0.11021,0.46098,0.96942,0.5,NORMAL,2026-09-10 06:47:20
0.00167,0.1623,0.03687,0.00026,0.01618,1.0387,20.0,0.0096,0.0056,0.3106,0.1398,0.0,183.02471,0.8579,0.0,1.56062,100.08,1.668,0.43897,1.20193,0.5376,2.63368,4.06,0.57182,0.23333,0.27636,0.04054,0.38764,0.95248,0.13333,NORMAL,2026-09-10 06:47:20
0.00151,0.1266,0.03486,0.00024,0.01548,1.0602,20.0,0.0097,0.0007,0.0504,0.0097,0.0,78.50202,0.8798,0.0,1.26991,148.68,1.776,0.44406,0.9865,0.5267,2.64661,4.09913,0.49798,0.26667,0.24626,0.19236,0.30966,0.95516,0.33333,NORMAL,2026-09-10 06:47:20
0.00072,0.1058,0.0355,0.00016,0.01283,1.0536,20.0,0.0092,0.0023,0.009,0.0027,0.0,145.81844,0.8391,0.0,1.82464,92.88,1.362,0.3613,0.73313,0.5925,2.23295,2.46118,0.48333,0.5,0.27333,0.09434,0.42233,0.95643,0.15,NORMAL,2026-09-10 06:47:20
0.00054,0.0986,0.03552,0.00016,0.01284,1.0713,20.0,0.0086,0.0023,0.0337,0.1579,0.0,157.99112,0.8677,0.0,1.43901,92.88,1.362,0.36154,0.60337,0.5879,2.23174,2.467,0.4538,0.5,0.2843,0.06904,0.47716,0.9477,0.48333,NORMAL,2026-09-10 06:47:30
0.00167,0.1446,0.03468,0.00024,0.01545,1.0491,20.0,0.0107,0.0007,0.1011,0.4807,0.0,105.55796,0.8984,0.0,1.02433,148.68,1.29,0.44541,1.01964,0.5951,2.65904,4.19076,0.37611,0.31667,0.23668,0.20556,0.41833,0.96425,0.33333,NORMAL,2026-09-10 06:47:30
0.00325,0.1665,0.03914,0.00043,0.0208,1.0448,20.0,0.0163,0.0056,0.671,0.6285,0.0,140.01681,0.8439,0.0,1.22789,92.16,1.182,0.53152,2.35324,0.6039,3.16867,8.94813,0.56323,0.23333,0.26483,0.08773,0.34905,0.97882,0.28333,NORMAL,2026-09-10 06:47:30
0.0033,0.1188,0.03674,0.00024,0.01557,1.0685,20.0,0.0109,0.0087,0.5881,0.6469,0.0,95.83847,0.8812,0.0,0.9525,59.04,0.834,0.42371,1.34266,0.6842,2.66741,5.22683,0.41818,0.38333,0.27262,0.09524,0.48658,0.97285,0.18333,NORMAL,2026-09-10 06:47:30
0.00211,0.0991,0.03754,0.00023,0.01504,1.044,20.0,0.0103,0.0102,0.0128,0.4611,0.0,172.37842,0.8026,0.0,2.35671,111.96,1.866,0.40073,1.03974,0.5093,2.51008,3.79966,0.39849,0.43333,0.28705,0.0505,0.55101,0.9476,0.31667,NORMAL,2026-09-10 06:47:30
0.00078,0.1113,0.03555,0.00018,0.01343,1.0831,20.0,0.0088,0.0023,0.0424,0.2854,0.0,157.99112,0.8675,0.0,1.43901,92.88,1.362,0.37779,0.49548,0.5873,2.21807,1.78001,0.41847,0.5,0.29185,0.05047,0.53106,0.9602,0.28333,NORMAL,2026-09-10 06:47:40
0.00257,0.1286,0.03586,0.00032,0.0178,1.0624,20.0,0.0141,0.0007,0.471,0.7427,0.0,105.55796,0.8634,0.0,1.1095,148.68,1.326,0.49634,1.36609,0.5797,2.54726,4.25381,0.4405,0.35,0.23838,0.18209,0.37741,0.97074,0.31667,WARNING,2026-09-10 06:47:40
0.00426,0.1664,0.03793,0.00042,0.02056,1.0509,20.0,0.0225,0.0056,0.9033,0.7104,1.0,140.01681,0.8205,0.5,1.22789,93.6,1.434,0.54202,2.54063,0.5566,3.25623,10.08377,0.55082,0.23333,0.26046,0.12839,0.32079,0.94412,0.38333,WARNING,2026-09-10 06:47:40
0.00384,0.1147,0.03732,0.00023,0.01514,1.0762,20.0,0.0144,0.0091,0.6817,0.7976,1.0,95.83847,0.8677,0.5,0.97401,72.72,1.248,0.40581,1.49042,0.5957,2.64277,5.75431,0.45166,0.4,0.26683,0.11199,0.43635,0.9753,0.38333,WARNING,2026-09-10 06:47:40
0.00188,0.1642,0.03694,0.0002,0.01408,1.0573,20.0,0.0125,0.0102,0.4452,0.5827,2.0,172.37842,0.84,1.0,1.49467,70.56,1.176,0.38104,1.44491,0.6152,2.5678,5.7265,0.39756,0.33333,0.28384,0.043,0.55944,0.95935,0.35,NORMAL,2026-09-10 06:47:40
0.00142,0.1324,0.03667,0.00021,0.01442,1.0676,20.0,0.0122,0.0102,0.6151,0.6405,2.0,134.46711,0.8446,1.0,1.38833,146.16,2.436,0.39323,1.49782,0.4418,2.57638,5.54058,0.49588,0.13333,0.26191,0.09335,0.41078,0.97299,0.35,NORMAL,2026-09-10 06:47:50
0.00345,0.1346,0.03765,0.00023,0.01509,1.0867,20.0,0.0146,0.0143,0.6139,0.7934,1.0,95.83847,0.8616,0.5,1.06715,59.04,0.834,0.40079,1.56109,0.679,2.62352,5.55598,0.48142,0.4,0.26042,0.11492,0.40366,0.94983,0.28333,WARNING,2026-09-10 06:47:50
0.00385,0.1924,0.0405,0.0011,0.03318,1.0616,20.0,0.0269,0.0056,0.9552,0.9421,2.0,105.72316,0.8056,1.0,1.24209,115.2,1.392,0.81927,3.98636,0.5533,4.51735,19.42309,0.48458,0.3,0.26522,0.14385,0.37157,0.96092,0.38333,WARNING,2026-09-10 06:47:50
0.00217,0.1421,0.03565,0.00032,0.01801,1.0861,20.0,0.0159,0.0001,0.667,0.7451,1.0,105.55796,0.8513,0.3333,1.14166,122.4,1.326,0.50512,1.31842,0.5781,2.5534,4.05773,0.45915,0.28333,0.25538,0.18399,0.35686,0.97997,0.21667,WARNING,2026-09-10 06:47:50
0.00047,0.1103,0.03537,0.0002,0.01404,1.0969,20.0,0.009,0.0023,0.1736,0.4175,1.0,157.99112,0.8674,1.0,1.43901,92.88,1.362,0.39708,0.63826,0.5859,2.21534,1.55328,0.31889,0.5,0.28928,0.06189,0.61922,0.9638,0.33333,NORMAL,2026-09-10 06:47:50
0.00016,0.144,0.03621,0.0002,0.01414,1.1057,20.0,0.0094,0.0133,0.5156,0.6361,1.0,157.99112,0.8501,1.0,1.43901,93.96,1.362,0.39046,0.94657,0.5805,2.16835,1.51467,0.42141,0.23333,0.26759,0.10473,0.47386,0.9729,0.38333,NORMAL,2026-09-10 06:48:00
0.00133,0.1376,0.03539,0.00031,0.0177,1.0999,20.0,0.0158,0.0001,0.7029,0.5688,1.0,105.55796,0.8507,0.3333,1.14166,122.4,1.326,0.50025,1.40316,0.5813,2.57712,4.57891,0.37676,0.28333,0.2677,0.2084,0.41485,0.97601,0.5,WARNING,2026-09-10 06:48:00
0.00477,0.231,0.04076,0.0011,0.03322,1.0647,20.0,0.025,0.0056,0.9388,0.927,2.0,105.72316,0.8258,1.0,1.02904,115.2,1.392,0.81505,3.95015,0.5516,4.49719,19.17155,0.43588,0.31667,0.25468,0.19292,0.3712,0.96435,0.26667,WARNING,2026-09-10 06:48:00
0.00542,0.1433,0.0363,0.00025,0.01574,1.1189,20.0,0.0115,0.0022,0.4801,0.5863,1.0,113.71645,0.8565,0.5,1.2887,76.32,1.272,0.43371,1.37457,0.5963,2.69013,5.12115,0.45274,0.4,0.26838,0.12695,0.42031,0.96285,0.28333,WARNING,2026-09-10 06:48:00
0.0023,0.1188,0.03422,0.00025,0.01567,1.055,20.0,0.0111,0.0005,0.67,0.4212,2.0,134.46711,0.8662,1.0,1.12056,115.2,1.272,0.45813,1.21238,0.5997,2.69823,4.57798,0.5464,0.13333,0.21385,0.25218,0.20142,0.96328,0.15,NORMAL,2026-09-10 06:48:00
4e-05,0.0876,0.03514,0.00016,0.01253,1.0998,20.0,0.0069,0.0133,0.3339,0.714,1.0,157.99112,0.869,1.0,1.43901,93.96,0.918,0.35664,0.63328,0.6647,1.95335,0.68223,0.4364,0.23333,0.27491,0.09336,0.47024,0.96941,0.38333,NORMAL,2026-09-10 06:48:10
0.00279,0.1854,0.03562,0.0003,0.01736,1.1136,20.0,0.0123,0.0001,0.4472,0.6513,1.0,129.48294,0.8534,0.3333,1.31248,118.8,1.326,0.48728,1.62813,0.5801,2.57328,5.09592,0.37757,0.5,0.25981,0.258,0.36443,0.97683,0.06667,WARNING,2026-09-10 06:48:10
0.00493,0.2341,0.04478,0.00174,0.04176,1.0566,20.0,0.0274,0.0106,0.9479,0.9483,2.0,105.72316,0.8097,1.0,1.15841,115.2,1.392,0.93257,4.0048,0.5499,4.20167,16.36933,0.46031,0.05,0.25035,0.20993,0.32976,0.98361,0.15,WARNING,2026-09-10 06:48:10
0.00431,0.1287,0.03671,0.00018,0.01339,1.1127,20.0,0.0144,0.0022,0.6443,0.7059,1.0,113.71645,0.839,0.5,1.37819,91.44,1.524,0.36471,-0.05854,0.551,1.77764,-0.12447,0.33536,0.45,0.2427,0.2677,0.39693,0.97237,0.46667,WARNING,2026-09-10 06:48:10
0.00148,0.1037,0.03342,0.00019,0.01364,1.0659,20.0,0.0101,0.0005,0.6035,0.535,2.0,134.46711,0.8703,1.0,1.12115,115.2,1.176,0.40817,0.34321,0.6163,1.99444,0.82635,0.54689,0.15,0.22788,0.2217,0.23141,0.95567,0.13333,NORMAL,2026-09-10 06:48:10
0.00476,0.1324,0.03467,0.00015,0.01242,1.1208,20.0,0.0117,0.0022,0.4853,0.6017,1.0,113.71645,0.8492,0.5,1.37819,96.12,1.602,0.35835,-0.1614,0.5395,1.69313,-0.38653,0.26051,0.08333,0.25131,0.33974,0.39976,0.9613,0.46667,WARNING,2026-09-10 06:48:20
0.0049,0.2539,0.04427,0.00175,0.0418,1.0624,20.0,0.0272,0.0106,0.9406,0.9139,2.0,105.72316,0.8106,1.0,1.15841,143.64,2.394,0.94405,4.02527,0.4309,4.226,16.50748,0.475,0.13333,0.24887,0.19861,0.32638,0.95434,0.05,WARNING,2026-09-10 06:48:20
0.00118,0.1312,0.03465,0.00025,0.01575,1.0644,20.0,0.0101,0.0005,0.4516,0.4693,2.0,134.46711,0.8291,1.0,1.72795,115.2,1.176,0.45455,1.09124,0.6167,2.53599,3.15594,0.40245,0.13333,0.2162,0.3363,0.26125,0.97423,0.0,NORMAL,2026-09-10 06:48:20
0.0004,0.1133,0.03547,0.00017,0.01299,1.103,20.0,0.0075,0.0133,0.4253,0.6095,1.0,61.89547,0.9004,1.0,1.03159,132.48,1.104,0.36613,0.72663,0.6274,1.92904,0.58772,0.35446,0.36667,0.28047,0.07449,0.57105,0.9671,0.5,NORMAL,2026-09-10 06:48:20
0.00248,0.1476,0.03672,0.00039,0.01984,1.1056,20.0,0.0151,0.0001,0.5466,0.5652,1.0,87.48085,0.8339,0.3333,1.45801,106.56,1.326,0.54044,1.95026,0.5831,2.73196,5.42081,0.35945,0.5,0.24672,0.28107,0.35947,0.97827,0.06667,WARNING,2026-09-10 06:48:20
0.0015,0.1367,0.03339,0.00026,0.01597,1.0804,20.0,0.0096,0.0005,0.3134,0.5703,2.0,96.88276,0.8318,1.0,1.92724,115.2,1.278,0.47828,1.16074,0.5968,2.60818,3.25811,0.32766,0.03333,0.23462,0.33887,0.33347,0.96935,0.01667,NORMAL,2026-09-10 06:48:30
0.00544,0.1535,0.03456,0.00014,0.01196,1.1362,20.0,0.0113,0.0022,0.4192,0.6467,1.0,113.71645,0.8516,0.5,1.37819,104.04,2.016,0.346,-0.29945,0.4834,1.70525,0.05575,0.21972,0.08333,0.24982,0.36816,0.41212,0.95407,0.1,WARNING,2026-09-10 06:48:30
0.00596,0.2162,0.04137,0.00162,0.04031,1.0726,20.0,0.0271,0.0041,0.883,0.9075,2.0,137.99406,0.7438,1.0,2.2999,115.2,1.614,0.97433,4.45225,0.5173,4.45528,20.28273,0.42528,0.13333,0.25627,0.18383,0.39088,0.98539,0.21667,WARNING,2026-09-10 06:48:30
0.00254,0.1544,0.03826,0.00038,0.01961,1.1105,20.0,0.014,0.0001,0.5127,0.6221,1.0,81.62018,0.8443,0.3333,1.36034,113.04,1.326,0.51262,1.82961,0.5815,2.65182,5.19475,0.28624,0.35,0.26334,0.17996,0.53381,0.96191,0.33333,WARNING,2026-09-10 06:48:30
4e-05,0.1176,0.03492,0.00019,0.01368,1.096,20.0,0.0088,0.0075,0.2246,0.5603,1.0,68.33601,0.8506,1.0,1.66811,132.48,1.5,0.39188,0.518,0.5577,1.94329,0.42791,0.35196,0.36667,0.28202,0.06928,0.57876,0.96311,0.5,NORMAL,2026-09-10 06:48:30
0.0002,0.1261,0.03549,0.00024,0.01557,1.1123,20.0,0.0078,0.0075,0.182,0.3678,1.0,217.8139,0.8381,1.0,1.85309,132.48,1.5,0.43874,1.18369,0.5612,2.45738,2.66467,0.50078,0.3,0.27805,0.07819,0.42104,0.97081,0.21667,NORMAL,2026-09-10 06:48:40
0.00414,0.1853,0.039,0.00031,0.01764,1.1351,20.0,0.015,0.0001,0.5381,0.5984,1.0,78.74879,0.8358,0.3333,1.43785,113.04,1.152,0.45214,1.70003,0.6134,2.66235,6.22432,0.33556,0.35,0.26248,0.16749,0.49695,0.96036,0.36667,WARNING,2026-09-10 06:48:40
0.00581,0.2468,0.04507,0.00257,0.05069,1.0784,20.0,0.0271,0.0041,0.9091,0.9223,2.0,91.26272,0.8046,1.0,1.26978,133.2,2.466,1.1247,3.7718,0.421,4.12928,13.45866,0.41132,0.48333,0.25958,0.18261,0.40607,0.99058,0.2,WARNING,2026-09-10 06:48:40
0.00527,0.165,0.03385,0.00016,0.01259,1.1545,20.0,0.0125,0.0016,0.5568,0.7384,1.0,113.71645,0.8426,0.5,1.42152,96.12,1.602,0.37191,-0.46221,0.5348,1.7267,0.11218,0.23258,0.5,0.26071,0.24689,0.52054,0.95679,0.35,WARNING,2026-09-10 06:48:40
0.00119,0.1631,0.03444,0.00027,0.01658,1.0865,20.0,0.0087,0.0005,0.3733,0.7418,2.0,96.88276,0.897,1.0,1.06138,115.2,0.96,0.48145,0.97844,0.6567,2.52584,2.29393,0.37293,0.2,0.23484,0.27849,0.34858,0.96422,0.03333,NORMAL,2026-09-10 06:48:40
0.0003,0.1133,0.03422,0.00022,0.01496,1.1083,20.0,0.0096,0.0075,0.2875,0.1499,1.0,217.8139,0.8369,1.0,1.85309,132.48,1.5,0.43721,1.29909,0.565,2.54988,3.60884,0.52097,0.21667,0.27871,0.08658,0.39245,0.95843,0.3,NORMAL,2026-09-10 06:48:50
0.00308,0.1955,0.04011,0.00037,0.01929,1.1371,20.0,0.0158,0.0104,0.6856,0.7953,1.0,78.74879,0.8389,0.3333,1.31248,132.84,1.686,0.48108,2.16703,0.5226,2.56095,6.05882,0.40631,0.36667,0.26291,0.12389,0.4698,0.95793,0.45,WARNING,2026-09-10 06:48:50
0.00601,0.25,0.04399,0.00248,0.04985,1.1053,20.0,0.0263,0.0041,0.8864,0.9311,2.0,91.26272,0.8148,1.0,1.15841,117.72,2.232,1.13329,3.85677,0.4434,4.21343,14.0614,0.38707,0.48333,0.24685,0.21987,0.39306,0.96179,0.06667,WARNING,2026-09-10 06:48:50
0.00638,0.1662,0.0356,0.00034,0.01848,1.1588,20.0,0.0157,0.0016,0.706,0.713,1.0,82.69129,0.8342,0.5,1.37819,96.12,1.602,0.51916,3.03183,0.5346,3.56171,17.08417,0.27177,0.35,0.28279,0.12451,0.60372,0.96719,0.36667,WARNING,2026-09-10 06:48:50
0.0022,0.1425,0.03412,0.00028,0.01678,1.0998,20.0,0.0118,0.0005,0.5549,0.722,2.0,96.88276,0.871,1.0,1.06138,115.2,0.96,0.49189,1.24979,0.653,2.53922,2.80264,0.4002,0.2,0.22677,0.23419,0.36561,0.95711,0.43333,NORMAL,2026-09-10 06:48:50
0.00197,0.1254,0.03547,0.00025,0.01596,1.1214,20.0,0.0107,0.0092,0.3987,0.8372,2.0,96.88276,0.8772,1.0,1.06138,92.52,0.948,0.44984,1.46008,0.658,2.48181,3.07263,0.41929,0.31667,0.25358,0.13269,0.44801,0.95686,0.2,NORMAL,2026-09-10 06:49:00
0.00582,0.1833,0.03681,0.00034,0.01834,1.1721,20.0,0.0167,0.0016,0.7801,0.3891,1.0,104.74244,0.8051,0.5,1.74571,96.12,1.602,0.49832,3.01571,0.5428,3.47274,16.78494,0.40778,0.25,0.25237,0.17097,0.42125,0.96506,0.33333,WARNING,2026-09-10 06:49:00
0.00702,0.2533,0.04364,0.00249,0.0499,1.1033,20.0,0.0242,0.0041,0.8852,0.9317,2.0,91.26272,0.802,1.0,1.44424,110.52,1.842,1.14322,3.8631,0.4851,4.22569,14.10724,0.44034,0.25,0.26683,0.13428,0.42538,0.9752,0.48333,WARNING,2026-09-10 06:49:00
0.00369,0.1935,0.0406,0.0004,0.02006,1.1478,20.0,0.0168,0.0104,0.7512,0.8228,1.0,72.22583,0.8459,0.3333,1.15278,132.84,1.686,0.49415,1.90968,0.5244,2.51691,4.76105,0.39012,0.45,0.28141,0.06065,0.54923,0.95427,0.36667,WARNING,2026-09-10 06:49:00
0.00109,0.1306,0.03252,0.00021,0.01459,1.1458,20.0,0.01,0.0059,0.2461,0.4751,1.0,217.8139,0.8366,1.0,1.85309,132.48,1.5,0.44876,1.26948,0.56,2.67162,4.24262,0.42103,0.21667,0.2532,0.20509,0.37388,0.97987,0.2,NORMAL,2026-09-10 06:49:00
0.00152,0.1106,0.03285,0.00021,0.01443,1.1528,20.0,0.0088,0.0059,0.271,0.3906,1.0,217.8139,0.8374,1.0,1.85309,132.48,1.5,0.43937,1.25824,0.5593,2.65401,4.43558,0.37862,0.08333,0.2419,0.30168,0.3197,0.96087,0.2,NORMAL,2026-09-10 06:49:10
0.00436,0.1869,0.0406,0.00046,0.02155,1.1577,20.0,0.014,0.0104,0.7672,0.8374,1.0,69.16658,0.8536,0.3333,1.15278,132.84,1.686,0.53074,2.03428,0.5209,2.65063,5.20405,0.32904,0.36667,0.29184,0.04691,0.62405,0.93907,0.43333,WARNING,2026-09-10 06:49:10
0.00493,0.2914,0.03914,0.00172,0.04151,1.1227,20.0,0.0244,0.0041,0.8908,0.899,2.0,85.53334,0.838,1.0,0.8972,110.52,1.842,1.06071,4.73507,0.4873,4.90866,22.84541,0.46645,0.25,0.26139,0.12917,0.40438,0.96666,0.5,WARNING,2026-09-10 06:49:10
0.00466,0.1567,0.03746,0.00048,0.02189,1.1658,20.0,0.0168,0.0016,0.7806,0.5763,1.0,71.69435,0.8422,0.5,1.19491,96.12,1.602,0.58445,2.92319,0.5381,3.29341,11.76634,0.52209,0.11667,0.25002,0.1458,0.33211,0.97652,0.1,WARNING,2026-09-10 06:49:10
0.00175,0.1591,0.03635,0.0003,0.01735,1.1267,20.0,0.0105,0.0092,0.3517,0.7697,2.0,96.88276,0.8788,1.0,1.06138,92.52,1.518,0.47722,2.12981,0.5539,2.69565,5.91198,0.45261,0.31667,0.23876,0.19096,0.35643,0.98169,0.21667,NORMAL,2026-09-10 06:49:10
0.00094,0.1307,0.03427,0.00025,0.01595,1.1554,20.0,0.0113,0.0059,0.4361,0.2504,1.0,217.8139,0.8181,1.0,1.85309,127.08,1.5,0.46538,1.37651,0.5608,2.52002,4.05028,0.36747,0.18333,0.21339,0.40301,0.22952,0.95746,0.01667,NORMAL,2026-09-10 06:49:20
0.00264,0.1918,0.04092,0.00061,0.02475,1.1576,20.0,0.0149,0.0104,0.7942,0.8257,1.0,82.607,0.8346,0.3333,1.37678,132.84,1.686,0.60475,2.52979,0.5216,3.25023,8.17826,0.35664,0.36667,0.28924,0.06353,0.57983,0.93379,0.38333,WARNING,2026-09-10 06:49:20
0.0058,0.2775,0.04041,0.00192,0.04387,1.1349,20.0,0.025,0.0041,0.894,0.8906,2.0,85.53334,0.8322,1.0,0.95503,110.52,1.842,1.0855,4.17632,0.4913,4.69541,17.87018,0.48102,0.38333,0.25732,0.1359,0.38308,0.95255,0.25,WARNING,2026-09-10 06:49:20
0.00631,0.1753,0.0384,0.0005,0.02246,1.1875,20.0,0.015,0.0016,0.7374,0.4875,1.0,71.69435,0.8483,0.5,1.19491,126.72,1.056,0.58498,2.68585,0.6365,3.21263,10.0262,0.53739,0.38333,0.25067,0.14081,0.3218,0.96195,0.2,WARNING,2026-09-10 06:49:20
0.00205,0.1678,0.03539,0.00025,0.01573,1.1273,20.0,0.0115,0.0092,0.4595,0.9143,2.0,56.95791,0.896,1.0,0.77728,92.52,0.948,0.44458,2.09429,0.6547,2.8026,7.09072,0.42462,0.03333,0.23554,0.27505,0.30033,0.97969,0.11667,NORMAL,2026-09-10 06:49:20
0.00253,0.1549,0.03813,0.0004,0.01999,1.133,20.0,0.0116,0.007,0.3949,0.7641,2.0,89.55105,0.8744,1.0,1.07052,92.52,1.47,0.52415,2.02156,0.5603,2.63189,4.75794,0.38642,0.23333,0.25121,0.23146,0.38212,0.9768,0.5,NORMAL,2026-09-10 06:49:30
0.00728,0.1778,0.03797,0.00054,0.02332,1.21,20.0,0.0136,0.0016,0.7212,0.537,1.0,71.69435,0.8526,0.5,1.19491,126.72,1.056,0.61423,2.44848,0.6352,3.20718,8.42573,0.45821,0.38333,0.24926,0.17881,0.36298,0.96332,0.2,WARNING,2026-09-10 06:49:30
0.00389,0.2067,0.04316,0.00079,0.02807,1.1728,20.0,0.0133,0.0104,0.7697,0.8647,1.0,66.67252,0.8678,0.3333,0.9903,132.84,1.686,0.6503,2.09718,0.5186,3.02023,4.66403,0.39998,0.36667,0.26404,0.14107,0.45895,0.97081,0.25,WARNING,2026-09-10 06:49:30
0.00143,0.129,0.03458,0.00024,0.0156,1.1718,20.0,0.013,0.0059,0.5937,0.4795,1.0,217.8139,0.8111,1.0,1.85309,127.08,1.176,0.45099,1.53271,0.6148,2.51016,4.40083,0.37414,0.01667,0.23228,0.29945,0.32641,0.97366,0.11667,NORMAL,2026-09-10 06:49:30
0.00756,0.3121,0.04325,0.00219,0.04676,1.1287,20.0,0.0257,0.0063,0.8866,0.9008,2.0,85.53334,0.7727,1.0,1.85456,110.52,1.842,1.08105,3.64677,0.4924,4.39697,13.31426,0.29878,0.01667,0.22571,0.39649,0.30473,0.96232,0.0,WARNING,2026-09-10 06:49:30
0.00262,0.1236,0.03435,0.0002,0.01426,1.1747,20.0,0.0121,0.0059,0.5839,0.1818,1.0,118.09329,0.806,1.0,1.96822,127.08,1.176,0.41521,1.06795,0.62,2.42007,2.71806,0.42292,0.31667,0.24675,0.20076,0.37632,0.96666,0.13333,NORMAL,2026-09-10 06:49:40
0.00583,0.2381,0.04265,0.00077,0.02781,1.1725,20.0,0.0144,0.0112,0.7449,0.7097,1.0,63.1634,0.8171,0.3333,1.66825,66.6,1.11,0.65211,2.23883,0.6206,3.05408,5.07156,0.32519,0.11667,0.25408,0.24998,0.42483,0.96437,0.1,WARNING,2026-09-10 06:49:40
0.00812,0.2843,0.03961,0.00123,0.03501,1.1275,20.0,0.0255,0.0063,0.908,0.9254,2.0,85.53334,0.7763,1.0,1.79341,110.52,1.842,0.8837,3.80501,0.4915,4.23779,15.11901,0.32335,0.33333,0.25143,0.20484,0.4718,0.97832,0.35,WARNING,2026-09-10 06:49:40
0.00762,0.1957,0.03964,0.00074,0.02715,1.2168,20.0,0.0126,0.0062,0.5926,0.4616,1.0,71.69435,0.8581,0.5,1.19491,126.72,1.596,0.6851,2.08096,0.543,2.97601,4.66626,0.41249,0.41667,0.25227,0.1968,0.39071,0.95451,0.4,WARNING,2026-09-10 06:49:40
0.00158,0.1831,0.03877,0.00044,0.02107,1.1351,20.0,0.0109,0.007,0.5259,0.8032,2.0,89.55105,0.8732,1.0,1.07052,79.92,0.756,0.54345,1.82947,0.7047,2.56772,3.56573,0.45784,0.23333,0.27384,0.10316,0.439,0.95168,0.43333,NORMAL,2026-09-10 06:49:40
0.00218,0.1414,0.03972,0.00046,0.02145,1.1395,20.0,0.0134,0.007,0.6965,0.2658,2.0,118.68163,0.813,1.0,1.78444,88.56,1.86,0.53998,1.76741,0.5106,2.51001,3.27301,0.53617,0.43333,0.27129,0.06976,0.39407,0.97199,0.28333,NORMAL,2026-09-10 06:49:50
0.00241,0.1253,0.0347,0.0002,0.01402,1.1639,20.0,0.0133,0.0059,0.5497,0.0671,1.0,94.77644,0.848,1.0,1.32146,127.08,1.2,0.40391,1.02911,0.6214,2.40492,2.94077,0.45729,0.3,0.25184,0.1587,0.38402,0.96716,0.13333,NORMAL,2026-09-10 06:49:50
0.00579,0.2209,0.04183,0.00071,0.02657,1.185,20.0,0.0142,0.0055,0.7807,0.6222,1.0,59.41815,0.8649,0.3333,0.9903,46.8,0.75,0.63519,2.33143,0.7044,3.1375,6.25111,0.2945,0.48333,0.25169,0.27105,0.43445,0.98492,0.03333,WARNING,2026-09-10 06:49:50
0.00742,0.327,0.04587,0.00252,0.05017,1.1482,20.0,0.0247,0.0063,0.9202,0.9414,2.0,105.05116,0.8209,1.0,1.12069,110.52,1.842,1.09373,3.67141,0.4888,4.10838,13.36171,0.36548,0.33333,0.2553,0.15695,0.47756,0.9531,0.11667,WARNING,2026-09-10 06:49:50
0.008,0.172,0.03756,0.00058,0.02403,1.2227,20.0,0.0123,0.0062,0.6594,0.7109,1.0,80.43424,0.838,0.5,1.46692,126.72,1.056,0.63981,1.8789,0.6302,2.89544,4.34526,0.3306,0.36667,0.25117,0.23719,0.43221,0.96817,0.26667,WARNING,2026-09-10 06:49:50
0.00273,0.1812,0.04111,0.00043,0.02081,1.1687,20.0,0.0151,0.007,0.8079,0.4087,2.0,237.69106,0.7815,1.0,2.17708,88.56,0.756,0.50616,1.79657,0.7136,2.45881,3.48885,0.65323,0.28333,0.27128,0.03035,0.31642,0.93345,0.26667,NORMAL,2026-09-10 06:50:00
0.0069,0.2219,0.03643,0.00057,0.02388,1.2286,20.0,0.0141,0.0062,0.6519,0.6778,1.0,66.29822,0.8677,0.5,0.99188,126.72,1.056,0.65552,2.05571,0.6373,2.96445,4.87434,0.27682,0.35,0.26344,0.18804,0.53514,0.95536,0.36667,WARNING,2026-09-10 06:50:00
0.00468,0.2421,0.0413,0.00067,0.02598,1.1964,20.0,0.0126,0.0055,0.6293,0.5089,1.0,61.2627,0.8702,0.3333,1.02105,110.52,1.842,0.62901,2.53931,0.5074,3.18654,7.2589,0.35279,0.48333,0.24935,0.24693,0.40028,0.97762,0.03333,WARNING,2026-09-10 06:50:00
0.00219,0.1577,0.03562,0.00018,0.01348,1.1902,20.0,0.0113,0.0113,0.3815,0.4448,1.0,94.77644,0.8689,1.0,1.15602,127.08,1.092,0.37854,1.20349,0.6353,2.36299,3.19539,0.39867,0.13333,0.26509,0.12476,0.47657,0.95624,0.38333,NORMAL,2026-09-10 06:50:00
0.00812,0.323,0.04558,0.00252,0.05016,1.1505,20.0,0.0275,0.0063,0.9306,0.9574,2.0,105.05116,0.8049,1.0,1.23542,96.48,0.948,1.10044,3.69205,0.6238,4.1204,13.4515,0.29262,0.46667,0.25657,0.21963,0.48775,0.96624,0.11667,WARNING,2026-09-10 06:50:00
0.00265,0.1685,0.03491,0.00021,0.01435,1.2121,20.0,0.0085,0.0085,0.0209,0.4773,1.0,82.23591,0.8729,1.0,1.3706,56.52,0.714,0.41117,1.06589,0.72,2.38471,2.3812,0.31355,0.4,0.26034,0.15823,0.52821,0.95381,0.45,NORMAL,2026-09-10 06:50:10
0.00611,0.2247,0.04169,0.00055,0.02336,1.2028,20.0,0.0121,0.0055,0.516,0.5524,1.0,59.41815,0.8764,0.3333,0.9903,144.72,2.598,0.56025,2.8015,0.4233,3.25239,10.0543,0.42039,0.48333,0.23433,0.27937,0.30024,0.95644,0.01667,WARNING,2026-09-10 06:50:10
0.00783,0.3448,0.04705,0.0025,0.04997,1.1525,20.0,0.0255,0.0063,0.9202,0.9488,2.0,105.05116,0.811,1.0,1.23542,96.48,0.948,1.06208,3.64905,0.6239,4.06842,13.26603,0.19171,0.46667,0.25626,0.30641,0.50189,0.96384,0.05,WARNING,2026-09-10 06:50:10
0.00773,0.1983,0.03678,0.00077,0.02773,1.2452,20.0,0.0126,0.0014,0.6168,0.6745,1.0,91.36682,0.8701,0.5,1.02546,66.96,1.056,0.75374,2.10687,0.6341,3.11815,4.67433,0.26375,0.35,0.25708,0.18059,0.55566,0.96449,0.33333,WARNING,2026-09-10 06:50:10
0.00204,0.1676,0.03986,0.00036,0.01907,1.1541,20.0,0.0149,0.007,0.7386,0.3442,2.0,237.69106,0.7833,1.0,2.17708,88.56,1.674,0.47831,1.75803,0.5365,2.56357,3.99761,0.68361,0.28333,0.27695,0.02857,0.28783,0.93722,0.26667,NORMAL,2026-09-10 06:50:10
0.00803,0.1948,0.03745,0.00087,0.02942,1.2363,20.0,0.0134,0.0014,0.6423,0.6096,1.0,95.47272,0.845,0.5,1.33179,67.68,1.206,0.78551,2.12001,0.6075,3.01647,4.22304,0.20856,0.31667,0.24773,0.29261,0.49883,0.96118,0.41667,WARNING,2026-09-10 06:50:20
0.00752,0.3656,0.04553,0.0023,0.04801,1.165,20.0,0.0267,0.0084,0.9209,0.9412,2.0,105.05116,0.8077,1.0,1.23542,96.48,1.014,1.05447,4.06307,0.6145,4.22041,16.27196,0.15489,0.05,0.25514,0.34833,0.49678,0.9641,0.03333,WARNING,2026-09-10 06:50:20
0.00331,0.1851,0.0389,0.00039,0.01978,1.1574,20.0,0.0148,0.0028,0.66,0.5698,2.0,237.69106,0.7852,1.0,2.17708,88.56,0.942,0.50846,1.5882,0.6629,2.59624,3.59328,0.59408,0.28333,0.2793,0.056,0.34993,0.95969,0.3,NORMAL,2026-09-10 06:50:20
0.00116,0.1456,0.03217,0.00015,0.0122,1.1796,20.0,0.0106,0.0085,0.1853,0.4441,1.0,72.52252,0.8838,1.0,1.20871,56.52,0.792,0.37926,0.60644,0.701,2.02472,0.40199,0.30154,0.33333,0.26782,0.11509,0.58337,0.95624,0.35,NORMAL,2026-09-10 06:50:20
0.00636,0.2421,0.043,0.00052,0.02272,1.2098,20.0,0.0135,0.0055,0.6181,0.5814,1.0,92.17996,0.8668,0.3333,1.03837,79.2,1.32,0.52828,2.84176,0.5803,3.16421,10.29544,0.31417,0.0,0.21738,0.45819,0.22765,0.9436,0.01667,WARNING,2026-09-10 06:50:20
0.00858,0.2065,0.03708,0.00085,0.02918,1.2399,20.0,0.0141,0.0014,0.6479,0.6825,1.0,95.47272,0.8379,0.5,1.40589,144.0,1.2,0.78684,2.19174,0.6041,3.04476,4.57647,0.21458,0.06667,0.25713,0.28483,0.50058,0.96303,0.08333,WARNING,2026-09-10 06:50:30
0.00265,0.2047,0.03592,0.00024,0.01541,1.1626,20.0,0.0109,0.0028,0.5242,0.605,2.0,237.69106,0.7964,1.0,2.17708,88.56,1.032,0.42893,1.33363,0.6421,2.42095,3.75939,0.3448,0.28333,0.26584,0.19266,0.46254,0.95684,0.38333,NORMAL,2026-09-10 06:50:30
0.00881,0.3583,0.0437,0.00204,0.04514,1.1591,20.0,0.0266,0.0126,0.8942,0.95,2.0,105.05116,0.8038,1.0,1.31315,96.48,0.948,1.03297,4.63705,0.6266,4.44358,21.34773,0.16309,0.05,0.25464,0.38427,0.45264,0.95616,0.5,WARNING,2026-09-10 06:50:30
0.00257,0.1793,0.03408,0.00018,0.01335,1.2015,20.0,0.0119,0.0085,0.2726,0.7613,1.0,101.06101,0.8666,1.0,1.20871,61.2,0.81,0.39172,0.85041,0.6869,2.05117,0.93338,0.2821,0.33333,0.25795,0.18222,0.53568,0.96551,0.35,NORMAL,2026-09-10 06:50:30
0.00598,0.2566,0.04232,0.00042,0.02044,1.1979,20.0,0.013,0.0055,0.6837,0.7556,1.0,92.17996,0.8764,0.3333,0.9122,79.2,1.32,0.4831,2.96631,0.5753,3.2734,13.85877,0.43389,0.01667,0.22985,0.29826,0.26785,0.95245,0.28333,WARNING,2026-09-10 06:50:30
0.002,0.1408,0.03435,0.00016,0.01275,1.2048,20.0,0.0127,0.0085,0.3905,0.6201,1.0,103.72128,0.8245,1.0,1.72869,61.56,1.086,0.37114,0.58244,0.6318,2.04934,0.62885,0.27856,0.03333,0.25416,0.26049,0.46094,0.96968,0.38333,NORMAL,2026-09-10 06:50:40
0.0065,0.2598,0.04231,0.00043,0.02062,1.2192,20.0,0.0152,0.0055,0.8012,0.7159,1.0,92.17996,0.8425,0.3333,1.24972,79.2,1.32,0.48735,2.85161,0.5784,3.26905,13.3681,0.43617,0.38333,0.23754,0.23865,0.32518,0.98444,0.4,WARNING,2026-09-10 06:50:40
0.00877,0.3633,0.04495,0.00203,0.04508,1.1678,20.0,0.0268,0.0126,0.9065,0.9307,2.0,105.05116,0.8077,1.0,1.23542,97.92,1.176,1.00284,4.58039,0.586,4.38537,20.97475,0.23412,0.0,0.20588,0.58214,0.18374,0.95125,0.01667,WARNING,2026-09-10 06:50:40
0.00774,0.2203,0.03642,0.00065,0.02556,1.2544,20.0,0.0106,0.0014,0.3984,0.7353,1.0,95.47272,0.857,0.5,1.33179,144.0,1.2,0.70179,2.4953,0.6024,3.22747,7.44312,0.29211,0.06667,0.25653,0.24622,0.46166,0.96286,0.38333,WARNING,2026-09-10 06:50:40
0.00314,0.1961,0.03539,0.00029,0.01692,1.1833,20.0,0.0104,0.0028,0.3027,0.6459,2.0,237.69106,0.8143,1.0,2.17708,88.56,1.032,0.47793,2.07944,0.6408,2.86963,7.63756,0.25775,0.43333,0.27258,0.19136,0.55089,0.9723,0.45,NORMAL,2026-09-10 06:50:40
0.00101,0.1517,0.03524,0.00017,0.01293,1.2151,20.0,0.0131,0.0085,0.2884,0.6709,1.0,161.38534,0.8534,1.0,1.34488,102.96,1.392,0.36696,0.53858,0.5719,1.99987,0.2838,0.25405,0.38333,0.25695,0.26592,0.48003,0.97208,0.36667,NORMAL,2026-09-10 06:50:50
0.00648,0.2482,0.04564,0.00073,0.02696,1.2314,20.0,0.0168,0.0123,0.8277,0.5858,1.0,92.17996,0.8374,0.3333,1.24972,64.8,1.32,0.59076,2.99126,0.585,3.23295,10.31769,0.45088,0.38333,0.2457,0.17003,0.37909,0.97305,0.36667,WARNING,2026-09-10 06:50:50
0.01039,0.4023,0.03692,0.00015,0.01215,1.1866,20.0,0.0231,0.0126,0.8195,0.9539,2.0,139.71905,0.7532,1.0,2.32865,97.92,1.176,0.32903,0.09717,0.5847,1.60156,-0.49545,0.36849,0.38333,0.26535,0.18908,0.44243,0.94316,0.1,WARNING,2026-09-10 06:50:50
0.01087,0.2203,0.0397,0.00076,0.02761,1.292,20.0,0.0142,0.0014,0.5547,0.7794,1.0,114.00681,0.8061,0.5,1.90011,144.0,1.2,0.69538,2.25184,0.5996,2.96963,5.44332,0.42305,0.06667,0.24699,0.24043,0.33652,0.97017,0.38333,WARNING,2026-09-10 06:50:50
0.00376,0.1716,0.03418,0.00023,0.01507,1.1795,20.0,0.0074,0.0028,0.1622,0.5775,2.0,75.92872,0.9217,1.0,0.7759,68.4,1.458,0.4409,2.2127,0.5646,3.01337,10.57976,0.26675,0.45,0.28218,0.10231,0.63094,0.9625,0.31667,NORMAL,2026-09-10 06:50:50
0.00439,0.1996,0.03302,0.00024,0.01556,1.2163,20.0,0.0095,0.0013,0.3279,0.6196,2.0,75.92872,0.9029,1.0,0.98018,188.28,1.716,0.47119,2.06294,0.5274,3.08442,9.8858,0.32542,0.38333,0.28048,0.07456,0.60002,0.96299,0.4,NORMAL,2026-09-10 06:51:00
0.00892,0.2159,0.04067,0.00078,0.02784,1.2671,20.0,0.013,0.0014,0.3386,0.8075,1.0,115.921,0.8137,0.5,1.90011,144.0,1.2,0.6845,2.12384,0.6002,2.91305,4.89915,0.45488,0.25,0.22456,0.3071,0.23802,0.9585,0.03333,WARNING,2026-09-10 06:51:00
0.00753,0.2772,0.04582,0.00072,0.02691,1.2394,20.0,0.0137,0.0123,0.7473,0.7817,1.0,92.17996,0.8478,0.3333,1.24972,60.48,1.008,0.58735,2.99223,0.6424,3.22499,10.33185,0.38906,0.36667,0.24836,0.15834,0.4526,0.94623,0.38333,WARNING,2026-09-10 06:51:00
0.00302,0.166,0.03576,0.00017,0.01317,1.2217,20.0,0.0146,0.0085,0.342,0.4367,1.0,161.38534,0.8471,1.0,1.36452,126.0,1.248,0.36828,0.44245,0.6007,1.97005,0.10021,0.23433,0.36667,0.25086,0.27804,0.48763,0.96891,0.16667,NORMAL,2026-09-10 06:51:00
0.0096,0.3854,0.03861,0.00034,0.01855,1.2061,20.0,0.026,0.009,0.8615,0.9595,2.0,71.21044,0.8182,1.0,1.13494,97.92,1.176,0.48031,3.21283,0.5834,3.41833,17.02714,0.25898,0.38333,0.25364,0.22901,0.51201,0.93827,0.36667,WARNING,2026-09-10 06:51:00
0.00466,0.1698,0.03605,0.00017,0.01304,1.275,20.0,0.0108,0.0007,0.0268,0.4447,1.0,161.38534,0.8731,1.0,1.34488,126.0,1.296,0.36178,0.16944,0.5918,1.95797,0.58465,0.28792,0.35,0.24181,0.24367,0.46841,0.94885,0.36667,NORMAL,2026-09-10 06:51:10
0.00714,0.3166,0.04347,0.00077,0.02773,1.2423,20.0,0.0144,0.0089,0.784,0.8115,1.0,92.17996,0.8451,0.3333,1.24972,81.36,1.356,0.63797,2.90952,0.5747,3.32448,9.86007,0.3301,0.36667,0.25033,0.1855,0.48441,0.9596,0.31667,WARNING,2026-09-10 06:51:10
0.01099,0.4439,0.03779,0.00035,0.01876,1.2022,20.0,0.0248,0.0086,0.8267,0.9427,2.0,109.84214,0.7779,1.0,1.8307,97.92,1.212,0.49652,3.15809,0.5764,3.47069,16.75235,0.3228,0.38333,0.26322,0.25576,0.42144,0.9091,0.08333,WARNING,2026-09-10 06:51:10
0.01087,0.2603,0.04178,0.00063,0.02509,1.3154,20.0,0.0116,0.0085,0.3207,0.7481,1.0,114.00681,0.8168,0.5,1.90011,144.0,1.2,0.60061,2.02599,0.6038,2.60134,4.36644,0.37577,0.03333,0.2451,0.30583,0.3184,0.9638,0.25,WARNING,2026-09-10 06:51:10
0.00293,0.2035,0.03262,0.00025,0.01593,1.2041,20.0,0.0113,0.0013,0.4164,0.6054,2.0,84.65422,0.8519,1.0,1.37315,188.28,1.716,0.48825,1.97403,0.5267,3.10136,8.97583,0.39111,0.38333,0.27519,0.07137,0.53752,0.96685,0.4,NORMAL,2026-09-10 06:51:10
0.00234,0.1582,0.03616,0.0002,0.01399,1.2467,20.0,0.0116,0.0007,0.1755,0.3031,1.0,161.38534,0.8725,1.0,1.34488,126.0,1.494,0.38687,0.05226,0.562,1.93624,0.10094,0.4338,0.15,0.25048,0.11065,0.45555,0.92643,0.11667,NORMAL,2026-09-10 06:51:20
0.00931,0.281,0.04154,0.00057,0.02382,1.2781,20.0,0.0174,0.0089,0.7567,0.8597,1.0,115.83801,0.792,0.3333,1.93063,81.36,1.356,0.57354,3.16196,0.5736,3.57842,13.74687,0.30959,0.31667,0.24725,0.22417,0.46624,0.96165,0.33333,WARNING,2026-09-10 06:51:20
0.00954,0.4394,0.0395,0.00079,0.02803,1.208,20.0,0.0279,0.0086,0.8771,0.9131,2.0,109.84214,0.7687,1.0,1.8307,97.92,1.248,0.70974,3.83033,0.5757,4.064,17.6291,0.40087,0.08333,0.24447,0.32389,0.27525,0.96106,0.06667,WARNING,2026-09-10 06:51:20
0.00936,0.2217,0.0437,0.00064,0.02537,1.3032,20.0,0.0118,0.0085,0.4053,0.7914,1.0,114.00681,0.8145,0.5,1.90011,144.0,1.2,0.58055,1.70824,0.603,2.50861,3.02803,0.31873,0.05,0.25908,0.3244,0.35687,0.94796,0.03333,WARNING,2026-09-10 06:51:20
0.00206,0.1943,0.03456,0.00033,0.0181,1.2107,20.0,0.0098,0.0013,0.4215,0.6836,2.0,111.37154,0.8894,1.0,0.9281,188.28,1.716,0.52374,2.19719,0.5239,2.88668,7.30492,0.50691,0.38333,0.25818,0.09695,0.39613,0.94818,0.23333,NORMAL,2026-09-10 06:51:20
0.01039,0.2467,0.04418,0.00061,0.02462,1.3422,20.0,0.0138,0.0103,0.6177,0.5619,1.0,114.00681,0.8058,0.5,1.90011,108.36,1.806,0.55722,1.9017,0.5117,2.50595,3.50734,0.2189,0.05,0.25717,0.36578,0.41531,0.94952,0.03333,WARNING,2026-09-10 06:51:30
0.01083,0.448,0.04074,0.00099,0.03141,1.2137,20.0,0.0294,0.0086,0.8952,0.9274,2.0,109.84214,0.7644,1.0,1.8307,90.72,1.248,0.7711,3.33866,0.5723,3.82808,12.16137,0.39194,0.06667,0.24489,0.29911,0.30895,0.96182,0.1,WARNING,2026-09-10 06:51:30
0.00353,0.2167,0.03509,0.00032,0.01776,1.2202,20.0,0.0128,0.0013,0.5595,0.7109,2.0,154.02361,0.7678,1.0,2.56706,188.28,1.716,0.50615,2.27157,0.5225,2.86242,7.77451,0.63257,0.16667,0.24904,0.11766,0.24977,0.96304,0.28333,NORMAL,2026-09-10 06:51:30
0.0045,0.1645,0.03707,0.00022,0.01473,1.2546,20.0,0.0115,0.0007,0.0247,0.1347,1.0,161.38534,0.8726,1.0,1.34488,126.0,1.302,0.39727,0.02814,0.5976,1.85471,-0.24294,0.48487,0.16667,0.23717,0.14567,0.36945,0.94603,0.41667,NORMAL,2026-09-10 06:51:30
0.00748,0.2608,0.03986,0.0005,0.02227,1.2608,20.0,0.0176,0.0089,0.7629,0.7695,1.0,115.83801,0.7915,0.3333,1.93063,81.36,1.356,0.55879,3.7429,0.5754,3.75259,19.02106,0.34316,0.01667,0.23794,0.27431,0.38253,0.97384,0.43333,WARNING,2026-09-10 06:51:30
0.0034,0.1941,0.03632,0.00021,0.01458,1.2606,20.0,0.0109,0.0007,0.1989,0.0839,1.0,80.49563,0.8733,1.0,1.34159,129.6,1.296,0.40157,0.14639,0.6035,1.89033,-0.12822,0.42053,0.2,0.21834,0.31502,0.26446,0.9441,0.18333,NORMAL,2026-09-10 06:51:40
0.00792,0.2711,0.04146,0.00056,0.02362,1.274,20.0,0.0155,0.0089,0.6233,0.7386,1.0,115.83801,0.7996,0.3333,1.93063,81.36,1.356,0.56979,3.36727,0.5762,3.59075,14.57456,0.36572,0.0,0.22789,0.34299,0.29129,0.95789,0.01667,WARNING,2026-09-10 06:51:40
0.01147,0.4453,0.04298,0.00185,0.04304,1.2367,20.0,0.0281,0.0086,0.8532,0.8973,2.0,109.84214,0.7691,1.0,1.8307,90.72,1.248,1.00139,3.6196,0.5735,4.41136,13.73749,0.40414,0.21667,0.25485,0.15694,0.43891,0.96572,0.2,WARNING,2026-09-10 06:51:40
0.01176,0.2372,0.04485,0.00058,0.02413,1.3393,20.0,0.0119,0.0132,0.597,0.6398,1.0,121.55129,0.8535,0.5,1.28224,108.36,1.806,0.538,1.99435,0.5085,2.4888,3.74925,0.2143,0.03333,0.26411,0.32366,0.46204,0.97075,0.05,WARNING,2026-09-10 06:51:40
0.00405,0.2324,0.03557,0.00022,0.0147,1.2323,20.0,0.0128,0.0013,0.6434,0.5433,2.0,111.37154,0.838,1.0,1.45264,188.28,1.716,0.41324,1.7067,0.526,2.71327,6.66435,0.57316,0.16667,0.26473,0.07902,0.34782,0.96117,0.28333,NORMAL,2026-09-10 06:51:40
0.0052,0.1911,0.03612,0.0002,0.01418,1.2936,20.0,0.0112,0.0007,0.3509,0.3165,1.0,73.51635,0.8765,1.0,1.0688,129.6,1.296,0.39267,0.20784,0.5964,1.9067,0.08811,0.30728,0.03333,0.20297,0.50407,0.18865,0.94007,0.05,NORMAL,2026-09-10 06:51:50
0.01108,0.283,0.03802,0.00021,0.01457,1.2865,20.0,0.0142,0.0089,0.5723,0.4395,1.0,115.83801,0.8038,0.3333,1.93063,81.36,1.356,0.3832,1.72788,0.5844,2.64564,7.01707,0.43367,0.25,0.26315,0.15361,0.41272,0.96411,0.41667,WARNING,2026-09-10 06:51:50
0.01165,0.5007,0.0423,0.00186,0.04318,1.2089,20.0,0.0261,0.0086,0.873,0.9264,2.0,109.84214,0.7733,1.0,1.8307,90.72,1.368,1.02084,3.62042,0.5506,4.43892,13.74774,0.43476,0.2,0.27159,0.08755,0.47769,0.95259,0.38333,WARNING,2026-09-10 06:51:50
0.01147,0.2495,0.04426,0.00061,0.02469,1.3462,20.0,0.0137,0.0132,0.7426,0.4524,1.0,121.55129,0.8457,0.5,1.28224,108.36,1.806,0.55791,2.03017,0.5125,2.59776,3.89886,0.25902,0.03333,0.26223,0.29513,0.44585,0.97572,0.01667,WARNING,2026-09-10 06:51:50
0.00231,0.1976,0.03603,0.00021,0.01453,1.2117,20.0,0.0112,0.0013,0.4436,0.7001,2.0,111.37154,0.846,1.0,1.45264,100.8,1.422,0.40316,1.63279,0.5643,2.68771,6.79307,0.52935,0.3,0.26388,0.08484,0.38581,0.98048,0.18333,NORMAL,2026-09-10 06:51:50
0.01126,0.259,0.04465,0.00058,0.02399,1.3519,20.0,0.0149,0.0209,0.7734,0.4765,1.0,121.55129,0.8417,0.5,1.28224,108.36,1.806,0.53739,2.17695,0.5099,2.59714,4.49186,0.33001,0.03333,0.26017,0.24603,0.42397,0.97752,0.5,WARNING,2026-09-10 06:52:00
0.01166,0.4864,0.04113,0.00167,0.0408,1.2266,20.0,0.0281,0.0086,0.8302,0.9233,2.0,109.84214,0.7698,1.0,1.8307,90.72,1.368,0.99209,4.1064,0.5512,4.6311,17.7493,0.43179,0.43333,0.27406,0.08858,0.47963,0.95887,0.38333,WARNING,2026-09-10 06:52:00
0.00358,0.2246,0.03678,0.00022,0.01469,1.2325,20.0,0.0147,0.0007,0.5783,0.4889,2.0,127.79592,0.771,1.0,2.43965,78.48,1.164,0.39935,1.50279,0.6158,2.63669,6.14041,0.54852,0.3,0.25606,0.12096,0.33052,0.96358,0.25,NORMAL,2026-09-10 06:52:00
0.00237,0.1815,0.03556,0.0002,0.01415,1.2469,20.0,0.01,0.0007,0.3567,0.3721,1.0,86.53803,0.898,1.0,0.83124,129.6,1.302,0.39799,0.3179,0.5952,1.93317,0.17541,0.24282,0.05,0.19785,0.60418,0.153,0.95552,0.03333,NORMAL,2026-09-10 06:52:00
0.00976,0.3181,0.04202,0.00062,0.02485,1.2952,20.0,0.0117,0.0089,0.4042,0.5327,1.0,115.83801,0.8128,0.3333,1.93063,51.84,1.08,0.59139,2.87485,0.6334,3.34397,10.30679,0.50176,0.25,0.25177,0.16007,0.33817,0.97206,0.26667,WARNING,2026-09-10 06:52:00
0.00318,0.154,0.03758,0.00022,0.01467,1.2766,20.0,0.0073,0.0092,0.1492,0.3141,1.0,73.51635,0.9171,1.0,0.83124,129.6,1.104,0.39047,0.69463,0.634,2.03968,0.48997,0.27898,0.1,0.21865,0.484,0.23702,0.95933,0.05,NORMAL,2026-09-10 06:52:10
0.00928,0.319,0.04477,0.00068,0.02614,1.2975,20.0,0.0128,0.0148,0.5336,0.6477,1.0,115.83801,0.8078,0.3333,1.93063,82.8,0.816,0.58376,2.66046,0.6837,3.1488,7.96692,0.50078,0.26667,0.2478,0.22301,0.27621,0.96289,0.25,WARNING,2026-09-10 06:52:10
0.0118,0.4926,0.04877,0.00264,0.05135,1.2414,20.0,0.0265,0.01,0.8971,0.9313,2.0,110.70542,0.8005,1.0,1.36547,90.72,1.41,1.053,2.75789,0.5428,3.78971,6.80084,0.41506,0.43333,0.27341,0.10488,0.48006,0.98759,0.13333,WARNING,2026-09-10 06:52:10
0.01098,0.2549,0.04161,0.00042,0.02041,1.3559,20.0,0.0132,0.0209,0.7041,0.4099,1.0,121.55129,0.8477,0.5,1.28224,108.36,1.806,0.49058,2.50392,0.5129,2.8397,7.56507,0.40159,0.26667,0.27694,0.13674,0.46167,0.98134,0.41667,WARNING,2026-09-10 06:52:10
0.00431,0.2107,0.03755,0.00021,0.01451,1.2538,20.0,0.0133,0.0007,0.6615,0.311,2.0,111.37154,0.8363,1.0,1.45264,78.48,1.164,0.38637,1.45746,0.6201,2.59354,6.2875,0.55887,0.25,0.24903,0.14077,0.30037,0.9532,0.26667,NORMAL,2026-09-10 06:52:10
0.00266,0.2425,0.03571,0.00011,0.01059,1.2538,20.0,0.011,0.0007,0.5882,0.4962,2.0,87.15824,0.8438,1.0,1.45264,143.28,1.362,0.2965,-0.13915,0.5805,1.706,1.39113,0.53038,0.31667,0.2573,0.08151,0.38811,0.9556,0.25,NORMAL,2026-09-10 06:52:20
0.01102,0.2596,0.0382,0.00029,0.01708,1.3588,20.0,0.0166,0.0161,0.752,0.5679,1.0,121.55129,0.8276,0.5,1.42224,108.36,1.806,0.44702,2.87569,0.5087,3.14427,13.02463,0.39876,0.26667,0.26399,0.15493,0.44631,0.9727,0.41667,WARNING,2026-09-10 06:52:20
0.01131,0.5118,0.04631,0.00227,0.04763,1.2494,20.0,0.0287,0.01,0.8807,0.9191,2.0,110.70542,0.795,1.0,1.36547,89.28,1.518,1.02847,3.10323,0.5326,4.03984,9.29247,0.33769,0.43333,0.26624,0.16978,0.49253,0.97309,0.35,WARNING,2026-09-10 06:52:20
0.00431,0.1901,0.03867,0.00018,0.01346,1.2943,20.0,0.0081,0.0173,0.2498,0.3794,1.0,73.51635,0.9164,1.0,0.83124,129.6,1.296,0.34802,0.89281,0.5957,2.00938,0.99581,0.3608,0.13333,0.21886,0.33533,0.30388,0.96581,0.11667,NORMAL,2026-09-10 06:52:20
0.01028,0.3066,0.04537,0.00081,0.02851,1.298,20.0,0.0147,0.0033,0.722,0.8405,1.0,110.15362,0.8123,0.3333,1.73258,82.8,0.864,0.62831,2.16241,0.6586,3.04717,5.23794,0.48813,0.26667,0.25441,0.19271,0.31916,0.96906,0.25,WARNING,2026-09-10 06:52:20
0.00334,0.2056,0.03554,0.00014,0.01169,1.2856,20.0,0.0071,0.0161,0.1812,0.4187,1.0,51.08258,0.9155,1.0,0.85138,109.08,1.314,0.32877,1.07124,0.5918,2.19887,2.68466,0.49629,0.13333,0.23606,0.18583,0.31788,0.97126,0.11667,NORMAL,2026-09-10 06:52:30
0.01105,0.3432,0.04729,0.00093,0.03051,1.3202,20.0,0.014,0.0033,0.6712,0.7813,1.0,110.15362,0.8459,0.3333,1.28977,92.16,1.536,0.64516,1.99281,0.5417,2.90148,3.94246,0.5181,0.25,0.26074,0.14781,0.3341,0.96744,0.26667,WARNING,2026-09-10 06:52:30
0.01237,0.5126,0.04504,0.00206,0.04544,1.2492,20.0,0.0294,0.01,0.9087,0.9411,2.0,110.70542,0.7921,1.0,1.36547,84.6,1.41,1.009,3.46401,0.547,4.19407,11.74793,0.14602,0.03333,0.25576,0.3251,0.52887,0.96377,0.05,WARNING,2026-09-10 06:52:30
0.01147,0.235,0.04188,0.00061,0.02462,1.3957,20.0,0.0157,0.0105,0.5856,0.5679,1.0,121.55129,0.8436,0.5,1.28224,79.92,1.326,0.58791,2.46107,0.5817,2.78654,6.81406,0.29289,0.35,0.25353,0.24496,0.46215,0.96795,0.48333,WARNING,2026-09-10 06:52:30
0.00188,0.2228,0.03688,0.00019,0.0138,1.259,20.0,0.0132,0.0007,0.5056,0.5542,2.0,87.15824,0.8399,1.0,1.45264,143.28,1.362,0.37428,1.13487,0.5804,2.39949,4.20037,0.45469,0.31667,0.25405,0.11572,0.42958,0.96205,0.13333,NORMAL,2026-09-10 06:52:30
0.00417,0.2579,0.03498,0.0002,0.01416,1.2805,20.0,0.0125,0.0007,0.362,0.5279,2.0,143.82383,0.8408,1.0,1.50953,143.28,1.362,0.40488,1.02145,0.5824,2.50461,4.26834,0.3645,0.31667,0.23088,0.2597,0.3758,0.96513,0.08333,NORMAL,2026-09-10 06:52:40
0.01267,0.2473,0.04211,0.00081,0.0285,1.4116,20.0,0.0154,0.0105,0.5226,0.7927,1.0,98.97762,0.8207,0.5,1.64963,114.48,1.062,0.6769,2.38066,0.6237,2.89276,5.56983,0.36277,0.01667,0.25007,0.25251,0.38472,0.97264,0.35,WARNING,2026-09-10 06:52:40
0.01206,0.5246,0.04659,0.00213,0.04618,1.2897,20.0,0.0263,0.0059,0.9059,0.9282,2.0,110.70542,0.7912,1.0,1.51551,159.12,1.464,0.99111,2.8287,0.5421,3.59284,7.11417,0.11003,0.05,0.26131,0.35191,0.53805,0.95491,0.03333,WARNING,2026-09-10 06:52:40
0.00214,0.1795,0.03557,0.00015,0.01214,1.2764,20.0,0.0106,0.0095,0.3131,0.37,1.0,46.41469,0.8562,1.0,1.3701,170.28,1.848,0.34122,0.80862,0.5106,2.18891,2.27831,0.46293,0.25,0.24639,0.20261,0.33446,0.97742,0.26667,NORMAL,2026-09-10 06:52:40
0.00991,0.2947,0.04611,0.00087,0.02946,1.3428,20.0,0.0151,0.0033,0.703,0.8669,1.0,110.15362,0.8419,0.3333,1.28977,82.8,0.864,0.63892,2.19021,0.6581,2.9843,5.03043,0.58775,0.18333,0.25511,0.11955,0.2927,0.95097,0.3,WARNING,2026-09-10 06:52:40
0.00512,0.2279,0.03529,0.00017,0.01296,1.3379,20.0,0.0131,0.0095,0.6034,0.4113,1.0,166.75824,0.8075,1.0,1.90359,100.8,1.68,0.36716,0.72428,0.5311,2.18861,1.66289,0.3695,0.46667,0.26183,0.17909,0.45141,0.96434,0.01667,NORMAL,2026-09-10 06:52:50
0.01039,0.3168,0.04711,0.00088,0.02969,1.342,20.0,0.0154,0.0033,0.7105,0.8238,1.0,95.88986,0.8662,0.3333,0.94562,82.8,1.116,0.63032,2.05422,0.6132,2.9322,4.50589,0.50705,0.18333,0.27285,0.08661,0.40634,0.94771,0.16667,WARNING,2026-09-10 06:52:50
0.01312,0.5805,0.04938,0.00229,0.04784,1.2832,20.0,0.0263,0.0059,0.9191,0.9314,2.0,110.70542,0.8004,1.0,1.36547,92.52,1.542,0.96884,2.54727,0.5285,3.42769,5.52459,0.10344,0.01667,0.23929,0.45047,0.44609,0.95592,0.06667,WARNING,2026-09-10 06:52:50
0.01171,0.291,0.04074,0.00066,0.0256,1.4147,20.0,0.0131,0.0105,0.5114,0.6682,1.0,98.97762,0.8264,0.5,1.64963,114.48,1.062,0.62843,2.73774,0.63,3.0558,8.15931,0.43987,0.26667,0.26758,0.17787,0.38226,0.97291,0.28333,WARNING,2026-09-10 06:52:50
0.0046,0.2242,0.03654,0.00026,0.01601,1.3043,20.0,0.009,0.0007,0.2659,0.5969,2.0,143.82383,0.8606,1.0,1.52989,143.28,1.362,0.43811,1.1503,0.5794,2.36963,3.29635,0.42893,0.11667,0.2232,0.31046,0.26061,0.97676,0.13333,NORMAL,2026-09-10 06:52:50
0.0054,0.2105,0.03664,0.0002,0.0142,1.3434,20.0,0.0126,0.0095,0.4916,0.5569,1.0,166.75824,0.8108,1.0,1.90359,75.6,1.104,0.38765,1.0737,0.6263,2.22144,2.69981,0.26391,0.36667,0.2614,0.2037,0.53239,0.96691,0.0,NORMAL,2026-09-10 06:53:00
0.01132,0.3326,0.04528,0.00063,0.025,1.3435,20.0,0.0147,0.0033,0.6766,0.8363,1.0,95.88986,0.8318,0.3333,1.45892,82.8,0.864,0.55219,1.64945,0.6702,2.58611,3.105,0.38333,0.2,0.27011,0.11418,0.5025,0.97101,0.36667,WARNING,2026-09-10 06:53:00
0.01223,0.5564,0.05042,0.00227,0.04765,1.2995,20.0,0.0246,0.0059,0.8615,0.942,2.0,123.3456,0.799,1.0,1.4869,84.6,1.41,0.94521,2.51511,0.5433,3.3966,5.43249,0.1462,0.1,0.25661,0.37597,0.47783,0.97933,0.06667,WARNING,2026-09-10 06:53:00
0.01336,0.3036,0.04188,0.00072,0.02688,1.4188,20.0,0.0177,0.0105,0.6637,0.7148,1.0,98.97762,0.8115,0.5,1.64963,114.48,1.062,0.64193,2.42418,0.6303,2.9552,6.19136,0.43235,0.26667,0.27006,0.16546,0.40219,0.96254,0.46667,WARNING,2026-09-10 06:53:00
0.00346,0.2289,0.03653,0.00023,0.01532,1.2826,20.0,0.0106,0.0073,0.4346,0.6772,2.0,143.82383,0.8436,1.0,1.50953,143.28,1.362,0.41937,1.47068,0.5809,2.3864,3.99162,0.48958,0.03333,0.21482,0.32596,0.18447,0.9636,0.11667,NORMAL,2026-09-10 06:53:00
0.00457,0.2367,0.03822,0.00028,0.01659,1.2908,20.0,0.0108,0.0073,0.4134,0.7365,2.0,143.82383,0.8434,1.0,1.50953,143.28,1.362,0.43409,1.38176,0.5816,2.26855,2.98224,0.48807,0.03333,0.21572,0.35053,0.16141,0.95418,0.23333,NORMAL,2026-09-10 06:53:10
0.01349,0.2911,0.0425,0.00072,0.0268,1.4323,20.0,0.0163,0.0105,0.4447,0.5885,1.0,103.65294,0.8207,0.5,1.64963,114.48,1.428,0.63042,2.35915,0.5678,2.92667,6.06091,0.3872,0.45,0.27268,0.19133,0.42147,0.95338,0.46667,WARNING,2026-09-10 06:53:10
0.01344,0.5865,0.04315,0.00132,0.0363,1.2916,20.0,0.0248,0.0059,0.931,0.9426,2.0,123.3456,0.7863,1.0,1.64923,79.56,1.326,0.84118,3.61868,0.5581,4.17682,14.48871,0.14658,0.45,0.26038,0.32881,0.52461,0.97268,0.43333,WARNING,2026-09-10 06:53:10
0.01122,0.3522,0.04522,0.00059,0.02427,1.3578,20.0,0.0153,0.0033,0.7386,0.7745,1.0,95.88986,0.8656,0.3333,0.94562,103.32,1.722,0.53672,1.65087,0.5214,2.60582,3.21822,0.37379,0.11667,0.26512,0.15896,0.46725,0.96972,0.46667,WARNING,2026-09-10 06:53:10
0.00489,0.2085,0.03527,0.00021,0.01454,1.3337,20.0,0.0127,0.0095,0.4963,0.4705,1.0,166.75824,0.8105,1.0,1.90359,75.6,0.924,0.41228,1.30679,0.6685,2.2886,3.26704,0.37842,0.5,0.27568,0.09765,0.52393,0.96864,0.36667,NORMAL,2026-09-10 06:53:10
0.00562,0.1921,0.03577,0.00023,0.01517,1.3517,20.0,0.0128,0.0057,0.4245,0.4407,1.0,166.75824,0.8119,1.0,1.90359,75.6,0.924,0.42412,1.00275,0.6687,2.24715,2.44142,0.48191,0.5,0.26559,0.12277,0.39533,0.97771,0.26667,NORMAL,2026-09-10 06:53:20
0.01245,0.3257,0.04327,0.00047,0.02168,1.3535,20.0,0.017,0.0121,0.7953,0.8132,1.0,95.88986,0.8592,0.3333,0.94562,91.44,0.762,0.50112,2.13043,0.6953,2.76295,5.55143,0.41299,0.31667,0.25729,0.17184,0.41518,0.95658,0.3,WARNING,2026-09-10 06:53:20
0.01361,0.6159,0.04709,0.00224,0.04731,1.2768,20.0,0.0259,0.0049,0.9433,0.9172,2.0,123.3456,0.8229,1.0,1.02788,79.56,1.326,1.00477,3.47268,0.5608,4.18388,12.33648,0.17706,0.45,0.26587,0.26267,0.56027,0.95517,0.1,WARNING,2026-09-10 06:53:20
0.01249,0.2766,0.04511,0.0008,0.02822,1.4264,20.0,0.0183,0.0105,0.599,0.7492,1.0,103.65294,0.8117,0.5,1.64963,114.48,1.062,0.62552,2.08919,0.63,2.76347,4.25528,0.28876,0.45,0.25512,0.2716,0.43964,0.97671,0.4,WARNING,2026-09-10 06:53:20
0.00388,0.2219,0.03835,0.00028,0.01669,1.2936,20.0,0.0125,0.0073,0.4996,0.8141,2.0,143.82383,0.8376,1.0,1.50953,66.24,0.684,0.43526,1.31104,0.7233,2.26021,2.83322,0.49496,0.28333,0.22715,0.27142,0.23362,0.97027,0.05,NORMAL,2026-09-10 06:53:20
0.0046,0.2157,0.0363,0.00024,0.01557,1.3236,20.0,0.0105,0.0057,0.2463,0.4361,1.0,166.75824,0.8328,1.0,1.90359,102.96,1.212,0.42891,0.94037,0.6079,2.21067,2.00821,0.47092,0.5,0.26707,0.14918,0.3799,0.97614,0.23333,NORMAL,2026-09-10 06:53:30
0.0107,0.3285,0.0432,0.00042,0.02043,1.3514,20.0,0.0141,0.0121,0.7614,0.8668,1.0,95.88986,0.8689,0.3333,0.94562,91.44,0.846,0.47293,1.81441,0.673,2.37882,3.71178,0.34197,0.31667,0.26014,0.21026,0.44777,0.96724,0.3,WARNING,2026-09-10 06:53:30
0.01381,0.6001,0.0479,0.00222,0.0471,1.3171,20.0,0.0284,0.0049,0.9267,0.8929,2.0,123.3456,0.8163,1.0,1.02788,134.28,2.238,0.98349,3.47134,0.4458,4.15689,12.36324,0.31046,0.45,0.2725,0.19738,0.49216,0.96758,0.18333,WARNING,2026-09-10 06:53:30
0.01448,0.2742,0.04161,0.00051,0.0226,1.4425,20.0,0.0137,0.0142,0.4347,0.6751,1.0,103.65294,0.8568,0.5,1.22538,114.48,1.158,0.5432,2.5441,0.6109,3.10406,7.97843,0.2812,0.35,0.25772,0.27016,0.44863,0.95515,0.08333,WARNING,2026-09-10 06:53:30
0.00471,0.2702,0.03908,0.00029,0.01697,1.3071,20.0,0.0135,0.0073,0.6431,0.7146,2.0,64.77161,0.8632,1.0,1.07953,135.0,1.566,0.43421,1.45064,0.548,2.42781,3.72621,0.50533,0.3,0.245,0.17137,0.3233,0.9593,0.28333,NORMAL,2026-09-10 06:53:30
0.00318,0.2305,0.04074,0.00026,0.01602,1.2923,20.0,0.0111,0.0181,0.4091,0.6531,2.0,84.67508,0.8296,1.0,1.69952,135.0,1.566,0.39316,1.70061,0.5473,2.36221,4.23645,0.4535,0.28333,0.25292,0.16539,0.38111,0.9665,0.3,NORMAL,2026-09-10 06:53:40
0.01416,0.2951,0.04064,0.00042,0.02061,1.4533,20.0,0.0118,0.015,0.2713,0.7629,1.0,103.65294,0.8654,0.5,1.22538,103.68,1.05,0.50721,2.04456,0.6294,2.57404,4.71924,0.26914,0.35,0.24196,0.27432,0.45654,0.953,0.33333,WARNING,2026-09-10 06:53:40
0.01445,0.604,0.04839,0.00227,0.04764,1.2879,20.0,0.0298,0.0049,0.9449,0.9047,2.0,123.3456,0.8069,1.0,1.10058,61.56,1.074,0.9845,3.78487,0.6105,4.11272,14.73791,0.34331,0.5,0.27185,0.18606,0.47062,0.98773,0.31667,WARNING,2026-09-10 06:53:40
0.01382,0.3523,0.04574,0.00068,0.02608,1.3798,20.0,0.0132,0.0121,0.6866,0.791,1.0,70.27315,0.8806,0.3333,0.84841,91.44,1.548,0.57009,1.8629,0.5456,2.72168,3.45013,0.23709,0.33333,0.25872,0.26984,0.49307,0.95502,0.5,WARNING,2026-09-10 06:53:40
0.00554,0.1975,0.03704,0.00024,0.01544,1.3707,20.0,0.0095,0.0057,0.309,0.3785,1.0,166.75824,0.8334,1.0,1.90359,102.96,1.212,0.41694,0.96013,0.6118,2.1756,1.86341,0.31356,0.5,0.27397,0.25242,0.43402,0.94668,0.06667,NORMAL,2026-09-10 06:53:40
0.00408,0.2186,0.03718,0.00021,0.01463,1.3324,20.0,0.0109,0.0057,0.5828,0.6542,1.0,76.70247,0.8907,1.0,0.8335,102.96,1.212,0.39351,1.11587,0.6076,2.18469,2.62931,0.1184,0.06667,0.26358,0.38979,0.49181,0.95819,0.05,NORMAL,2026-09-10 06:53:50
0.01283,0.3397,0.04548,0.0007,0.02642,1.3815,20.0,0.012,0.0119,0.5714,0.8695,1.0,70.27315,0.8866,0.3333,0.84841,91.44,0.846,0.581,1.8354,0.6729,2.72472,3.29301,0.24459,0.11667,0.26433,0.25812,0.49729,0.96917,0.05,WARNING,2026-09-10 06:53:50
0.01529,0.6416,0.04527,0.00212,0.04608,1.3043,20.0,0.0273,0.0049,0.9121,0.9032,2.0,123.3456,0.82,1.0,1.02788,68.04,1.146,1.01789,4.19436,0.5979,4.32388,17.98836,0.3977,0.3,0.26522,0.18756,0.41473,0.97233,0.38333,WARNING,2026-09-10 06:53:50
0.01527,0.3108,0.04059,0.00044,0.02097,1.474,20.0,0.011,0.015,0.2613,0.6823,1.0,103.65294,0.8513,0.5,1.63736,82.08,0.894,0.51659,1.92885,0.6662,2.56745,4.25649,0.37269,0.33333,0.25044,0.17814,0.44917,0.96749,0.35,WARNING,2026-09-10 06:53:50
0.0047,0.2549,0.03838,0.00024,0.01549,1.3045,20.0,0.0099,0.0129,0.5096,0.5977,2.0,64.77161,0.8754,1.0,1.07953,135.0,1.566,0.40365,1.58756,0.5469,2.49887,4.83675,0.39305,0.28333,0.27426,0.10273,0.50421,0.95483,0.36667,NORMAL,2026-09-10 06:53:50
0.0051,0.2048,0.03624,0.00019,0.01363,1.3563,20.0,0.0088,0.0057,0.4067,0.4895,1.0,57.91757,0.9156,1.0,0.8335,102.96,1.212,0.37618,0.75388,0.6104,2.21834,1.67442,0.12917,0.08333,0.26628,0.33017,0.54066,0.95439,0.35,NORMAL,2026-09-10 06:54:00
0.01413,0.3654,0.04284,0.00061,0.02475,1.385,20.0,0.0154,0.0071,0.7514,0.8086,1.0,105.29539,0.8506,0.3333,1.14325,113.04,1.344,0.57776,2.17874,0.5774,2.8961,5.33282,0.28496,0.41667,0.26889,0.18901,0.52603,0.94913,0.11667,WARNING,2026-09-10 06:54:00
0.01614,0.6443,0.04747,0.00271,0.05205,1.3052,20.0,0.025,0.0049,0.8649,0.9374,2.0,73.338,0.833,1.0,0.95827,85.32,0.924,1.09665,3.55389,0.6328,3.96588,12.05859,0.55164,0.11667,0.22802,0.21695,0.23141,0.96794,0.15,WARNING,2026-09-10 06:54:00
0.01499,0.3255,0.04087,0.00048,0.02185,1.4761,20.0,0.0131,0.015,0.6571,0.5947,1.0,70.69482,0.864,0.5,1.07688,135.36,2.256,0.53467,2.15687,0.4573,2.60911,5.15941,0.41315,0.13333,0.25096,0.17636,0.41049,0.97466,0.11667,WARNING,2026-09-10 06:54:00
0.00393,0.2711,0.04009,0.00029,0.01697,1.3224,20.0,0.0087,0.0129,0.2201,0.5229,2.0,64.77161,0.8955,1.0,1.07953,135.0,1.566,0.42339,1.54698,0.5482,2.3759,3.73125,0.39566,0.28333,0.27862,0.07427,0.53007,0.96297,0.36667,NORMAL,2026-09-10 06:54:00
0.00557,0.2465,0.03978,0.00029,0.01691,1.336,20.0,0.0121,0.0129,0.4649,0.262,2.0,74.25267,0.8443,1.0,1.44004,135.0,1.566,0.42502,1.60924,0.5515,2.39293,3.55934,0.42047,0.45,0.26316,0.146,0.43353,0.96255,0.26667,NORMAL,2026-09-10 06:54:10
0.01559,0.3611,0.03978,0.00049,0.02205,1.4956,20.0,0.0136,0.015,0.6903,0.6375,1.0,70.69482,0.8565,0.5,1.15175,99.36,1.842,0.55419,2.212,0.5041,2.65888,5.33661,0.35873,0.08333,0.25162,0.27102,0.37025,0.96621,0.1,WARNING,2026-09-10 06:54:10
0.01547,0.644,0.04756,0.00271,0.05209,1.3378,20.0,0.0231,0.0049,0.8999,0.9372,2.0,73.338,0.8513,1.0,0.76301,85.32,1.098,1.09512,3.54362,0.5954,3.96068,11.9888,0.56281,0.16667,0.22924,0.20528,0.23191,0.964,0.11667,WARNING,2026-09-10 06:54:10
0.01394,0.3405,0.0419,0.00071,0.0267,1.4035,20.0,0.0143,0.0071,0.7015,0.8321,1.0,105.29539,0.8548,0.3333,1.14325,113.04,1.344,0.63717,2.36187,0.5772,2.88546,5.77731,0.3,0.41667,0.26649,0.20584,0.49416,0.9708,0.11667,WARNING,2026-09-10 06:54:10
0.00495,0.1986,0.03777,0.00016,0.01255,1.3576,20.0,0.0084,0.0057,0.366,0.3675,1.0,57.91757,0.9309,1.0,0.65885,102.96,1.488,0.33233,-0.03973,0.5631,1.64971,-0.33985,0.27647,0.08333,0.2444,0.35521,0.36832,0.92523,0.36667,NORMAL,2026-09-10 06:54:10
0.0064,0.2338,0.03755,0.00014,0.01171,1.3883,20.0,0.0072,0.0159,0.1372,0.1396,1.0,57.91757,0.9155,1.0,0.85135,111.6,1.218,0.31187,0.29142,0.6126,1.66909,-0.51731,0.38266,0.08333,0.20891,0.47592,0.14142,0.92374,0.1,NORMAL,2026-09-10 06:54:20
0.01432,0.3772,0.04417,0.00087,0.0295,1.4003,20.0,0.0151,0.0071,0.7668,0.7941,1.0,105.29539,0.8436,0.3333,1.2487,113.04,1.344,0.66784,2.01,0.5795,2.69904,3.70682,0.34199,0.1,0.25343,0.25589,0.40212,0.9689,0.43333,WARNING,2026-09-10 06:54:20
0.01614,0.655,0.04361,0.00179,0.04228,1.3386,20.0,0.0245,0.0109,0.9343,0.9501,2.0,73.338,0.841,1.0,0.83363,85.32,0.924,0.96953,4.14996,0.6223,4.44198,17.79533,0.4817,0.11667,0.25139,0.19094,0.32736,0.96628,0.16667,WARNING,2026-09-10 06:54:20
0.01736,0.3181,0.03934,0.00045,0.02111,1.4946,20.0,0.0148,0.0081,0.8163,0.6023,1.0,70.69482,0.8564,0.5,1.07122,74.16,1.704,0.53662,2.13874,0.5231,2.70829,5.81768,0.45443,0.08333,0.24103,0.25173,0.29384,0.97106,0.1,WARNING,2026-09-10 06:54:20
0.00454,0.2764,0.03877,0.00033,0.01807,1.3203,20.0,0.0128,0.0102,0.6192,0.329,2.0,119.68021,0.8537,1.0,1.23754,135.0,1.566,0.46609,1.31816,0.5496,2.4187,2.59827,0.38156,0.03333,0.22923,0.35817,0.26027,0.94587,0.26667,NORMAL,2026-09-10 06:54:20
0.00671,0.2393,0.03735,0.00016,0.01283,1.3936,20.0,0.0086,0.0125,0.2882,0.1992,1.0,61.35621,0.9135,1.0,0.8609,111.6,1.266,0.34344,0.28902,0.604,1.86763,-0.16701,0.49474,0.08333,0.20043,0.39837,0.10689,0.95203,0.18333,NORMAL,2026-09-10 06:54:30
0.01466,0.386,0.04251,0.00091,0.0302,1.417,20.0,0.0185,0.0071,0.7696,0.8534,1.0,105.29539,0.8339,0.3333,1.24878,113.04,1.344,0.71043,2.13096,0.5749,2.75034,3.96132,0.46407,0.25,0.26067,0.20447,0.33146,0.96818,0.46667,WARNING,2026-09-10 06:54:30
0.01744,0.678,0.04619,0.00235,0.04847,1.3243,20.0,0.0258,0.0109,0.9511,0.9468,2.0,66.02553,0.8365,1.0,0.83363,85.32,1.188,1.04944,3.49283,0.5741,4.03111,11.68451,0.39989,0.1,0.2581,0.22107,0.37904,0.99177,0.5,WARNING,2026-09-10 06:54:30
0.01667,0.3141,0.03942,0.00044,0.02101,1.5138,20.0,0.0158,0.0081,0.789,0.4923,1.0,66.68441,0.8539,0.5,1.07122,98.28,0.906,0.53293,2.17016,0.6659,2.70723,5.95387,0.46015,0.31667,0.23914,0.23057,0.30928,0.94846,0.3,WARNING,2026-09-10 06:54:30
0.00455,0.2766,0.03718,0.00025,0.01573,1.3358,20.0,0.013,0.0102,0.6135,0.5876,2.0,119.68021,0.8535,1.0,1.23754,110.88,0.966,0.42292,1.10743,0.6529,2.3314,2.18615,0.32289,0.03333,0.21291,0.47393,0.20318,0.92339,0.05,NORMAL,2026-09-10 06:54:30
0.01581,0.325,0.03968,0.00032,0.01794,1.5276,20.0,0.0135,0.0081,0.66,0.551,1.0,101.54653,0.8193,0.5,1.69244,98.28,0.99,0.45222,2.1792,0.6466,2.77588,7.53332,0.32707,0.31667,0.24083,0.32636,0.34657,0.95126,0.05,WARNING,2026-09-10 06:54:40
0.01734,0.6778,0.0412,0.00136,0.03685,1.3449,20.0,0.0291,0.0109,0.9388,0.9425,2.0,114.97252,0.7537,1.0,2.00869,85.32,0.858,0.89439,4.42436,0.6401,4.19323,19.91846,0.39102,0.08333,0.24922,0.27937,0.32961,0.96447,0.2,WARNING,2026-09-10 06:54:40
0.00565,0.2802,0.03544,0.00026,0.01608,1.3678,20.0,0.0113,0.0049,0.4855,0.6059,2.0,119.68021,0.8605,1.0,1.23754,110.88,0.966,0.45367,1.15406,0.6527,2.41887,2.4435,0.27373,0.03333,0.23936,0.40909,0.31718,0.96933,0.01667,NORMAL,2026-09-10 06:54:40
0.00676,0.218,0.03792,0.0002,0.01408,1.4015,20.0,0.0114,0.0125,0.5328,0.2576,1.0,61.35621,0.8789,1.0,0.97632,112.32,1.872,0.37131,0.82192,0.5094,2.1629,1.45279,0.5965,0.08333,0.21532,0.25183,0.15167,0.94843,0.16667,NORMAL,2026-09-10 06:54:40
0.01403,0.3909,0.03969,0.00065,0.02548,1.4226,20.0,0.014,0.0071,0.6433,0.8735,1.0,105.29539,0.8329,0.3333,1.48016,113.04,1.344,0.64186,2.46473,0.5737,2.96508,6.4615,0.54137,0.23333,0.25866,0.15211,0.30653,0.96845,0.3,WARNING,2026-09-10 06:54:40
0.00678,0.2363,0.03851,0.00024,0.01535,1.4195,20.0,0.0123,0.0115,0.6773,0.4125,1.0,76.24668,0.8517,1.0,1.27078,111.6,0.96,0.3985,0.8205,0.661,2.11062,1.19672,0.56066,0.11667,0.2294,0.21952,0.21982,0.94706,0.13333,NORMAL,2026-09-10 06:54:50
0.01488,0.3956,0.03864,0.00062,0.02496,1.4301,20.0,0.0123,0.0057,0.7584,0.8604,1.0,67.40405,0.8689,0.3333,1.01794,113.04,1.344,0.64593,2.6225,0.5746,3.04022,7.53971,0.60425,0.3,0.25095,0.12499,0.27075,0.95849,0.16667,WARNING,2026-09-10 06:54:50
0.01609,0.6949,0.04639,0.00224,0.04732,1.3672,20.0,0.0291,0.0155,0.9301,0.9095,2.0,112.64937,0.7615,1.0,1.87749,85.32,1.068,1.01984,3.28407,0.6035,3.55387,9.71289,0.41308,0.16667,0.23636,0.2516,0.33532,0.99049,0.0,WARNING,2026-09-10 06:54:50
0.01656,0.3709,0.03986,0.00052,0.02287,1.5243,20.0,0.0114,0.0081,0.4576,0.5179,1.0,87.80087,0.8445,0.5,1.46335,98.28,0.99,0.57368,2.55667,0.6493,3.12702,8.27165,0.27061,0.06667,0.22968,0.40709,0.3223,0.96615,0.05,WARNING,2026-09-10 06:54:50
0.00556,0.2956,0.03649,0.00024,0.01552,1.36,20.0,0.0118,0.0049,0.4032,0.6407,2.0,132.934,0.8583,1.0,1.27506,110.88,0.966,0.42518,1.17922,0.6524,2.37358,2.76391,0.22888,0.45,0.25676,0.29764,0.47348,0.96118,0.5,NORMAL,2026-09-10 06:54:50
0.00631,0.2052,0.03876,0.00023,0.01526,1.4183,20.0,0.0117,0.0115,0.2089,0.2512,1.0,76.24668,0.8782,1.0,1.27078,111.6,1.278,0.39378,0.82393,0.601,2.10053,1.24291,0.43842,0.1,0.23657,0.28365,0.27793,0.95027,0.11667,NORMAL,2026-09-10 06:55:00
0.01516,0.4138,0.03813,0.00062,0.02481,1.4368,20.0,0.0155,0.0057,0.8226,0.7538,1.0,98.09096,0.8513,0.3333,1.11134,138.24,1.194,0.65077,2.74832,0.6051,3.0743,7.98355,0.63613,0.3,0.25573,0.08268,0.28119,0.95273,0.15,WARNING,2026-09-10 06:55:00
0.01704,0.7068,0.05304,0.00355,0.05958,1.3607,20.0,0.0248,0.0155,0.9423,0.9022,2.0,62.48617,0.8396,1.0,0.83363,78.12,0.75,1.12334,2.6045,0.6678,3.18511,5.2788,0.43867,0.16667,0.24382,0.19116,0.37017,0.98156,0.11667,WARNING,2026-09-10 06:55:00
0.01665,0.3583,0.0387,0.00043,0.0208,1.5322,20.0,0.0135,0.0081,0.6421,0.4997,1.0,87.80087,0.8355,0.5,1.46335,121.68,1.05,0.53752,2.66071,0.6401,3.26991,10.30266,0.41374,0.18333,0.25008,0.19565,0.39062,0.97911,0.3,WARNING,2026-09-10 06:55:00
0.00498,0.3172,0.03452,0.00019,0.01396,1.3665,20.0,0.0077,0.0043,0.1475,0.632,2.0,132.934,0.876,1.0,1.33833,124.92,1.116,0.40429,0.5777,0.6201,2.14827,1.48283,0.26413,0.11667,0.24855,0.31333,0.42254,0.95013,0.1,NORMAL,2026-09-10 06:55:00
0.00532,0.2949,0.03317,0.00015,0.0124,1.3625,20.0,0.0081,0.0043,0.4297,0.734,2.0,132.934,0.8757,1.0,1.33833,93.6,0.792,0.37391,-0.17495,0.6938,1.70168,-0.15451,0.26824,0.1,0.23889,0.3736,0.35816,0.94528,0.11667,NORMAL,2026-09-10 06:55:10
0.01784,0.3406,0.0395,0.00041,0.02021,1.5462,20.0,0.0144,0.0081,0.5515,0.6198,1.0,92.50586,0.8298,0.5,1.54176,121.68,1.698,0.51158,2.80265,0.5277,3.2372,11.37933,0.46867,0.35,0.26805,0.07502,0.45631,0.97677,0.36667,WARNING,2026-09-10 06:55:10
0.01696,0.708,0.05612,0.00403,0.0635,1.3758,20.0,0.0226,0.0155,0.8977,0.9114,2.0,131.41503,0.7604,1.0,2.19025,91.08,1.518,1.13146,2.3585,0.534,2.99811,3.91217,0.37261,0.11667,0.25794,0.19135,0.43603,0.96099,0.41667,WARNING,2026-09-10 06:55:10
0.015,0.4075,0.0368,0.00044,0.02092,1.4487,20.0,0.0158,0.0057,0.7538,0.7178,1.0,98.09096,0.8396,0.3333,1.28164,138.24,1.194,0.56832,2.84348,0.6079,3.10343,9.93624,0.52082,0.13333,0.25328,0.1211,0.35808,0.97015,0.43333,WARNING,2026-09-10 06:55:10
0.00626,0.2547,0.03734,0.00023,0.015,1.4196,20.0,0.0104,0.0115,0.1407,0.6302,1.0,76.24668,0.8791,1.0,1.27078,111.6,1.278,0.40181,1.00462,0.5941,2.17421,1.76607,0.27522,0.45,0.24831,0.34353,0.38125,0.95051,0.1,NORMAL,2026-09-10 06:55:10
0.0069,0.2443,0.03707,0.00026,0.016,1.438,20.0,0.0082,0.0076,0.0146,0.5976,1.0,76.24668,0.8809,1.0,1.27078,76.68,1.278,0.43155,0.8296,0.5945,2.16747,1.20721,0.1974,0.46667,0.26858,0.28734,0.51526,0.94478,0.45,NORMAL,2026-09-10 06:55:20
0.01543,0.4131,0.03439,0.00026,0.01609,1.4554,20.0,0.0149,0.0025,0.753,0.7588,1.0,98.09096,0.8422,0.3333,1.28164,138.24,1.194,0.46782,2.88213,0.6086,3.28438,14.81973,0.38104,0.11667,0.25649,0.17194,0.44702,0.96708,0.13333,WARNING,2026-09-10 06:55:20
0.02027,0.7238,0.05689,0.00402,0.06339,1.3619,20.0,0.0229,0.005,0.9165,0.9165,2.0,97.96463,0.8129,1.0,1.31835,110.52,2.226,1.11423,2.33453,0.4462,2.98303,3.85009,0.32525,0.11667,0.24983,0.23589,0.43886,0.96211,0.4,WARNING,2026-09-10 06:55:20
0.01849,0.3608,0.03688,0.00034,0.01837,1.5868,20.0,0.0126,0.0089,0.4724,0.7237,1.0,92.50586,0.8358,0.5,1.54176,121.68,1.956,0.49807,3.37531,0.4907,3.48577,17.27898,0.46357,0.36667,0.26509,0.08551,0.45092,0.97746,0.13333,WARNING,2026-09-10 06:55:20
0.00495,0.3163,0.03394,0.00015,0.01211,1.3885,20.0,0.0108,0.0043,0.5665,0.7267,2.0,132.934,0.8258,1.0,1.72122,93.6,0.792,0.35689,-0.06738,0.6957,1.75004,0.28073,0.3443,0.11667,0.24402,0.27677,0.37893,0.9778,0.1,NORMAL,2026-09-10 06:55:20
0.00714,0.218,0.0406,0.00029,0.01696,1.4366,20.0,0.0095,0.0076,0.0582,0.5857,1.0,76.24668,0.8798,1.0,1.27078,86.4,1.278,0.41776,0.93794,0.5962,2.18896,1.53692,0.23188,0.46667,0.25076,0.28941,0.47871,0.95634,0.0,NORMAL,2026-09-10 06:55:30
0.01819,0.4263,0.04045,0.00057,0.02386,1.4805,20.0,0.0165,0.0025,0.7989,0.7288,1.0,98.09096,0.8366,0.3333,1.28164,138.24,1.194,0.58994,2.30147,0.6082,3.2695,7.44367,0.24306,0.0,0.19907,0.56736,0.18958,0.94374,0.01667,WARNING,2026-09-10 06:55:30
0.01821,0.7299,0.06259,0.00442,0.06651,1.3906,20.0,0.0248,0.005,0.9013,0.9433,2.0,139.59351,0.7471,1.0,2.32656,106.56,1.776,1.06252,2.23837,0.4933,3.19046,3.73156,0.35164,0.11667,0.25469,0.20944,0.43892,0.96922,0.4,WARNING,2026-09-10 06:55:30
0.01874,0.3771,0.04081,0.00041,0.02027,1.5875,20.0,0.0124,0.0089,0.5071,0.7645,1.0,92.50586,0.8354,0.5,1.54176,121.68,1.014,0.49667,2.35151,0.6417,3.15214,9.40854,0.49296,0.13333,0.26421,0.09919,0.40784,0.96047,0.36667,WARNING,2026-09-10 06:55:30
0.00378,0.321,0.0359,0.00021,0.01462,1.3826,20.0,0.0118,0.0043,0.6965,0.7914,2.0,132.934,0.8478,1.0,1.33833,93.6,1.104,0.40725,0.61699,0.6259,2.21588,1.44547,0.4798,0.08333,0.25563,0.1507,0.3695,0.95801,0.11667,NORMAL,2026-09-10 06:55:30
0.01736,0.3693,0.04529,0.00052,0.0229,1.6066,20.0,0.0123,0.0089,0.5749,0.7282,1.0,92.50586,0.8342,0.5,1.54176,121.68,1.014,0.50574,1.50021,0.643,2.83028,3.98364,0.42928,0.13333,0.20353,0.37561,0.19511,0.95432,0.01667,WARNING,2026-09-10 06:55:40
0.01871,0.7689,0.07505,0.00543,0.07372,1.3924,20.0,0.03,0.005,0.9202,0.9384,2.0,107.69642,0.7643,1.0,1.79494,106.56,1.776,0.98228,1.6285,0.4937,2.76912,1.27161,0.38584,0.11667,0.23784,0.25887,0.35529,0.96681,0.41667,WARNING,2026-09-10 06:55:40
0.00505,0.3149,0.04323,0.00053,0.023,1.4127,20.0,0.0139,0.0043,0.7261,0.6966,2.0,128.98199,0.8415,1.0,1.33833,78.48,0.732,0.53193,1.60789,0.7087,2.79067,3.75731,0.28963,0.0,0.20173,0.52953,0.18084,0.96341,0.01667,NORMAL,2026-09-10 06:55:40
0.00596,0.2627,0.04372,0.00034,0.01848,1.4406,20.0,0.0103,0.0076,0.3553,0.6011,1.0,110.34115,0.8632,1.0,1.27078,86.4,1.278,0.42261,0.7715,0.5963,2.02952,0.77519,0.27778,0.01667,0.24935,0.30486,0.41736,0.96059,0.46667,NORMAL,2026-09-10 06:55:40
0.01706,0.4031,0.05039,0.00124,0.03524,1.5019,20.0,0.0123,0.0025,0.6838,0.8677,1.0,98.09096,0.8509,0.3333,1.28164,138.24,1.194,0.69925,1.69707,0.6011,2.95007,2.81494,0.21666,0.01667,0.17922,0.65914,0.1242,0.94083,0.0,WARNING,2026-09-10 06:55:40
0.00604,0.2456,0.04669,0.00058,0.02401,1.4602,20.0,0.0137,0.0076,0.5763,0.5048,1.0,110.34115,0.8504,1.0,1.26461,86.4,1.278,0.51431,2.71828,0.5956,3.32369,11.73624,0.30011,0.01667,0.26354,0.24203,0.45786,0.9674,0.41667,NORMAL,2026-09-10 06:55:50
0.0162,0.4308,0.06,0.00165,0.04058,1.5013,20.0,0.019,0.0025,0.703,0.8837,1.0,107.92476,0.7995,0.3333,1.77157,138.24,1.194,0.67625,1.23537,0.5905,2.50395,0.82282,0.24871,0.01667,0.20509,0.54359,0.2077,0.95512,0.06667,HIGH,2026-09-10 06:55:50
0.0186,0.8064,0.09084,0.00757,0.087,1.423,35.0,0.0358,0.005,0.9335,0.9303,2.0,107.69642,0.7496,1.0,1.79494,106.56,1.776,0.95771,1.73838,0.4956,3.31116,2.54574,0.32938,0.01667,0.22436,0.39551,0.27511,0.96853,0.1,HIGH,2026-09-10 06:55:50
0.01863,0.3925,0.05211,0.00063,0.02514,1.6159,35.0,0.0167,0.0105,0.7398,0.8074,1.0,92.50586,0.8194,0.5,1.54176,121.68,1.014,0.48258,1.09822,0.6366,2.34403,1.22592,0.34377,0.01667,0.18677,0.52038,0.13585,0.94956,0.13333,HIGH,2026-09-10 06:55:50
0.00571,0.3176,0.04978,0.00086,0.02929,1.4226,50.0,0.0152,0.0043,0.7923,0.7955,2.0,86.08656,0.8298,1.0,1.43478,78.48,0.732,0.58841,1.26915,0.7064,2.3668,1.31378,0.14069,0.01667,0.20252,0.62277,0.23654,0.93654,0.03333,NORMAL,2026-09-10 06:55:50
0.00731,0.2681,0.0513,0.00061,0.0247,1.4809,50.0,0.0138,0.0076,0.6152,0.478,1.0,110.34115,0.8494,1.0,1.26461,86.4,0.774,0.48146,2.20833,0.7063,3.06437,8.64081,0.42744,0.3,0.25152,0.19691,0.37565,0.96818,0.41667,WARNING,2026-09-10 06:56:00
0.01735,0.455,0.06833,0.0018,0.04242,1.5103,30.0,0.0258,0.0025,0.7817,0.9096,2.0,107.92476,0.7895,0.6667,1.62594,87.12,0.978,0.62086,0.93821,0.6293,2.25444,-0.04643,0.21226,0.01667,0.22476,0.48854,0.2992,0.972,0.06667,HIGH,2026-09-10 06:56:00
0.01902,0.829,0.10251,0.00734,0.0857,1.4268,50.0,0.0444,0.005,0.9419,0.9134,2.0,137.75481,0.6984,1.0,2.3949,106.56,1.776,0.836,1.47602,0.485,3.11504,1.93435,0.25196,0.1,0.24856,0.39396,0.35408,0.94742,0.08333,HIGH,2026-09-10 06:56:00
0.01827,0.3846,0.05935,0.00097,0.03113,1.6222,35.0,0.0232,0.0105,0.8044,0.8428,1.0,197.77821,0.7941,0.5,1.64815,53.28,0.888,0.52455,1.16046,0.6579,2.20936,0.97293,0.30559,0.01667,0.23698,0.39012,0.30429,0.94666,0.25,HIGH,2026-09-10 06:56:00
0.00515,0.3455,0.05301,0.00081,0.02838,1.438,50.0,0.016,0.0105,0.8224,0.6985,2.0,76.81999,0.8583,1.0,0.99205,131.04,1.74,0.5353,1.16202,0.5193,2.27261,1.14704,0.15306,0.01667,0.23792,0.47741,0.36953,0.94238,0.03333,WARNING,2026-09-10 06:56:00
0.01984,0.4261,0.06283,0.00095,0.03085,1.6551,35.0,0.0245,0.0105,0.8769,0.8245,2.0,197.77821,0.7885,1.0,1.64815,67.32,1.122,0.49101,0.95273,0.608,2.11488,0.62025,0.24845,0.01667,0.26519,0.26537,0.48618,0.9383,0.25,HIGH,2026-09-10 06:56:10
0.01963,0.8669,0.11243,0.00705,0.08398,1.4485,50.0,0.0557,0.005,0.9474,0.924,2.0,107.69642,0.7035,1.0,1.79494,129.24,1.776,0.74696,1.3626,0.4801,2.96474,1.72773,0.18568,0.1,0.25161,0.38783,0.42649,0.94958,0.08333,HIGH,2026-09-10 06:56:10
0.00602,0.331,0.0595,0.00083,0.02882,1.4453,50.0,0.0196,0.0105,0.8394,0.8263,2.0,76.81999,0.8226,1.0,1.34479,131.04,1.278,0.48434,0.83215,0.5879,2.0664,0.33108,0.18769,0.01667,0.24881,0.35153,0.46078,0.95019,0.5,WARNING,2026-09-10 06:56:10
0.00723,0.2558,0.05297,0.00062,0.02493,1.4895,50.0,0.0151,0.0076,0.7033,0.6395,1.0,110.34115,0.8439,1.0,1.26461,86.4,0.834,0.47066,1.99363,0.6806,2.98024,7.74801,0.48163,0.3,0.24224,0.22498,0.29339,0.96675,0.1,WARNING,2026-09-10 06:56:10
0.01697,0.4974,0.07559,0.00187,0.0433,1.5262,30.0,0.0327,0.0025,0.8987,0.9192,3.0,107.92476,0.7659,1.0,1.66533,87.12,1.284,0.5728,0.76604,0.5668,2.08097,-0.33104,0.19428,0.06667,0.22441,0.4758,0.32992,0.95054,0.01667,HIGH,2026-09-10 06:56:10
0.00825,0.2743,0.05656,0.00057,0.02386,1.5104,50.0,0.016,0.0131,0.7167,0.6154,1.0,110.34115,0.8177,1.0,1.60633,123.12,2.34,0.42179,2.16817,0.4493,2.84148,8.18663,0.4919,0.3,0.25536,0.17552,0.33258,0.96821,0.28333,WARNING,2026-09-10 06:56:20
0.01831,0.5035,0.08627,0.00155,0.03934,1.5364,30.0,0.0373,0.0244,0.9385,0.931,3.0,107.92476,0.753,1.0,1.66533,87.12,1.284,0.456,0.59503,0.5641,1.91061,-0.45706,0.26517,0.46667,0.24155,0.35187,0.38296,0.9353,0.08333,HIGH,2026-09-10 06:56:20
0.02212,0.903,0.12186,0.00623,0.07895,1.4489,50.0,0.0666,0.0292,0.966,0.957,2.0,107.69642,0.6798,1.0,1.79494,151.56,1.554,0.64792,1.43504,0.494,2.86384,2.1165,0.22998,0.1,0.24498,0.33456,0.43546,0.96407,0.11667,HIGH,2026-09-10 06:56:20
0.02154,0.455,0.07454,0.00105,0.03243,1.6867,35.0,0.029,0.0263,0.9037,0.9182,2.0,197.77821,0.776,1.0,1.64815,88.56,1.476,0.435,0.92832,0.5421,2.00539,0.25783,0.32718,0.43333,0.29635,0.07347,0.59935,0.95066,0.45,HIGH,2026-09-10 06:56:20
0.0058,0.3382,0.06479,0.0009,0.02996,1.4576,50.0,0.0251,0.0188,0.8948,0.8455,2.0,96.32254,0.7891,1.0,1.60538,131.04,1.278,0.46247,1.37045,0.5833,2.4523,2.19971,0.23814,0.5,0.26174,0.24394,0.51792,0.95388,0.48333,WARNING,2026-09-10 06:56:20
0.0061,0.3853,0.06627,0.00085,0.02916,1.4983,50.0,0.0278,0.0188,0.9174,0.8727,2.0,76.81999,0.8319,1.0,0.82753,131.04,1.278,0.44008,1.38877,0.5791,2.41764,2.44237,0.38803,0.45,0.26385,0.1942,0.41776,0.96463,0.48333,WARNING,2026-09-10 06:56:30
0.02114,0.4607,0.07646,0.0012,0.03471,1.7109,35.0,0.0345,0.018,0.9296,0.9152,2.0,197.77821,0.7612,1.0,1.64815,88.56,1.476,0.45395,0.75477,0.5364,1.94152,-0.15158,0.36627,0.43333,0.26613,0.15565,0.47809,0.96555,0.45,HIGH,2026-09-10 06:56:30
0.02269,0.9652,0.12676,0.00588,0.07665,1.475,50.0,0.0793,0.0348,0.975,0.9791,2.0,98.81122,0.6545,1.0,1.79494,151.56,1.554,0.60469,1.34588,0.4836,2.80638,2.0837,0.35605,0.36667,0.24328,0.24412,0.39983,0.97914,0.01667,HIGH,2026-09-10 06:56:30
0.0078,0.2888,0.05839,0.0006,0.02453,1.5176,50.0,0.0194,0.0131,0.797,0.8038,1.0,110.34115,0.8295,1.0,1.26461,48.96,0.816,0.4201,2.03256,0.6754,2.75382,6.94545,0.42469,0.3,0.26602,0.16055,0.41475,0.96355,0.5,WARNING,2026-09-10 06:56:30
0.01965,0.4932,0.08838,0.00166,0.04075,1.5699,30.0,0.0415,0.0314,0.955,0.9267,3.0,107.92476,0.7422,1.0,1.66533,87.12,1.284,0.46107,0.69382,0.5643,1.9037,-0.40785,0.32317,0.45,0.24683,0.27758,0.39925,0.96156,0.46667,HIGH,2026-09-10 06:56:30
0.00999,0.3019,0.05777,0.00058,0.02415,1.5524,50.0,0.0229,0.0131,0.8638,0.8199,1.0,61.60496,0.8213,1.0,1.21526,54.36,0.906,0.41812,2.12308,0.6546,2.78571,7.73366,0.35034,0.3,0.26898,0.19122,0.45844,0.95584,0.43333,WARNING,2026-09-10 06:56:40
0.0214,0.5456,0.08685,0.00168,0.04103,1.5834,30.0,0.0379,0.0314,0.9536,0.9244,3.0,113.42659,0.7385,1.0,1.89044,77.04,1.284,0.47245,0.72428,0.5623,1.92895,-0.50769,0.39079,0.43333,0.26738,0.1652,0.444,0.96185,0.1,HIGH,2026-09-10 06:56:40
0.0236,1.0115,0.13304,0.00531,0.07285,1.4937,50.0,0.0842,0.0348,0.9874,0.9821,2.0,104.60953,0.6451,1.0,1.78495,151.56,1.554,0.54753,1.39292,0.4755,2.73996,2.52262,0.36389,0.01667,0.23476,0.29819,0.33792,0.94273,0.3,HIGH,2026-09-10 06:56:40
0.02226,0.4653,0.07982,0.00135,0.03673,1.7513,35.0,0.0342,0.018,0.9359,0.9132,2.0,197.77821,0.7619,1.0,1.64815,102.24,1.944,0.46019,0.62605,0.4726,1.85548,-0.55705,0.33749,0.05,0.21848,0.45413,0.20839,0.95257,0.06667,HIGH,2026-09-10 06:56:40
0.00578,0.3637,0.06383,0.00073,0.02709,1.5044,50.0,0.0277,0.0259,0.9173,0.9123,2.0,76.81999,0.8278,1.0,0.89314,131.04,1.278,0.4244,1.70737,0.572,2.52431,3.94054,0.44102,0.2,0.26377,0.17783,0.38115,0.96457,0.46667,WARNING,2026-09-10 06:56:40
0.00722,0.4049,0.06223,0.0006,0.02441,1.5391,50.0,0.0311,0.0259,0.9253,0.9529,2.0,96.43293,0.7837,1.0,1.42008,131.04,1.278,0.39224,1.97048,0.5644,2.61809,6.38808,0.41983,0.18333,0.26156,0.18356,0.39661,0.96701,0.2,WARNING,2026-09-10 06:56:50
0.02291,0.4901,0.08093,0.00144,0.03789,1.7651,35.0,0.0377,0.018,0.9367,0.9138,2.0,197.77821,0.7531,1.0,1.64815,103.32,1.476,0.4682,0.70594,0.5308,1.82452,-0.58064,0.32946,0.06667,0.21228,0.54256,0.12799,0.9364,0.08333,HIGH,2026-09-10 06:56:50
0.02316,1.0222,0.1263,0.00331,0.05755,1.5353,50.0,0.0893,0.0348,0.9914,0.9773,2.0,98.81122,0.6412,1.0,1.64685,208.08,1.896,0.45564,0.7186,0.4367,1.88326,-0.32431,0.4428,0.3,0.24518,0.22349,0.3337,0.94605,0.31667,HIGH,2026-09-10 06:56:50
0.02113,0.5742,0.0876,0.00151,0.03886,1.612,30.0,0.0378,0.0314,0.9584,0.9498,3.0,113.42659,0.7386,1.0,1.89044,195.12,1.734,0.44362,0.72445,0.4895,1.93299,-0.32506,0.35205,0.1,0.27474,0.15529,0.49266,0.97403,0.35,HIGH,2026-09-10 06:56:50
0.00841,0.31,0.05624,0.00034,0.01848,1.5433,50.0,0.0242,0.0131,0.8983,0.8754,1.0,87.35431,0.8008,1.0,1.45591,101.16,1.284,0.32867,0.7513,0.577,2.0119,1.31578,0.43371,0.45,0.25649,0.19921,0.36708,0.973,0.03333,WARNING,2026-09-10 06:56:50
0.00973,0.3267,0.05607,0.0004,0.02011,1.605,50.0,0.0264,0.0131,0.9253,0.8918,1.0,87.35431,0.7942,1.0,1.45591,101.16,1.284,0.35858,1.13563,0.5755,2.10201,2.23482,0.4533,0.45,0.24398,0.21076,0.33594,0.95874,0.21667,WARNING,2026-09-10 06:57:00
0.02172,0.5739,0.09236,0.00172,0.04144,1.6369,30.0,0.0421,0.0314,0.9581,0.9464,3.0,113.42659,0.7285,1.0,1.89044,195.12,1.734,0.44865,1.0017,0.4884,2.30788,0.97818,0.3665,0.35,0.26862,0.13996,0.49354,0.9566,0.36667,HIGH,2026-09-10 06:57:00
0.02609,1.0754,0.12071,0.0029,0.05383,1.5454,50.0,0.0892,0.0348,0.9915,0.9911,2.0,91.76913,0.6462,1.0,1.52949,208.08,1.896,0.44599,0.84414,0.4292,1.97751,0.06603,0.47132,0.3,0.24327,0.23331,0.29537,0.96631,0.31667,HIGH,2026-09-10 06:57:00
0.02596,0.5013,0.08223,0.00138,0.03713,1.8221,35.0,0.0416,0.018,0.9505,0.9429,2.0,83.30146,0.7578,1.0,1.38836,112.32,1.872,0.45153,0.63032,0.4761,1.80702,-0.61818,0.43077,0.08333,0.22716,0.37999,0.18924,0.93477,0.25,HIGH,2026-09-10 06:57:00
0.00726,0.4303,0.06673,0.00077,0.02766,1.5473,50.0,0.0305,0.0259,0.9276,0.9584,2.0,96.43293,0.7807,1.0,1.49396,86.04,1.122,0.41453,1.49761,0.5884,2.42281,3.06088,0.31061,0.31667,0.2378,0.27873,0.41067,0.96435,0.0,WARNING,2026-09-10 06:57:00
0.00896,0.3213,0.057,0.00034,0.0184,1.6175,50.0,0.0259,0.0271,0.9108,0.9587,1.0,87.35431,0.7958,1.0,1.45591,101.16,1.284,0.32274,1.57881,0.5685,2.09036,3.37297,0.2576,0.45,0.25304,0.29108,0.45132,0.96348,0.03333,WARNING,2026-09-10 06:57:10
0.02308,0.6164,0.09318,0.00148,0.03841,1.683,30.0,0.0445,0.0325,0.9645,0.979,3.0,113.42659,0.7227,1.0,1.89044,195.12,1.734,0.41219,1.14776,0.4794,2.31763,1.72978,0.47131,0.35,0.25243,0.11791,0.41078,0.9626,0.25,HIGH,2026-09-10 06:57:10
0.02803,1.1513,0.12533,0.00393,0.06266,1.578,50.0,0.091,0.0348,0.9924,0.9939,2.0,91.76913,0.643,1.0,1.52949,208.08,1.896,0.5,1.74151,0.424,2.74792,3.84165,0.46819,0.18333,0.23423,0.27055,0.26126,0.97261,0.16667,HIGH,2026-09-10 06:57:10
0.02785,0.5102,0.08684,0.00137,0.03697,1.8587,35.0,0.0423,0.018,0.9473,0.9353,2.0,102.06379,0.7573,1.0,1.36917,103.32,1.476,0.42566,0.56144,0.523,1.72712,-0.77784,0.58239,0.25,0.23393,0.16841,0.2492,0.93025,0.35,HIGH,2026-09-10 06:57:10
0.00845,0.4256,0.06528,0.00075,0.02741,1.5806,50.0,0.0327,0.0259,0.9413,0.9553,2.0,96.43293,0.7871,1.0,1.2895,86.04,1.122,0.41988,1.53803,0.5873,2.47192,3.42553,0.30396,0.31667,0.26146,0.19857,0.49747,0.964,0.3,WARNING,2026-09-10 06:57:10
0.00822,0.4436,0.06638,0.00062,0.02492,1.6266,50.0,0.0341,0.0177,0.9215,0.966,2.0,96.43293,0.7839,1.0,1.2895,86.04,0.798,0.37543,0.68482,0.6489,1.98355,0.67402,0.33166,0.06667,0.25041,0.28724,0.3811,0.98049,0.08333,WARNING,2026-09-10 06:57:20
0.02789,0.5697,0.08382,0.00117,0.03421,1.9009,35.0,0.0413,0.018,0.9413,0.9567,2.0,112.77596,0.7316,1.0,1.8796,103.32,1.29,0.40815,0.67154,0.5489,1.75052,-0.45297,0.53699,0.25,0.24886,0.10011,0.3629,0.94252,0.35,HIGH,2026-09-10 06:57:20
0.0298,1.1947,0.1301,0.00388,0.06226,1.5978,50.0,0.0938,0.0348,0.9905,0.994,2.0,97.51614,0.6341,1.0,1.62527,208.08,1.896,0.47855,1.61236,0.4213,2.66931,3.48287,0.47814,0.16667,0.25369,0.1522,0.36966,0.95625,0.18333,HIGH,2026-09-10 06:57:20
0.02418,0.6453,0.0921,0.00174,0.04168,1.7085,30.0,0.0493,0.0325,0.9561,0.9714,3.0,184.71805,0.6567,1.0,3.07863,195.12,1.734,0.45257,1.14143,0.4812,2.31106,1.13647,0.52383,0.5,0.24883,0.13832,0.33785,0.95982,0.25,HIGH,2026-09-10 06:57:20
0.01187,0.3508,0.05804,0.00045,0.02125,1.6789,50.0,0.0234,0.0271,0.9191,0.9559,1.0,87.35431,0.8024,1.0,1.45591,101.16,1.284,0.36609,1.9122,0.5692,2.2996,4.52663,0.20824,0.45,0.2636,0.25088,0.54088,0.96699,0.46667,WARNING,2026-09-10 06:57:20
0.01289,0.3341,0.05721,0.00038,0.01956,1.7133,50.0,0.0211,0.0271,0.8711,0.9469,1.0,87.35431,0.8102,1.0,1.45591,101.16,1.284,0.34194,2.0709,0.5698,2.35069,6.17969,0.28163,0.45,0.26977,0.20541,0.51296,0.94922,0.46667,WARNING,2026-09-10 06:57:30
0.02495,0.6377,0.09537,0.00179,0.04231,1.7448,30.0,0.0504,0.0325,0.9694,0.9692,3.0,113.42659,0.7092,1.0,1.89044,195.12,1.734,0.44362,1.04696,0.4817,2.23918,0.8547,0.48496,0.48333,0.25008,0.18398,0.33105,0.96941,0.18333,HIGH,2026-09-10 06:57:30
0.02959,1.2433,0.13446,0.0037,0.06085,1.6463,50.0,0.1017,0.0598,0.9937,0.9927,2.0,91.76913,0.6226,1.0,1.56142,208.08,1.932,0.45256,1.73683,0.4126,2.6082,3.76864,0.33749,0.33333,0.25978,0.13746,0.52505,0.95589,0.38333,HIGH,2026-09-10 06:57:30
0.02791,0.5613,0.08692,0.00126,0.03545,1.9472,35.0,0.044,0.0373,0.9324,0.9664,2.0,112.77596,0.7257,1.0,1.8796,103.32,1.29,0.40782,1.12665,0.5455,2.24739,1.14631,0.45054,0.33333,0.26958,0.08211,0.46734,0.95496,0.25,HIGH,2026-09-10 06:57:30
0.0086,0.4513,0.06722,0.0006,0.02445,1.6715,50.0,0.0334,0.0177,0.9517,0.9698,2.0,96.43293,0.7847,1.0,1.2895,51.48,0.924,0.36379,0.72165,0.6242,1.96608,0.70352,0.34862,0.06667,0.24008,0.33407,0.31731,0.97322,0.08333,WARNING,2026-09-10 06:57:30
0.01341,0.3583,0.05647,0.00039,0.01975,1.7527,50.0,0.0264,0.0334,0.8933,0.9483,1.0,87.35431,0.7951,1.0,1.45591,144.72,1.614,0.34975,2.14744,0.5215,2.37571,6.16696,0.33455,0.13333,0.23796,0.28639,0.37906,0.96958,0.15,WARNING,2026-09-10 06:57:40
0.02688,0.6873,0.09704,0.00177,0.04207,1.7799,30.0,0.0524,0.037,0.9766,0.966,3.0,82.60137,0.7311,1.0,1.37669,89.28,1.608,0.43353,1.12729,0.4965,2.20879,0.9457,0.48207,0.23333,0.24135,0.20208,0.31585,0.96379,0.3,HIGH,2026-09-10 06:57:40
0.03164,1.274,0.13955,0.00425,0.06523,1.673,50.0,0.1029,0.0598,0.9919,0.9925,2.0,87.60405,0.6129,1.0,1.76429,111.96,1.896,0.46742,1.48839,0.4094,2.49922,2.32585,0.23708,0.33333,0.25995,0.17079,0.59213,0.95331,0.38333,HIGH,2026-09-10 06:57:40
0.03131,0.5984,0.08751,0.00116,0.034,2.0171,35.0,0.0443,0.0373,0.9384,0.9796,2.0,112.77596,0.7249,1.0,1.8796,103.32,1.29,0.38852,1.1567,0.5385,2.24671,1.49997,0.41574,0.33333,0.26295,0.1283,0.45596,0.96275,0.1,HIGH,2026-09-10 06:57:40
0.00859,0.4778,0.07343,0.00072,0.02691,1.6778,50.0,0.0304,0.0177,0.9473,0.9648,2.0,94.49225,0.793,1.0,1.2895,61.56,1.776,0.36643,0.56254,0.4886,1.8547,0.18312,0.33537,0.06667,0.2497,0.29024,0.37439,0.96493,0.2,WARNING,2026-09-10 06:57:40
0.00935,0.4976,0.07296,0.00071,0.02658,1.7295,50.0,0.0338,0.0177,0.9508,0.9771,2.0,94.49225,0.7918,1.0,1.15965,79.92,0.954,0.36429,0.53522,0.6075,1.86784,0.27063,0.28496,0.45,0.24721,0.29418,0.42086,0.96388,0.05,WARNING,2026-09-10 06:57:50
0.03132,0.5956,0.09814,0.00193,0.04396,2.0469,35.0,0.0411,0.0373,0.9216,0.9821,2.0,112.77596,0.7328,1.0,1.8796,71.28,1.188,0.44787,1.39624,0.5513,2.19393,1.86542,0.39801,0.0,0.23776,0.27796,0.32402,0.97141,0.2,HIGH,2026-09-10 06:57:50
0.0332,1.3095,0.14852,0.00484,0.0696,1.7014,50.0,0.1046,0.0598,0.9941,0.9931,2.0,87.60405,0.6176,1.0,1.56142,101.88,1.698,0.46863,1.16965,0.4237,2.34707,1.02742,0.22654,0.33333,0.26019,0.22891,0.54455,0.95823,0.28333,HIGH,2026-09-10 06:57:50
0.02946,0.708,0.09766,0.00183,0.04276,1.8224,30.0,0.0513,0.037,0.976,0.9647,3.0,125.34924,0.7221,1.0,1.59417,89.28,1.608,0.43783,1.1328,0.4906,2.19121,0.85633,0.57105,0.41667,0.25887,0.09996,0.32899,0.96665,0.25,HIGH,2026-09-10 06:57:50
0.01303,0.3882,0.06121,0.00053,0.02309,1.7556,50.0,0.0291,0.0337,0.9235,0.9136,1.0,68.10214,0.8127,1.0,1.05354,144.72,1.614,0.37732,1.60649,0.5228,2.17283,2.64803,0.33849,0.15,0.23086,0.29168,0.36982,0.96467,0.35,WARNING,2026-09-10 06:57:50
0.01375,0.4102,0.06011,0.00048,0.02202,1.8028,50.0,0.0283,0.0301,0.8768,0.9169,1.0,68.10214,0.8165,1.0,1.05354,144.72,1.614,0.36638,1.58621,0.5222,2.22046,3.05003,0.50928,0.15,0.23025,0.19177,0.29894,0.94992,0.35,WARNING,2026-09-10 06:58:00
0.03073,0.7379,0.09598,0.00175,0.04184,1.8591,30.0,0.0552,0.037,0.9759,0.9655,3.0,125.34924,0.7134,1.0,1.59417,89.28,1.608,0.43588,1.19593,0.486,2.07047,0.67967,0.49018,0.43333,0.25664,0.11037,0.39945,0.9732,0.41667,HIGH,2026-09-10 06:58:00
0.03303,1.4039,0.15405,0.00561,0.07488,1.742,50.0,0.1074,0.0598,0.9925,0.9925,2.0,87.60405,0.613,1.0,1.56142,135.36,2.256,0.48609,1.25,0.3777,2.24784,1.22178,0.32141,0.33333,0.25129,0.2694,0.40919,0.94702,0.26667,HIGH,2026-09-10 06:58:00
0.03193,0.6435,0.10043,0.00172,0.04149,2.0847,35.0,0.0443,0.0465,0.926,0.9798,2.0,112.77596,0.7254,1.0,1.8796,49.32,0.822,0.41313,1.5856,0.6144,2.17092,2.56536,0.39066,0.01667,0.24349,0.24843,0.36091,0.958,0.2,HIGH,2026-09-10 06:58:00
0.00942,0.5019,0.07218,0.00061,0.02477,1.7584,50.0,0.0332,0.0177,0.9438,0.9845,2.0,94.49225,0.7936,1.0,1.15965,79.92,0.828,0.3432,0.49792,0.6276,1.90039,0.36096,0.23591,0.03333,0.23124,0.44154,0.32255,0.95303,0.05,WARNING,2026-09-10 06:58:00
0.01457,0.4106,0.062,0.00047,0.02171,1.8277,50.0,0.0311,0.0301,0.917,0.9363,1.0,106.41967,0.7628,1.0,1.77366,144.72,1.614,0.35019,1.43163,0.5191,2.1637,2.84141,0.63558,0.16667,0.22954,0.15932,0.2051,0.93449,0.15,WARNING,2026-09-10 06:58:10
0.0301,0.7942,0.10183,0.00179,0.04226,1.8851,30.0,0.056,0.037,0.9825,0.9866,3.0,125.34924,0.7112,1.0,1.59417,89.28,1.608,0.41498,0.9784,0.4795,1.96619,0.06439,0.39852,0.33333,0.25682,0.139,0.46248,0.95424,0.43333,HIGH,2026-09-10 06:58:10
0.03438,1.4439,0.16475,0.00542,0.07364,1.7917,50.0,0.108,0.0598,0.9942,0.9931,2.0,87.45419,0.6082,1.0,1.66278,135.36,2.256,0.44697,1.32774,0.3738,2.42559,2.47894,0.48081,0.1,0.23182,0.27802,0.24117,0.95729,0.28333,HIGH,2026-09-10 06:58:10
0.03386,0.6451,0.10275,0.00166,0.04076,2.1327,35.0,0.0445,0.0465,0.9312,0.9831,2.0,100.24094,0.7246,1.0,1.8796,75.24,1.272,0.39666,1.53786,0.5324,2.13378,2.54089,0.30402,0.01667,0.21971,0.36812,0.32786,0.95146,0.03333,HIGH,2026-09-10 06:58:10
0.01023,0.5443,0.07828,0.00078,0.02796,1.7995,50.0,0.0366,0.0177,0.9615,0.9715,2.0,95.1814,0.7584,1.0,1.58636,122.04,1.02,0.3571,0.53876,0.5914,1.79052,0.09528,0.28181,0.03333,0.22289,0.4605,0.25769,0.96212,0.05,WARNING,2026-09-10 06:58:10
0.01025,0.5455,0.08014,0.00074,0.02727,1.8256,50.0,0.037,0.0353,0.9661,0.9727,2.0,95.1814,0.7573,1.0,1.58636,122.04,1.422,0.34025,0.54101,0.5256,1.7582,-0.20392,0.22609,0.03333,0.21105,0.5151,0.25881,0.94325,0.05,WARNING,2026-09-10 06:58:20
0.03607,0.6554,0.1058,0.00164,0.04054,2.2108,35.0,0.0429,0.0465,0.941,0.9849,2.0,98.19427,0.7464,1.0,1.54101,122.4,1.272,0.38317,1.40495,0.5297,2.08174,2.19265,0.29756,0.03333,0.21532,0.40352,0.29893,0.9715,0.05,HIGH,2026-09-10 06:58:20
0.03765,1.5053,0.17136,0.00499,0.07066,1.8019,50.0,0.1134,0.0763,0.9916,0.9923,2.0,87.45419,0.5807,1.0,2.20641,135.36,2.256,0.41233,1.37708,0.3717,2.36103,2.71459,0.5439,0.28333,0.24835,0.21143,0.24467,0.96678,0.23333,HIGH,2026-09-10 06:58:20
0.03285,0.7904,0.10743,0.00174,0.04177,1.9292,30.0,0.0568,0.0499,0.9825,0.9784,3.0,125.34924,0.7093,1.0,1.59417,107.64,1.794,0.38885,1.1439,0.4569,2.0628,0.87036,0.36258,0.18333,0.25553,0.1846,0.45282,0.97798,0.35,HIGH,2026-09-10 06:58:20
0.0166,0.4162,0.06311,0.00044,0.02104,1.8944,50.0,0.0306,0.0301,0.8969,0.9501,1.0,106.41967,0.7649,1.0,1.77366,144.72,1.614,0.33334,1.2357,0.5163,1.97226,1.90686,0.58699,0.16667,0.22629,0.21551,0.1975,0.95087,0.18333,WARNING,2026-09-10 06:58:20
0.01566,0.4185,0.06485,0.00045,0.02112,1.8993,50.0,0.0263,0.0301,0.9089,0.949,1.0,106.41967,0.7754,1.0,1.77366,144.72,1.614,0.32575,1.05773,0.5134,1.92381,1.47985,0.51003,0.16667,0.21206,0.3484,0.14157,0.94367,0.08333,WARNING,2026-09-10 06:58:30
0.0349,0.8139,0.10767,0.00147,0.03836,1.9778,30.0,0.0557,0.0499,0.9753,0.9783,3.0,125.34924,0.7122,1.0,1.59417,107.64,1.794,0.35629,1.2698,0.4559,2.07989,1.71089,0.39942,0.35,0.2578,0.17059,0.42999,0.98133,0.15,HIGH,2026-09-10 06:58:30
0.03826,1.5504,0.18512,0.00561,0.07489,1.8567,50.0,0.1136,0.0814,0.9928,0.9933,2.0,77.50298,0.6052,1.0,1.49556,135.36,2.256,0.40453,1.05924,0.3691,2.19141,1.26359,0.49078,0.28333,0.27769,0.15037,0.35885,0.96458,0.23333,HIGH,2026-09-10 06:58:30
0.03721,0.7192,0.10521,0.00143,0.03785,2.2456,35.0,0.0485,0.0494,0.9449,0.9808,2.0,98.19427,0.7329,1.0,1.54101,119.16,1.272,0.35973,1.50645,0.5307,2.10919,2.84542,0.30122,0.38333,0.24734,0.27867,0.42011,0.96698,0.4,HIGH,2026-09-10 06:58:30
0.01167,0.5822,0.08298,0.00073,0.02699,1.8725,50.0,0.0397,0.0353,0.96,0.9686,2.0,108.20013,0.7387,1.0,1.80334,122.04,1.92,0.32525,0.46058,0.4651,1.70552,-0.25072,0.21168,0.03333,0.22564,0.47721,0.31111,0.9468,0.01667,WARNING,2026-09-10 06:58:30
0.01678,0.4477,0.0661,0.0004,0.01997,1.9615,50.0,0.026,0.0301,0.8359,0.9692,1.0,166.70928,0.7217,1.0,2.77849,93.6,1.212,0.3021,1.17934,0.5689,1.89994,2.07821,0.57031,0.08333,0.20534,0.34179,0.08789,0.95121,0.23333,WARNING,2026-09-10 06:58:40
0.0368,0.8628,0.10846,0.00134,0.03656,2.0176,30.0,0.0569,0.0517,0.9793,0.9792,3.0,125.34924,0.7093,1.0,1.59417,107.64,1.794,0.3371,1.27621,0.4548,2.07675,2.14054,0.43372,0.15,0.25052,0.20263,0.36366,0.98099,0.35,HIGH,2026-09-10 06:58:40
0.03989,1.5869,0.19803,0.0073,0.08547,1.8815,50.0,0.1145,0.0814,0.9943,0.9962,2.0,104.18719,0.5952,1.0,1.73645,135.36,2.256,0.43159,0.98624,0.3673,2.02918,0.41129,0.36534,0.23333,0.26592,0.21849,0.41617,0.96271,0.08333,HIGH,2026-09-10 06:58:40
0.03918,0.7402,0.10649,0.00145,0.03803,2.294,35.0,0.0526,0.0494,0.9727,0.9772,2.0,98.19427,0.7333,1.0,1.32888,119.16,1.272,0.35709,1.53438,0.5313,2.08559,2.67029,0.33954,0.4,0.25792,0.20825,0.45221,0.94944,0.0,HIGH,2026-09-10 06:58:40
0.01139,0.6044,0.08197,0.00073,0.02702,1.8903,50.0,0.0397,0.0353,0.9653,0.9661,2.0,95.1814,0.7506,1.0,1.58636,122.04,1.422,0.32959,0.53782,0.5256,1.72436,-0.19227,0.35799,0.03333,0.23976,0.32168,0.32034,0.98032,0.01667,WARNING,2026-09-10 06:58:40
0.04,0.7576,0.09655,0.00078,0.02797,2.3539,35.0,0.052,0.0418,0.9684,0.9813,2.0,98.19427,0.7348,1.0,1.32888,119.16,1.314,0.28974,0.64323,0.5183,1.75904,0.2978,0.52741,0.1,0.25908,0.14072,0.33187,0.96594,0.4,HIGH,2026-09-10 06:58:50
0.04229,1.695,0.20256,0.00755,0.0869,1.92,50.0,0.1161,0.0814,0.994,0.9969,2.0,104.18719,0.5926,1.0,1.73645,135.36,2.256,0.42898,0.92013,0.365,1.98565,0.11133,0.29032,0.41667,0.25531,0.2954,0.41428,0.95541,0.45,HIGH,2026-09-10 06:58:50
0.01161,0.6067,0.08472,0.00066,0.02565,1.9544,50.0,0.041,0.0448,0.9753,0.9501,2.0,95.1814,0.7469,1.0,1.58636,137.16,2.286,0.30275,0.59228,0.4274,1.68104,-0.17862,0.47972,0.45,0.27636,0.10224,0.41805,0.95155,0.2,WARNING,2026-09-10 06:58:50
0.01659,0.4283,0.06506,0.00035,0.01869,1.9795,50.0,0.0295,0.0301,0.87,0.9707,1.0,106.41967,0.7684,1.0,1.77366,93.6,1.212,0.28725,1.08792,0.5689,1.93812,2.18664,0.53514,0.06667,0.21134,0.33023,0.13463,0.94912,0.23333,WARNING,2026-09-10 06:58:50
0.03751,0.8765,0.10894,0.00126,0.03547,2.0598,30.0,0.0589,0.0517,0.9842,0.9825,3.0,70.55556,0.74,1.0,0.91771,107.64,1.794,0.32564,1.25787,0.4533,2.07465,2.36535,0.48165,0.28333,0.24685,0.18724,0.33111,0.97654,0.18333,HIGH,2026-09-10 06:58:50
0.01929,0.4819,0.0692,0.00061,0.02469,2.0389,50.0,0.0313,0.0299,0.9094,0.9698,1.0,97.22845,0.7749,1.0,1.56701,97.2,1.212,0.35675,1.70366,0.5685,2.19758,3.5891,0.42523,0.25,0.2255,0.34686,0.2279,0.95059,0.23333,WARNING,2026-09-10 06:59:00
0.04039,0.9052,0.11255,0.00089,0.02976,2.1058,30.0,0.0579,0.0517,0.9726,0.9836,3.0,117.89209,0.6769,1.0,2.2323,107.64,1.794,0.26436,1.20457,0.4538,2.04111,3.69094,0.52869,0.25,0.25082,0.17921,0.2921,0.96978,0.26667,HIGH,2026-09-10 06:59:00
0.04441,1.7286,0.21478,0.00836,0.09144,1.9651,50.0,0.1207,0.1018,0.9921,0.9959,2.0,104.18719,0.5857,1.0,1.73645,132.84,2.214,0.42575,1.27029,0.3659,2.30376,1.51889,0.31028,0.5,0.25991,0.25413,0.43559,0.96135,0.41667,HIGH,2026-09-10 06:59:00
0.04257,0.7883,0.09864,0.0011,0.03311,2.4306,35.0,0.0533,0.0418,0.9787,0.9721,2.0,86.70444,0.7314,1.0,1.32888,119.16,2.196,0.33567,0.99807,0.4235,1.97286,0.97722,0.53078,0.23333,0.24593,0.17678,0.29244,0.95676,0.11667,HIGH,2026-09-10 06:59:00
0.01135,0.6201,0.0849,0.00071,0.02672,1.9768,50.0,0.0384,0.0448,0.9709,0.9603,2.0,95.1814,0.7535,1.0,1.58636,132.12,2.202,0.31469,0.67506,0.4338,1.68323,-0.06679,0.55993,0.48333,0.26758,0.05602,0.38405,0.95177,0.26667,WARNING,2026-09-10 06:59:00
0.01903,0.4954,0.07299,0.0007,0.02645,2.0603,50.0,0.0338,0.0299,0.9284,0.9638,1.0,97.22845,0.7678,1.0,1.56701,97.2,1.518,0.36244,1.25559,0.5217,2.07975,1.75368,0.26672,0.08333,0.25603,0.31078,0.42251,0.97016,0.4,WARNING,2026-09-10 06:59:10
0.04216,0.9176,0.11299,0.0009,0.03001,2.1584,30.0,0.0606,0.0517,0.9821,0.9872,3.0,70.55556,0.7301,1.0,1.02817,126.36,1.41,0.26561,1.08198,0.4931,2.03266,3.36285,0.56479,0.26667,0.24586,0.19071,0.2445,0.94218,0.25,HIGH,2026-09-10 06:59:10
0.04564,1.837,0.21338,0.00803,0.08963,2.005,50.0,0.1224,0.0895,0.9938,0.9947,2.0,104.18719,0.583,1.0,1.73645,104.4,1.74,0.42004,1.12068,0.3963,2.32357,1.38974,0.27367,0.5,0.26379,0.22587,0.50046,0.95097,0.48333,HIGH,2026-09-10 06:59:10
0.04427,0.7927,0.10066,0.00136,0.03683,2.4886,35.0,0.0535,0.0418,0.9824,0.9809,2.0,86.70444,0.7306,1.0,1.32888,123.84,2.064,0.36588,1.01777,0.4326,1.91541,0.4305,0.48885,0.28333,0.27447,0.11979,0.39136,0.95292,0.25,HIGH,2026-09-10 06:59:10
0.01324,0.6803,0.08225,0.00063,0.02517,2.0229,50.0,0.0408,0.0469,0.9751,0.9679,2.0,83.19248,0.7825,1.0,0.98656,132.12,2.202,0.30596,0.93898,0.4314,1.77886,0.58787,0.67083,0.15,0.26047,0.06803,0.26114,0.95043,0.21667,WARNING,2026-09-10 06:59:10
0.01443,0.6514,0.08289,0.00071,0.02668,2.0816,50.0,0.0391,0.0469,0.9705,0.9697,2.0,72.15491,0.7874,1.0,0.98656,132.12,2.202,0.32186,1.20874,0.4319,1.91247,1.33559,0.64555,0.15,0.24823,0.11724,0.2372,0.93308,0.3,WARNING,2026-09-10 06:59:20
0.0445,0.822,0.09958,0.00134,0.03665,2.5173,35.0,0.054,0.0418,0.9829,0.9745,2.0,79.73295,0.7295,1.0,1.32888,123.84,2.064,0.36807,1.08582,0.4309,1.93474,0.56443,0.48276,0.26667,0.26175,0.13176,0.38549,0.9504,0.28333,HIGH,2026-09-10 06:59:20
0.04619,1.8562,0.22106,0.00979,0.09893,2.0562,50.0,0.1272,0.0895,0.995,0.9967,2.0,104.18719,0.5757,1.0,1.73645,80.28,1.368,0.44753,1.26442,0.4233,2.24474,1.62989,0.3614,0.5,0.27609,0.11784,0.52077,0.93284,0.48333,HIGH,2026-09-10 06:59:20
0.04297,0.9586,0.11006,0.0007,0.02647,2.1955,30.0,0.0601,0.0517,0.983,0.9853,3.0,75.89989,0.7187,1.0,1.265,96.12,1.662,0.24047,0.07941,0.4657,1.46886,-0.7223,0.53073,0.01667,0.23121,0.22587,0.2434,0.95936,0.11667,HIGH,2026-09-10 06:59:20
0.02027,0.515,0.07459,0.00069,0.02625,2.1165,50.0,0.0323,0.0299,0.9023,0.9615,1.0,97.22845,0.7725,1.0,1.56701,100.8,1.68,0.35198,1.09554,0.4998,2.04165,1.41009,0.16373,0.38333,0.28302,0.21981,0.61646,0.96822,0.4,WARNING,2026-09-10 06:59:20
0.02218,0.524,0.07453,0.00072,0.02685,2.1831,50.0,0.0337,0.0299,0.927,0.9665,1.0,99.18765,0.7682,1.0,1.56701,110.16,1.518,0.36021,0.99297,0.5191,2.03811,1.12871,0.21667,0.38333,0.27606,0.19962,0.58372,0.97181,0.46667,WARNING,2026-09-10 06:59:30
0.04511,1.015,0.10944,0.00078,0.02789,2.2313,30.0,0.0619,0.0517,0.9806,0.9879,3.0,75.89989,0.7148,1.0,1.265,108.0,1.8,0.25483,0.18505,0.4488,1.47234,-0.8445,0.37865,0.31667,0.2118,0.31281,0.30854,0.94929,0.01667,HIGH,2026-09-10 06:59:30
0.05038,1.9311,0.21575,0.00913,0.09556,2.0837,50.0,0.1244,0.0895,0.9917,0.9983,2.0,161.94553,0.5495,1.0,2.69909,151.2,2.16,0.44294,1.55207,0.36,2.30393,2.52691,0.51694,0.5,0.25993,0.10179,0.38127,0.95285,0.48333,HIGH,2026-09-10 06:59:30
0.04871,0.8509,0.10293,0.00141,0.03751,2.5985,35.0,0.0591,0.0418,0.9826,0.9812,2.0,119.7827,0.715,1.0,1.38342,123.84,2.064,0.36445,0.95208,0.4302,1.87396,0.1122,0.48802,0.43333,0.25212,0.11505,0.39693,0.94605,0.45,HIGH,2026-09-10 06:59:30
0.01308,0.6895,0.08416,0.00068,0.02603,2.0864,50.0,0.0417,0.0469,0.9769,0.9662,2.0,78.77707,0.7606,1.0,1.31295,161.28,2.202,0.30925,1.27076,0.4313,1.89026,1.59057,0.58134,0.15,0.23475,0.1821,0.23656,0.93777,0.16667,WARNING,2026-09-10 06:59:30
0.02154,0.5664,0.07733,0.00071,0.02659,2.1873,50.0,0.0308,0.0299,0.9603,0.9734,1.0,99.18765,0.7993,1.0,1.16707,110.16,1.566,0.3439,0.81865,0.5096,1.97422,0.86643,0.40204,0.38333,0.26527,0.15293,0.44503,0.94909,0.28333,WARNING,2026-09-10 06:59:40
0.04862,1.0254,0.11272,0.00084,0.02897,2.2968,30.0,0.0644,0.0657,0.9752,0.9916,3.0,75.89989,0.7096,1.0,1.265,108.0,1.8,0.25704,0.52523,0.4457,1.69263,-0.28682,0.39372,0.33333,0.22878,0.25675,0.34952,0.93188,0.31667,HIGH,2026-09-10 06:59:40
0.05132,1.963,0.20792,0.00773,0.0879,2.1085,50.0,0.1257,0.0895,0.9958,0.9981,2.0,100.5713,0.5803,1.0,1.66393,151.2,2.16,0.42274,1.88432,0.3585,2.40809,4.59293,0.49547,0.11667,0.25259,0.18459,0.31994,0.97262,0.16667,HIGH,2026-09-10 06:59:40
0.04914,0.8786,0.10703,0.00202,0.04496,2.6547,35.0,0.0595,0.0418,0.9829,0.9845,2.0,119.7827,0.7134,1.0,1.39291,123.84,2.064,0.42007,1.88299,0.4306,2.67287,5.37609,0.41653,0.45,0.26292,0.10358,0.47988,0.94993,0.41667,HIGH,2026-09-10 06:59:40
0.01325,0.6995,0.08652,0.00099,0.03142,2.136,50.0,0.0433,0.0469,0.9779,0.9684,2.0,78.77707,0.7566,1.0,1.31295,161.28,2.202,0.36311,2.17557,0.4322,2.51212,6.54018,0.42325,0.06667,0.24358,0.24232,0.33443,0.96576,0.46667,WARNING,2026-09-10 06:59:40
0.05216,0.9159,0.11153,0.00208,0.04556,2.7355,35.0,0.0555,0.0535,0.9762,0.9881,2.0,119.7827,0.7235,1.0,1.38342,123.84,2.064,0.40851,1.97494,0.429,2.57538,5.10635,0.35546,0.41667,0.25949,0.18567,0.45887,0.95146,0.16667,HIGH,2026-09-10 06:59:50
0.05372,2.0492,0.22079,0.0101,0.10052,2.1671,50.0,0.1278,0.0895,0.996,0.9978,2.0,100.5713,0.5773,1.0,1.66393,151.2,2.16,0.45529,1.72896,0.357,2.24111,2.82808,0.35737,0.08333,0.24698,0.2675,0.37513,0.98088,0.1,HIGH,2026-09-10 06:59:50
0.01436,0.7586,0.08733,0.00108,0.03292,2.183,50.0,0.0433,0.0462,0.955,0.977,2.0,120.42924,0.7198,1.0,2.00715,161.28,2.07,0.37698,1.99792,0.4428,2.47753,5.21712,0.32896,0.06667,0.26263,0.22698,0.44406,0.96629,0.45,WARNING,2026-09-10 06:59:50
0.02198,0.5435,0.07812,0.00073,0.02705,2.2315,50.0,0.0294,0.0299,0.9458,0.9787,1.0,99.18765,0.8036,1.0,1.16707,110.16,1.518,0.34628,0.94073,0.5139,1.95285,0.95866,0.41411,0.28333,0.25588,0.15852,0.42737,0.96129,0.38333,WARNING,2026-09-10 06:59:50
0.04882,1.0657,0.11458,0.00087,0.02954,2.3435,30.0,0.0668,0.0657,0.984,0.9927,3.0,75.89989,0.7038,1.0,1.265,108.0,1.8,0.25778,0.57598,0.4437,1.66487,-0.27996,0.32909,0.03333,0.2349,0.31436,0.35654,0.9615,0.3,HIGH,2026-09-10 06:59:50
0.02384,0.5833,0.07802,0.00059,0.02424,2.2939,50.0,0.0297,0.035,0.96,0.9763,1.0,99.18765,0.7904,1.0,1.35412,110.16,1.518,0.3107,1.0245,0.5159,1.95862,1.50272,0.35934,0.4,0.25647,0.1809,0.45976,0.96935,0.41667,WARNING,2026-09-10 07:00:00
0.05164,1.0725,0.11781,0.00183,0.04283,2.3993,30.0,0.065,0.0657,0.9825,0.9914,3.0,75.89989,0.7078,1.0,1.265,108.0,1.8,0.3635,2.15075,0.4439,2.58317,7.28825,0.32586,0.05,0.24693,0.24571,0.42842,0.95975,0.35,HIGH,2026-09-10 07:00:00
0.05508,2.1032,0.21236,0.00864,0.09293,2.209,50.0,0.1295,0.0895,0.9962,0.9974,2.0,100.5713,0.5748,1.0,1.66393,151.2,2.16,0.43758,1.74891,0.3552,2.3452,3.26757,0.32275,0.36667,0.26634,0.16425,0.513,0.96114,0.5,HIGH,2026-09-10 07:00:00
0.05447,0.9552,0.10867,0.0019,0.04364,2.793,35.0,0.0541,0.0535,0.9767,0.9869,2.0,119.7827,0.7266,1.0,1.38342,100.44,1.674,0.40158,2.24603,0.4679,2.64937,6.75444,0.38563,0.26667,0.26908,0.18084,0.43353,0.97052,0.08333,HIGH,2026-09-10 07:00:00
0.01581,0.7685,0.08723,0.00097,0.03115,2.2173,50.0,0.0455,0.0462,0.952,0.9786,2.0,120.42924,0.7149,1.0,2.00715,161.28,2.07,0.35711,2.31073,0.4403,2.49618,6.90673,0.49936,0.28333,0.25824,0.14821,0.35244,0.9839,0.43333,WARNING,2026-09-10 07:00:00
0.02544,0.5872,0.07667,0.00061,0.02475,2.3458,50.0,0.0324,0.0331,0.9642,0.9757,1.0,99.18765,0.7945,1.0,1.16707,110.16,1.278,0.32287,0.86653,0.55,1.98629,1.29117,0.36837,0.31667,0.26256,0.13738,0.49426,0.9485,0.33333,WARNING,2026-09-10 07:00:10
0.05178,1.1325,0.1212,0.00217,0.04663,2.4348,30.0,0.0672,0.0657,0.9838,0.9939,3.0,75.89989,0.7029,1.0,1.265,108.0,1.8,0.38473,1.96517,0.4408,2.49382,5.06029,0.54932,0.21667,0.24778,0.16627,0.28441,0.95614,0.3,HIGH,2026-09-10 07:00:10
0.05883,2.2044,0.21009,0.00809,0.08995,2.2586,50.0,0.1321,0.117,0.9971,0.9967,2.0,100.5713,0.5709,1.0,1.66393,151.2,2.16,0.42816,2.02777,0.3536,2.37858,4.24365,0.39403,0.5,0.25172,0.18328,0.42269,0.96204,0.36667,HIGH,2026-09-10 07:00:10
0.05633,1.0019,0.10886,0.00173,0.04157,2.8627,35.0,0.0523,0.0636,0.9725,0.9866,2.0,119.7827,0.7158,1.0,1.67512,100.44,1.674,0.38188,2.51792,0.4654,2.66236,8.55033,0.40108,0.26667,0.26575,0.18547,0.41345,0.95324,0.08333,HIGH,2026-09-10 07:00:10
0.01615,0.7782,0.08813,0.00102,0.03199,2.2961,50.0,0.044,0.0462,0.9496,0.98,2.0,120.42924,0.7184,1.0,2.00715,161.28,2.07,0.36302,2.19076,0.4363,2.46634,6.06852,0.58417,0.28333,0.26026,0.09587,0.31997,0.96981,0.3,WARNING,2026-09-10 07:00:10
0.05625,1.003,0.11328,0.00203,0.04509,2.9303,35.0,0.0527,0.0636,0.9735,0.9873,2.0,76.47643,0.736,1.0,1.27461,100.44,1.674,0.39806,2.0005,0.4655,2.54463,5.0704,0.39261,0.35,0.25168,0.21069,0.3967,0.96277,0.26667,HIGH,2026-09-10 07:00:20
0.05843,2.2408,0.20726,0.00574,0.07577,2.3162,50.0,0.1344,0.117,0.9972,0.9963,2.0,100.5713,0.5673,1.0,1.67328,119.52,1.8,0.36558,2.09595,0.377,2.42811,5.18212,0.43549,0.13333,0.24593,0.21383,0.35069,0.97305,0.15,HIGH,2026-09-10 07:00:20
0.01675,0.7748,0.08926,0.0009,0.03001,2.349,50.0,0.0455,0.0462,0.9537,0.9843,2.0,120.42924,0.7149,1.0,2.00715,85.68,1.428,0.33618,2.33026,0.5078,2.45525,7.52827,0.51907,0.3,0.2599,0.12522,0.3557,0.96208,0.41667,WARNING,2026-09-10 07:00:20
0.02734,0.5884,0.0775,0.00053,0.023,2.4283,50.0,0.0326,0.0331,0.9688,0.9724,1.0,99.18765,0.794,1.0,1.16707,107.28,1.278,0.29677,0.91485,0.5539,1.9793,2.17536,0.33071,0.33333,0.25674,0.15585,0.51344,0.96104,0.31667,WARNING,2026-09-10 07:00:20
0.05541,1.1634,0.12609,0.00243,0.04925,2.5141,30.0,0.0659,0.0735,0.9843,0.9888,3.0,67.44241,0.7144,1.0,1.0946,132.84,2.214,0.39064,1.73235,0.4028,2.39247,3.54233,0.61248,0.21667,0.24097,0.17075,0.21677,0.97012,0.2,HIGH,2026-09-10 07:00:20
0.02758,0.6043,0.07791,0.00052,0.02287,2.4685,50.0,0.0343,0.0331,0.981,0.9708,1.0,46.32862,0.8154,1.0,0.75453,107.28,1.278,0.29357,0.92952,0.555,1.97057,2.12081,0.30477,0.33333,0.25666,0.15721,0.53801,0.9548,0.35,WARNING,2026-09-10 07:00:30
0.05632,1.1525,0.13019,0.00241,0.0491,2.5539,30.0,0.0651,0.0735,0.987,0.9939,3.0,67.44241,0.716,1.0,1.0946,85.32,1.422,0.37714,1.65405,0.4762,2.32746,3.13589,0.56136,0.2,0.24642,0.16008,0.27856,0.94174,0.21667,HIGH,2026-09-10 07:00:30
0.06072,2.3045,0.22357,0.01128,0.1062,2.3692,50.0,0.1327,0.117,0.9967,0.9979,2.0,145.93179,0.5461,1.0,2.4322,119.52,1.992,0.47502,2.9181,0.363,3.11008,10.78148,0.33974,0.01667,0.22323,0.37878,0.28148,0.96466,0.0,HIGH,2026-09-10 07:00:30
0.0604,1.0127,0.11344,0.0019,0.04361,2.9964,35.0,0.0561,0.0642,0.9681,0.9827,2.0,93.58427,0.7282,1.0,1.27461,100.44,1.674,0.38442,2.19042,0.4635,2.55262,6.09375,0.38686,0.35,0.25423,0.20106,0.41208,0.96932,0.48333,HIGH,2026-09-10 07:00:30
0.01716,0.8056,0.0898,0.00092,0.03027,2.3619,50.0,0.0456,0.0462,0.9494,0.9764,2.0,120.42924,0.7149,1.0,2.00715,91.08,1.518,0.33707,2.17341,0.4925,2.43971,6.97495,0.37809,0.48333,0.25736,0.21494,0.40697,0.9752,0.3,WARNING,2026-09-10 07:00:30
0.01721,0.8753,0.08876,0.00069,0.02629,2.4276,50.0,0.0484,0.0462,0.9556,0.975,2.0,120.42924,0.7083,1.0,2.00715,91.08,1.518,0.29618,1.45213,0.4933,1.93823,2.5946,0.30236,0.48333,0.28287,0.17308,0.52456,0.95998,0.5,WARNING,2026-09-10 07:00:40
0.06126,1.0512,0.11259,0.00126,0.03552,3.0718,35.0,0.0595,0.0642,0.9763,0.9876,2.0,93.58427,0.7219,1.0,1.23624,100.44,1.674,0.31548,1.31419,0.4615,2.01061,1.68019,0.38828,0.46667,0.28093,0.11546,0.49627,0.95235,0.45,HIGH,2026-09-10 07:00:40
0.06449,2.3638,0.22601,0.0118,0.10864,2.3792,50.0,0.1363,0.1261,0.997,0.9969,2.0,145.93179,0.5414,1.0,2.4322,119.52,1.992,0.48071,2.7268,0.361,3.06984,9.41779,0.24826,0.01667,0.2111,0.48904,0.26269,0.93942,0.0,HIGH,2026-09-10 07:00:40
0.02849,0.6148,0.07927,0.00054,0.02323,2.5089,50.0,0.0351,0.0331,0.9764,0.9433,1.0,46.32862,0.8132,1.0,0.75453,138.6,2.31,0.29301,0.87661,0.4287,1.93693,1.8995,0.2952,0.35,0.26648,0.12624,0.57856,0.9466,0.13333,WARNING,2026-09-10 07:00:40
0.05933,1.2164,0.13403,0.0026,0.05098,2.6059,30.0,0.0682,0.0735,0.9876,0.9948,3.0,78.05881,0.6987,1.0,1.30098,85.32,1.422,0.3804,1.49132,0.476,2.25833,2.18825,0.47143,0.41667,0.28564,0.09965,0.42892,0.92959,0.28333,HIGH,2026-09-10 07:00:40
0.02852,0.6633,0.07939,0.00048,0.02188,2.5435,50.0,0.0335,0.0331,0.9816,0.9678,1.0,46.32862,0.8176,1.0,0.75453,124.92,1.254,0.27559,0.84102,0.5467,1.94286,2.20244,0.27061,0.36667,0.26333,0.19,0.53939,0.94084,0.35,WARNING,2026-09-10 07:00:50
0.06214,1.2408,0.13327,0.0026,0.05098,2.6691,30.0,0.066,0.0729,0.9881,0.9899,3.0,78.05881,0.7034,1.0,1.30098,163.44,3.054,0.38251,1.5125,0.3426,2.26965,2.29546,0.4668,0.21667,0.2922,0.07199,0.46121,0.94373,0.5,HIGH,2026-09-10 07:00:50
0.06605,2.4416,0.21542,0.00878,0.09372,2.4539,50.0,0.1378,0.1261,0.9956,0.9975,2.0,145.93179,0.5395,1.0,2.4322,119.52,1.992,0.43507,3.72361,0.3566,3.27601,18.4988,0.47088,0.01667,0.23524,0.21834,0.31077,0.9789,0.15,HIGH,2026-09-10 07:00:50
0.06349,1.0648,0.10903,0.00102,0.03196,3.1372,35.0,0.0617,0.0642,0.9811,0.9856,2.0,93.58427,0.7234,1.0,1.10703,100.44,1.674,0.29313,1.0743,0.4594,1.73682,0.63695,0.3747,0.45,0.2847,0.09537,0.52993,0.95779,0.23333,HIGH,2026-09-10 07:00:50
0.01866,0.8572,0.08996,0.0006,0.02451,2.4693,50.0,0.0465,0.0542,0.9803,0.9706,2.0,115.54522,0.7336,1.0,1.58393,91.08,1.518,0.27252,1.41341,0.4955,1.92416,2.70725,0.28345,0.43333,0.28016,0.13589,0.58066,0.96218,0.5,WARNING,2026-09-10 07:00:50
0.06558,1.1308,0.11364,0.00111,0.03337,3.2006,35.0,0.0602,0.0642,0.9751,0.9854,2.0,93.58427,0.7271,1.0,1.10703,98.28,1.638,0.29363,0.94266,0.4621,1.66604,0.25801,0.38647,0.21667,0.26131,0.17964,0.43389,0.96778,0.5,HIGH,2026-09-10 07:01:00
0.06851,2.5051,0.22775,0.00998,0.09991,2.4973,50.0,0.1392,0.1278,0.9963,0.9976,2.0,145.93179,0.5378,1.0,2.4322,119.52,1.992,0.4387,3.16891,0.3553,3.09463,13.11401,0.52287,0.18333,0.24065,0.16731,0.30982,0.97642,0.15,HIGH,2026-09-10 07:01:00
0.01793,0.8716,0.09505,0.00068,0.02614,2.5248,50.0,0.0472,0.0571,0.9771,0.9757,2.0,115.54522,0.7322,1.0,1.58393,114.48,1.908,0.27498,1.19097,0.4504,1.81987,1.44296,0.33494,0.43333,0.27699,0.10728,0.55778,0.95683,0.41667,WARNING,2026-09-10 07:01:00
0.02911,0.664,0.08083,0.00052,0.02275,2.596,50.0,0.0322,0.0331,0.9755,0.9659,1.0,48.71109,0.7965,1.0,1.13999,124.92,1.386,0.28142,1.0196,0.5267,2.01505,2.69217,0.23851,0.05,0.22947,0.36049,0.401,0.96887,0.31667,WARNING,2026-09-10 07:01:00
0.0638,1.2892,0.13205,0.00202,0.04498,2.7172,30.0,0.066,0.0729,0.9874,0.9959,3.0,78.05881,0.7035,1.0,1.30098,79.56,1.08,0.34063,1.29471,0.5197,1.82949,0.97442,0.59539,0.21667,0.25042,0.12839,0.27622,0.95517,0.2,HIGH,2026-09-10 07:01:00
0.03012,0.6798,0.08303,0.00051,0.02259,2.6521,50.0,0.0345,0.0456,0.9699,0.9731,1.0,60.91931,0.7955,1.0,1.05919,124.92,1.386,0.27201,1.28541,0.5238,1.96634,2.60844,0.30932,0.11667,0.22988,0.32113,0.36955,0.95773,0.05,WARNING,2026-09-10 07:01:10
0.06539,1.3212,0.13272,0.00225,0.04741,2.7927,30.0,0.0687,0.0729,0.9839,0.9918,3.0,113.06687,0.6881,1.0,1.50485,164.16,1.68,0.35722,1.56544,0.4458,2.11652,2.08744,0.58134,0.18333,0.22209,0.20822,0.21044,0.95258,0.16667,HIGH,2026-09-10 07:01:10
0.06884,2.5593,0.23325,0.00986,0.0993,2.5638,50.0,0.1392,0.1377,0.9965,0.9983,2.0,145.93179,0.5377,1.0,2.4322,119.52,1.992,0.42573,3.09794,0.3528,3.03574,12.79435,0.55489,0.18333,0.24804,0.15957,0.28554,0.96494,0.15,HIGH,2026-09-10 07:01:10
0.06665,1.1398,0.11772,0.00177,0.04213,3.2827,35.0,0.0611,0.0671,0.978,0.9896,2.0,93.58427,0.7203,1.0,1.19559,98.28,1.638,0.35787,2.23782,0.459,2.55687,7.24733,0.37661,0.06667,0.21989,0.38726,0.23614,0.9759,0.05,HIGH,2026-09-10 07:01:10
0.0188,0.8995,0.09782,0.00063,0.02513,2.591,50.0,0.0466,0.0618,0.9814,0.9796,2.0,115.54522,0.7467,1.0,1.34225,114.48,1.908,0.25688,1.08551,0.4488,1.77624,1.13448,0.38143,0.15,0.27712,0.09927,0.5193,0.96272,0.41667,WARNING,2026-09-10 07:01:10
0.03231,0.7412,0.08395,0.00056,0.02374,2.7301,50.0,0.0329,0.0456,0.9594,0.9582,1.0,126.97442,0.7871,1.0,1.2701,124.92,1.674,0.28275,1.11146,0.4921,1.93954,1.61119,0.46041,0.11667,0.24434,0.17087,0.36872,0.96957,0.35,WARNING,2026-09-10 07:01:20
0.06661,1.3297,0.14081,0.00301,0.05488,2.8466,30.0,0.0685,0.0729,0.9836,0.9925,3.0,113.06687,0.6917,1.0,1.43667,164.16,1.956,0.38975,1.46235,0.417,2.18271,1.76534,0.35401,0.18333,0.23797,0.29534,0.35065,0.97278,0.43333,HIGH,2026-09-10 07:01:20
0.07233,2.6554,0.23509,0.00976,0.09877,2.6189,50.0,0.14,0.1377,0.997,0.9977,2.0,145.93179,0.5366,1.0,2.4322,123.48,2.22,0.42012,3.09838,0.3391,3.0179,12.90004,0.60716,0.18333,0.24608,0.16922,0.22362,0.94653,0.05,HIGH,2026-09-10 07:01:20
0.07095,1.187,0.11946,0.00149,0.03863,3.3802,35.0,0.0586,0.0671,0.9763,0.991,2.0,114.03656,0.6909,1.0,1.90061,93.6,1.56,0.32341,2.64463,0.465,2.54601,10.3993,0.48193,0.01667,0.23304,0.25222,0.26586,0.97917,0.15,HIGH,2026-09-10 07:01:20
0.0203,0.9174,0.1002,0.00068,0.026,2.6259,50.0,0.0469,0.0618,0.9823,0.9831,2.0,115.54522,0.7457,1.0,1.34225,114.48,1.908,0.25945,0.84014,0.45,1.73304,0.37947,0.48547,0.15,0.26237,0.10672,0.40781,0.96499,0.16667,WARNING,2026-09-10 07:01:20
0.02012,0.975,0.10201,0.00061,0.02473,2.6866,50.0,0.0466,0.0659,0.9725,0.9825,2.0,115.54522,0.725,1.0,1.75054,114.48,1.908,0.24248,0.91446,0.4485,1.70899,0.59585,0.54628,0.16667,0.25885,0.09768,0.35604,0.9494,0.18333,WARNING,2026-09-10 07:01:30
0.07183,1.1993,0.1219,0.00143,0.03785,3.4425,35.0,0.0616,0.0671,0.98,0.993,2.0,114.03656,0.6843,1.0,1.90061,91.08,1.518,0.31053,2.66174,0.469,2.50414,10.76468,0.53181,0.15,0.24386,0.16114,0.30705,0.97417,0.13333,HIGH,2026-09-10 07:01:30
0.07552,2.7086,0.23237,0.00621,0.07878,2.6429,50.0,0.1432,0.1377,0.9958,0.9974,2.0,102.68529,0.5533,1.0,1.73422,123.48,2.22,0.33903,1.44854,0.3388,2.01588,1.61251,0.56249,0.16667,0.23645,0.196,0.24152,0.97101,0.18333,HIGH,2026-09-10 07:01:30
0.07097,1.3931,0.14425,0.00309,0.05562,2.9058,30.0,0.0671,0.0729,0.9856,0.9926,3.0,113.06687,0.6946,1.0,1.43667,164.16,1.956,0.38562,1.35966,0.4154,2.13361,1.37498,0.23598,0.43333,0.25821,0.27177,0.49225,0.95494,0.01667,HIGH,2026-09-10 07:01:30
0.03359,0.6895,0.0869,0.00057,0.0238,2.786,50.0,0.0341,0.0455,0.952,0.9642,1.0,126.97442,0.7796,1.0,1.34528,124.92,1.422,0.27391,0.95668,0.5262,1.87788,1.10428,0.48585,0.21667,0.25475,0.12802,0.38613,0.97117,0.35,WARNING,2026-09-10 07:01:30
0.03376,0.7324,0.08552,0.00055,0.02335,2.8201,50.0,0.0334,0.0455,0.9514,0.9686,1.0,126.97442,0.7859,1.0,1.2701,91.44,1.422,0.27309,1.09989,0.5234,1.90861,1.47871,0.38432,0.1,0.24607,0.26658,0.3491,0.97856,0.21667,WARNING,2026-09-10 07:01:40
0.07343,1.3905,0.14382,0.00282,0.05314,2.9669,30.0,0.0705,0.0729,0.9861,0.9908,3.0,113.06687,0.6874,1.0,1.43667,164.16,1.956,0.36952,1.49555,0.4157,2.15121,2.07538,0.17335,0.43333,0.25162,0.28777,0.53889,0.92443,0.41667,HIGH,2026-09-10 07:01:40
0.07715,2.778,0.24464,0.00796,0.08923,2.7127,50.0,0.1456,0.1578,0.996,0.9979,2.0,102.68529,0.55,1.0,1.73422,123.48,2.22,0.36473,1.74517,0.3377,2.15991,2.70106,0.32322,0.01667,0.22374,0.37892,0.29785,0.97742,0.06667,HIGH,2026-09-10 07:01:40
0.07379,1.2286,0.1234,0.00144,0.03791,3.5088,35.0,0.0619,0.0671,0.9774,0.9927,2.0,114.03656,0.6839,1.0,1.90061,91.08,1.518,0.30718,2.62999,0.4696,2.47601,10.30686,0.51014,0.13333,0.24233,0.17567,0.31419,0.98824,0.15,HIGH,2026-09-10 07:01:40
0.02017,0.9613,0.10233,0.00047,0.02161,2.7299,50.0,0.0485,0.0691,0.9767,0.987,2.0,99.66242,0.7422,1.0,1.34225,114.48,1.908,0.21117,0.72768,0.4456,1.53511,0.08536,0.45486,0.16667,0.26354,0.1088,0.43634,0.95572,0.35,WARNING,2026-09-10 07:01:40
0.03515,0.7418,0.08923,0.00054,0.02315,2.8723,50.0,0.0363,0.0455,0.9592,0.9686,1.0,126.97442,0.7779,1.0,1.2701,83.16,1.422,0.25949,0.88791,0.5189,1.83531,1.07615,0.47019,0.08333,0.23715,0.29708,0.23273,0.96129,0.3,WARNING,2026-09-10 07:01:50
0.07493,1.4759,0.14875,0.00262,0.0512,3.0206,30.0,0.0727,0.0883,0.9839,0.9906,3.0,113.06687,0.6778,1.0,1.54805,164.16,1.98,0.34422,1.51962,0.4137,2.0963,2.10435,0.16119,0.41667,0.2627,0.26232,0.57649,0.95328,0.43333,HIGH,2026-09-10 07:01:50
0.08011,2.8333,0.24404,0.00775,0.08804,2.7576,50.0,0.147,0.1578,0.9965,0.9979,2.0,105.03812,0.5475,1.0,1.75064,123.48,2.22,0.36077,1.85611,0.3349,2.16798,3.04194,0.25969,0.35,0.24176,0.29336,0.44695,0.95668,0.36667,HIGH,2026-09-10 07:01:50
0.07654,1.2573,0.13104,0.00145,0.03809,3.5989,35.0,0.0668,0.0809,0.982,0.9937,2.0,114.03656,0.6738,1.0,1.90061,91.08,1.518,0.29069,2.36946,0.4692,2.34197,8.38757,0.4674,0.5,0.2519,0.16009,0.37251,0.9755,0.13333,HIGH,2026-09-10 07:01:50
0.02122,1.0108,0.10351,0.00055,0.02354,2.781,50.0,0.0495,0.0549,0.9813,0.9847,2.0,80.53514,0.7396,1.0,1.34225,103.68,1.308,0.22737,0.63105,0.5142,1.51256,0.0319,0.37334,0.35,0.27529,0.08796,0.53871,0.9345,0.3,WARNING,2026-09-10 07:01:50
0.02211,1.0328,0.10523,0.00061,0.0248,2.8488,50.0,0.0492,0.0549,0.9788,0.9892,2.0,89.39499,0.7324,1.0,1.48992,103.68,1.308,0.23565,0.70539,0.5106,1.61945,0.39591,0.35544,0.3,0.24341,0.28302,0.36154,0.95807,0.35,WARNING,2026-09-10 07:02:00
0.07832,1.2684,0.12968,0.00138,0.03712,3.6693,35.0,0.0649,0.0743,0.9823,0.9949,2.0,114.03656,0.6776,1.0,1.90061,81.0,1.35,0.28623,2.53877,0.4888,2.36946,9.90595,0.43789,0.15,0.26396,0.13444,0.42767,0.95303,0.5,HIGH,2026-09-10 07:02:00
0.08192,2.9197,0.24373,0.00771,0.08781,2.8169,50.0,0.1512,0.1578,0.9964,0.9979,2.0,105.03812,0.5421,1.0,1.75064,123.48,2.22,0.36028,2.1448,0.3336,2.17101,4.26803,0.28159,0.35,0.2512,0.20958,0.50883,0.96462,0.33333,HIGH,2026-09-10 07:02:00
0.07724,1.4947,0.15321,0.00273,0.05228,3.0791,30.0,0.0761,0.0883,0.9796,0.9903,3.0,146.23408,0.6251,1.0,2.64987,117.36,1.98,0.3412,1.53833,0.4154,2.03713,2.17023,0.25183,0.41667,0.26709,0.23478,0.51339,0.96066,0.4,HIGH,2026-09-10 07:02:00
0.03648,0.7471,0.08782,0.00043,0.02082,2.9278,50.0,0.0349,0.0455,0.9565,0.9617,1.0,126.97442,0.7819,1.0,1.2701,82.44,1.572,0.23712,0.41783,0.5001,1.5407,-0.23596,0.47238,0.28333,0.24073,0.2569,0.27072,0.95794,0.3,WARNING,2026-09-10 07:02:00
0.03958,0.7993,0.08335,0.00043,0.02076,2.9996,50.0,0.0346,0.0455,0.9422,0.9582,1.0,147.92781,0.7623,1.0,1.61933,80.28,1.422,0.24907,0.47487,0.5181,1.53858,-0.33801,0.28474,0.03333,0.24214,0.34875,0.3665,0.96123,0.48333,WARNING,2026-09-10 07:02:10
0.08108,1.5206,0.14094,0.00328,0.05726,3.1313,30.0,0.073,0.03,0.9774,0.9857,3.0,92.88324,0.6777,1.0,1.54805,112.32,1.98,0.40627,0.84071,0.4148,2.16843,1.65822,0.37868,0.11667,0.25534,0.21532,0.40601,0.97589,0.1,HIGH,2026-09-10 07:02:10
0.08229,2.9525,0.23165,0.00946,0.09727,2.8592,50.0,0.1433,0.0701,0.987,0.9921,2.0,105.03812,0.5532,1.0,1.75064,139.32,2.61,0.41989,1.59442,0.3137,2.23932,3.11462,0.26465,0.33333,0.246,0.24942,0.48593,0.97177,0.35,HIGH,2026-09-10 07:02:10
0.07877,1.3129,0.11901,0.00112,0.03349,3.707,35.0,0.0633,0.0353,0.9789,0.9933,2.0,114.03656,0.6809,1.0,1.90061,81.0,1.35,0.28143,-0.03313,0.4895,1.74246,0.84913,0.41569,0.01667,0.22457,0.31329,0.27102,0.95881,0.21667,HIGH,2026-09-10 07:02:10
0.02282,1.0192,0.09531,0.00104,0.03222,2.8675,50.0,0.0476,0.0192,0.9574,0.9758,2.0,89.39499,0.7209,1.0,1.79336,70.56,1.188,0.33808,-0.08972,0.5275,1.74098,0.22949,0.3141,0.28333,0.23574,0.40748,0.27842,0.96619,0.05,WARNING,2026-09-10 07:02:10
0.0387,0.7638,0.07791,0.00051,0.02266,3.0204,50.0,0.0295,0.0267,0.9019,0.9305,1.0,84.11415,0.806,1.0,1.14955,97.2,1.422,0.29086,0.21974,0.5261,1.62924,0.11853,0.18695,0.01667,0.23439,0.47477,0.33828,0.94843,0.03333,WARNING,2026-09-10 07:02:20
0.08094,1.5062,0.12206,0.00283,0.05317,3.1555,30.0,0.0621,0.03,0.9425,0.9575,3.0,92.88324,0.7022,1.0,1.54805,105.84,1.98,0.43558,0.59716,0.4238,2.29324,1.2987,0.20896,0.01667,0.23197,0.45672,0.33432,0.97242,0.0,HIGH,2026-09-10 07:02:20
0.0826,2.9382,0.21797,0.01145,0.10702,2.8845,50.0,0.1224,0.0651,0.9434,0.9644,2.0,105.03812,0.5862,1.0,1.75064,139.32,2.61,0.49097,1.30717,0.3243,2.31774,2.14748,0.22591,0.33333,0.23822,0.37023,0.40386,0.96078,0.05,HIGH,2026-09-10 07:02:20
0.08056,1.2883,0.11241,0.00133,0.03643,3.7276,35.0,0.0525,0.0346,0.9287,0.9448,2.0,104.38749,0.7262,1.0,1.50721,81.0,1.35,0.32407,-0.06011,0.5025,1.82341,0.17174,0.34242,0.01667,0.21182,0.44987,0.20771,0.9447,0.03333,HIGH,2026-09-10 07:02:20
0.02402,1.0079,0.08862,0.00117,0.03416,2.8784,50.0,0.0396,0.0192,0.8705,0.9176,2.0,133.6784,0.7602,1.0,1.48992,70.56,1.176,0.38543,0.09991,0.545,1.84451,-0.09555,0.28938,0.03333,0.21713,0.48168,0.22894,0.96068,0.01667,WARNING,2026-09-10 07:02:20
0.02358,1.0357,0.08204,0.00129,0.03589,2.875,80.0,0.0288,0.0192,0.7468,0.8524,2.0,133.6784,0.7916,1.0,1.48992,70.56,1.344,0.4374,0.38397,0.5385,1.95691,-0.23453,0.29255,0.01667,0.21685,0.48442,0.22303,0.94603,0.03333,HIGH,2026-09-10 07:02:30
0.08225,1.3032,0.10491,0.00154,0.03926,3.7469,50.0,0.0412,0.0254,0.8239,0.879,2.0,126.50532,0.7189,1.0,2.2134,71.28,1.188,0.37419,0.136,0.5429,1.92405,-0.119,0.32269,0.01667,0.2116,0.43657,0.24074,0.92391,0.03333,CRITICAL,2026-09-10 07:02:30
0.0841,2.972,0.19008,0.0109,0.10441,2.88,65.0,0.0962,0.0504,0.8627,0.905,2.0,105.03812,0.6336,1.0,1.75064,139.32,2.61,0.54931,1.55156,0.3423,2.596,3.58108,0.17277,0.01667,0.21884,0.49856,0.32866,0.935,0.06667,CRITICAL,2026-09-10 07:02:30
0.08247,1.507,0.10987,0.0029,0.05383,3.1688,40.0,0.0472,0.03,0.8462,0.8744,3.0,92.88324,0.7402,1.0,1.54805,120.6,1.98,0.48994,0.72969,0.4392,2.49603,1.19042,0.17656,0.01667,0.22881,0.53348,0.28996,0.95384,0.03333,CRITICAL,2026-09-10 07:02:30
0.04004,0.7839,0.07279,0.00052,0.0228,3.0543,50.0,0.0225,0.0183,0.8452,0.8811,1.0,79.42679,0.8158,1.0,1.32378,97.2,1.338,0.31329,0.11997,0.5499,1.7331,0.53878,0.30208,0.01667,0.23787,0.4305,0.26742,0.94293,0.5,HIGH,2026-09-10 07:02:30
0.04076,0.7675,0.07047,0.00056,0.02361,3.0575,80.0,0.016,0.0183,0.8279,0.7099,1.0,67.24732,0.8603,1.0,0.96348,97.2,1.476,0.33499,0.17564,0.5431,1.77901,0.33729,0.52124,0.01667,0.20806,0.34039,0.13836,0.96134,0.0,HIGH,2026-09-10 07:02:40
0.08382,1.5093,0.09693,0.00298,0.05456,3.1828,60.0,0.0318,0.03,0.7229,0.832,3.0,110.99223,0.7817,1.0,1.54805,120.6,1.416,0.56292,1.09511,0.5231,2.74667,1.77853,0.18717,0.01667,0.22227,0.52683,0.286,0.95674,0.03333,CRITICAL,2026-09-10 07:02:40
0.08553,2.9668,0.16483,0.00684,0.08273,2.8785,80.0,0.0665,0.0421,0.7901,0.8745,2.0,87.18169,0.6697,1.0,2.23432,139.32,2.61,0.50191,1.56141,0.3632,2.96122,5.63453,0.15934,0.01667,0.22674,0.47188,0.36877,0.95463,0.08333,CRITICAL,2026-09-10 07:02:40
0.08169,1.3186,0.09479,0.00174,0.04167,3.7763,65.0,0.0273,0.0238,0.8217,0.8435,2.0,104.38749,0.8114,1.0,1.2021,73.44,1.188,0.43961,0.30102,0.5652,2.0821,-0.32509,0.45789,0.25,0.22329,0.26634,0.27577,0.94989,0.23333,CRITICAL,2026-09-10 07:02:40
0.02284,1.0427,0.07829,0.00125,0.0353,2.9082,80.0,0.019,0.0192,0.644,0.7881,2.0,133.6784,0.8193,1.0,1.48992,84.24,0.996,0.45094,0.63607,0.6138,2.0406,0.1024,0.25977,0.01667,0.22451,0.42606,0.31417,0.95582,0.03333,HIGH,2026-09-10 07:02:40
0.03918,0.7974,0.06333,0.00038,0.01957,3.0645,80.0,0.0157,0.0183,0.7843,0.7116,1.0,84.90848,0.8401,1.0,1.26743,108.36,1.806,0.30906,0.06266,0.5059,1.82525,0.25426,0.62582,0.15,0.2204,0.20395,0.17024,0.9545,0.16667,HIGH,2026-09-10 07:02:50
0.08371,1.5184,0.08822,0.00294,0.05418,3.2223,60.0,0.0173,0.0209,0.7383,0.8333,3.0,110.99223,0.8393,1.0,1.22976,137.16,2.286,0.6142,1.37052,0.4339,2.95175,2.59291,0.1608,0.0,0.24896,0.3627,0.4765,0.95643,0.46667,CRITICAL,2026-09-10 07:02:50
0.0866,3.0308,0.15114,0.00703,0.08385,2.9309,80.0,0.0409,0.0421,0.8871,0.9088,2.0,85.90919,0.7532,1.0,1.54285,172.08,2.61,0.55476,1.90052,0.3783,3.16057,6.40016,0.18104,0.0,0.24474,0.39473,0.42422,0.95879,0.01667,CRITICAL,2026-09-10 07:02:50
0.08371,1.3007,0.08345,0.00121,0.03471,3.8271,65.0,0.018,0.0238,0.6443,0.8627,2.0,104.38749,0.8085,1.0,1.69155,90.0,1.536,0.41601,0.28969,0.5233,1.72264,-0.80573,0.50163,0.18333,0.24921,0.17722,0.32115,0.98244,0.2,CRITICAL,2026-09-10 07:02:50
0.02323,1.0275,0.0748,0.00126,0.03554,2.9367,80.0,0.0139,0.0192,0.6157,0.8173,2.0,133.6784,0.8422,1.0,1.36088,146.16,1.644,0.47517,0.55393,0.5205,2.11644,-0.15316,0.21361,0.0,0.25835,0.28504,0.50135,0.96719,0.41667,HIGH,2026-09-10 07:02:50
0.08429,1.3486,0.07731,0.00113,0.03364,3.8824,65.0,0.0179,0.0238,0.703,0.8833,2.0,104.38749,0.8566,1.0,0.97776,89.64,1.494,0.43516,0.63877,0.5277,1.94776,-0.20355,0.3689,0.18333,0.26018,0.17847,0.45262,0.96282,0.4,CRITICAL,2026-09-10 07:03:00
0.08794,3.0469,0.12977,0.00332,0.05759,2.9585,80.0,0.0428,0.0409,0.9124,0.919,2.0,97.71398,0.7429,1.0,1.62857,140.4,2.34,0.44382,0.66701,0.3982,2.00872,0.0586,0.35913,0.5,0.26285,0.1828,0.45806,0.97435,0.48333,CRITICAL,2026-09-10 07:03:00
0.02497,1.0795,0.06491,0.00089,0.02978,2.9883,80.0,0.0169,0.0192,0.6615,0.8479,2.0,133.6784,0.8333,1.0,1.36088,146.16,1.596,0.45875,0.43854,0.5287,1.86643,-0.82354,0.32689,0.43333,0.25711,0.2247,0.4484,0.96529,0.41667,HIGH,2026-09-10 07:03:00
0.04011,0.793,0.06033,0.00039,0.01966,3.1099,80.0,0.0134,0.0183,0.7994,0.7551,1.0,84.90848,0.8581,1.0,1.10819,101.16,1.686,0.32583,0.08312,0.5189,1.90849,0.33232,0.4808,0.15,0.23934,0.26998,0.24923,0.9703,0.06667,HIGH,2026-09-10 07:03:00
0.08486,1.565,0.07738,0.00169,0.04117,3.265,60.0,0.0185,0.0209,0.7624,0.8766,3.0,110.99223,0.8423,1.0,1.1304,120.6,1.416,0.532,0.85381,0.5336,2.16588,-0.0934,0.20152,0.08333,0.27928,0.26809,0.53039,0.94305,0.06667,CRITICAL,2026-09-10 07:03:00
0.04065,0.7911,0.0575,0.00043,0.02067,3.1534,80.0,0.0154,0.0183,0.8333,0.8394,1.0,84.90848,0.8514,1.0,1.10819,101.16,1.686,0.35943,0.2557,0.5092,1.98214,0.03145,0.38583,0.06667,0.25814,0.25882,0.35535,0.96154,0.46667,HIGH,2026-09-10 07:03:10
0.08505,1.5876,0.08006,0.00178,0.04219,3.2978,60.0,0.0289,0.0209,0.7998,0.9049,3.0,110.99223,0.7807,1.0,1.63049,120.6,1.416,0.52699,0.80684,0.5111,2.09771,-0.25859,0.26065,0.08333,0.23866,0.4485,0.29085,0.93348,0.06667,CRITICAL,2026-09-10 07:03:10
0.09147,3.097,0.1346,0.00416,0.06446,3.0244,80.0,0.0555,0.0409,0.9432,0.9319,2.0,79.79649,0.7258,1.0,1.36938,202.68,3.402,0.47892,0.77589,0.3138,2.27835,0.52962,0.43956,0.16667,0.24817,0.17902,0.38142,0.96647,0.35,CRITICAL,2026-09-10 07:03:10
0.08705,1.3561,0.07524,0.00112,0.03341,3.9583,65.0,0.0253,0.0238,0.8042,0.9101,2.0,105.07749,0.7823,1.0,1.75129,89.64,1.494,0.44403,0.75369,0.5099,1.99496,-0.0218,0.35022,0.4,0.267,0.14976,0.50002,0.97381,0.45,CRITICAL,2026-09-10 07:03:10
0.02418,1.0829,0.06804,0.00084,0.02893,3.0632,80.0,0.0221,0.0191,0.8885,0.8756,2.0,67.69201,0.8288,1.0,1.1282,146.16,1.824,0.42523,0.28662,0.4847,1.80255,-0.78655,0.49799,0.1,0.22335,0.27151,0.2305,0.96885,0.21667,HIGH,2026-09-10 07:03:10
0.0412,0.8286,0.05652,0.00041,0.02029,3.2256,80.0,0.0205,0.0183,0.8767,0.9007,1.0,84.90848,0.8351,1.0,1.10819,101.16,1.686,0.35892,0.3759,0.495,2.01672,0.3269,0.30017,0.46667,0.29142,0.10551,0.59432,0.97754,0.5,HIGH,2026-09-10 07:03:20
0.08815,1.6103,0.08285,0.00181,0.04252,3.4026,60.0,0.0393,0.0209,0.9098,0.9383,3.0,110.99223,0.7513,1.0,1.63049,120.6,1.416,0.51317,0.70827,0.4828,2.03838,-0.45341,0.35519,0.11667,0.20537,0.49935,0.14546,0.92731,0.08333,CRITICAL,2026-09-10 07:03:20
0.09607,3.1527,0.13543,0.00529,0.07276,3.1046,80.0,0.0765,0.0409,0.9489,0.9265,2.0,99.13541,0.662,1.0,1.78279,202.68,3.402,0.53727,0.68575,0.2922,2.21239,-0.17527,0.39225,0.35,0.25638,0.14968,0.45808,0.94847,0.16667,CRITICAL,2026-09-10 07:03:20
0.0909,1.4008,0.07308,0.00094,0.03064,4.1052,65.0,0.0309,0.0238,0.856,0.9126,2.0,143.65643,0.7306,1.0,2.39427,89.64,1.494,0.41923,0.66226,0.4849,2.07233,0.03842,0.52736,0.26667,0.26964,0.09213,0.38051,0.96228,0.45,CRITICAL,2026-09-10 07:03:20
0.02567,1.1205,0.06818,0.00079,0.02804,3.1459,80.0,0.0277,0.0191,0.8938,0.8857,2.0,83.56986,0.7957,1.0,1.39283,146.16,1.392,0.41124,0.2522,0.5187,1.80752,-0.70795,0.43117,0.1,0.23437,0.31489,0.25393,0.96608,0.11667,HIGH,2026-09-10 07:03:20
0.0276,1.1607,0.06978,0.00088,0.02959,3.2924,80.0,0.0353,0.0191,0.9077,0.9167,2.0,127.36315,0.7336,1.0,2.12272,146.16,1.932,0.42404,0.13091,0.4308,1.75839,-0.84606,0.32396,0.1,0.24279,0.34481,0.33123,0.96822,0.11667,HIGH,2026-09-10 07:03:30
0.09656,1.432,0.07453,0.00107,0.03275,4.2706,65.0,0.0485,0.0238,0.9013,0.9229,2.0,97.51962,0.7303,1.0,1.62533,116.28,1.938,0.43946,0.87158,0.4106,2.10948,0.54184,0.59475,0.26667,0.27007,0.08569,0.31956,0.96378,0.25,CRITICAL,2026-09-10 07:03:30
0.10096,3.2894,0.14235,0.00611,0.07819,3.231,80.0,0.1103,0.0349,0.9385,0.9284,2.0,183.76452,0.5607,1.0,3.06274,202.68,3.402,0.54924,0.54266,0.2668,2.09442,-0.6415,0.36535,0.35,0.27246,0.1187,0.51595,0.96178,0.16667,CRITICAL,2026-09-10 07:03:30
0.08926,1.6883,0.08312,0.00175,0.04183,3.5002,60.0,0.058,0.0209,0.9365,0.937,3.0,110.99223,0.7073,1.0,1.63049,174.96,2.916,0.50326,0.46419,0.3361,1.94734,-0.89503,0.50157,0.11667,0.22318,0.28959,0.20884,0.95928,0.06667,CRITICAL,2026-09-10 07:03:30
0.04226,0.8526,0.05666,0.00044,0.02109,3.3085,80.0,0.0259,0.0141,0.9064,0.927,1.0,84.90848,0.8187,1.0,1.10819,101.16,1.686,0.37232,0.46457,0.473,2.00348,0.3737,0.20761,0.5,0.29815,0.09334,0.69906,0.96956,0.48333,HIGH,2026-09-10 07:03:30
0.04412,0.9052,0.05791,0.00051,0.02256,3.4788,80.0,0.036,0.0141,0.9079,0.9416,1.0,103.0504,0.7545,1.0,1.71751,124.2,2.118,0.38965,0.40731,0.4128,1.94908,0.04381,0.24286,0.5,0.27778,0.15585,0.60128,0.96424,0.48333,HIGH,2026-09-10 07:03:40
0.09161,1.7084,0.0879,0.00211,0.0459,3.6765,60.0,0.0799,0.0209,0.9526,0.925,3.0,100.28115,0.6618,1.0,1.63049,172.08,2.916,0.52218,0.97837,0.3119,2.60837,1.5299,0.61517,0.28333,0.25562,0.10885,0.27598,0.9635,0.15,CRITICAL,2026-09-10 07:03:40
0.11164,3.4521,0.14778,0.00774,0.08796,3.4093,80.0,0.1576,0.0316,0.9322,0.9312,2.0,183.76452,0.4942,1.0,3.43287,202.68,4.014,0.59522,0.83777,0.2212,2.51918,0.38324,0.34519,0.35,0.28551,0.08273,0.57208,0.94886,0.25,CRITICAL,2026-09-10 07:03:40
0.10582,1.5103,0.08038,0.00109,0.03301,4.553,65.0,0.0714,0.0271,0.9331,0.939,2.0,118.88231,0.6622,1.0,2.02024,166.32,2.826,0.41072,0.76948,0.3271,1.97606,0.10472,0.48758,0.2,0.24283,0.21107,0.30135,0.97213,0.26667,CRITICAL,2026-09-10 07:03:40
0.03022,1.1991,0.06881,0.00104,0.03218,3.4966,80.0,0.0525,0.0191,0.929,0.9289,2.0,83.56986,0.7322,1.0,1.39283,146.16,1.932,0.4676,0.26892,0.403,1.7548,-0.90324,0.39758,0.06667,0.24619,0.23743,0.36499,0.9746,0.11667,HIGH,2026-09-10 07:03:40
0.04978,0.9563,0.06097,0.00073,0.027,3.7125,80.0,0.0541,0.0141,0.9426,0.9423,1.0,79.48488,0.7432,1.0,1.10819,124.2,2.118,0.44285,0.48077,0.3896,1.98373,-0.28381,0.38801,0.21667,0.25234,0.21793,0.39406,0.97024,0.01667,HIGH,2026-09-10 07:03:50
0.10007,1.8434,0.09322,0.00233,0.04826,3.9097,60.0,0.113,0.0159,0.9338,0.9398,3.0,92.43296,0.6015,1.0,1.74454,191.16,3.33,0.51775,0.91096,0.2689,2.46406,1.03054,0.5743,0.3,0.24891,0.16436,0.26134,0.96607,0.28333,CRITICAL,2026-09-10 07:03:50
0.12451,3.6894,0.15187,0.0079,0.08886,3.617,80.0,0.2258,0.0316,0.9295,0.9402,2.0,183.76452,0.4316,1.0,3.43287,202.68,4.59,0.58512,0.64195,0.1836,2.46212,0.08413,0.31909,0.35,0.28876,0.06964,0.61127,0.93341,0.4,CRITICAL,2026-09-10 07:03:50
0.11654,1.6013,0.08669,0.0017,0.04121,4.9109,65.0,0.0975,0.0271,0.9225,0.9478,2.0,118.88231,0.6167,1.0,2.02024,201.24,3.384,0.47534,1.2681,0.2769,2.58254,2.32415,0.41846,0.01667,0.23081,0.25388,0.32766,0.97301,0.2,CRITICAL,2026-09-10 07:03:50
0.03293,1.2726,0.07079,0.00104,0.03232,3.7366,80.0,0.078,0.0191,0.9101,0.9526,2.0,107.43424,0.6595,1.0,1.82686,106.2,2.448,0.45656,0.60857,0.3402,2.23022,0.34855,0.46645,0.06667,0.24385,0.22824,0.3053,0.94389,0.26667,HIGH,2026-09-10 07:03:50
0.13103,1.708,0.08917,0.00188,0.0434,5.3604,65.0,0.1342,0.0271,0.9493,0.9494,2.0,118.88231,0.5601,1.0,2.02024,201.24,3.384,0.48669,1.45776,0.2529,2.4998,2.7332,0.42352,0.01667,0.20973,0.36341,0.21307,0.96803,0.11667,CRITICAL,2026-09-10 07:04:00
0.14119,3.9163,0.16655,0.01098,0.1048,3.9158,80.0,0.316,0.0316,0.9429,0.9488,2.0,206.92894,0.3632,1.0,3.83162,340.92,6.15,0.62925,0.9393,0.1415,2.67577,1.02145,0.28002,0.35,0.27032,0.12234,0.59763,0.96348,0.4,CRITICAL,2026-09-10 07:04:00
0.03658,1.3779,0.07702,0.00115,0.03391,4.0682,80.0,0.1052,0.0191,0.9394,0.9544,2.0,107.43424,0.6105,1.0,1.82686,154.44,3.042,0.44025,0.58208,0.2865,2.06198,0.14162,0.4727,0.13333,0.22612,0.27249,0.25482,0.96802,0.08333,HIGH,2026-09-10 07:04:00
0.05157,1.0116,0.06189,0.00076,0.02762,3.9535,80.0,0.0778,0.0141,0.928,0.9473,1.0,58.04345,0.694,1.0,1.05504,165.96,2.766,0.44623,0.70549,0.3232,2.12913,0.32806,0.48304,0.2,0.23615,0.23073,0.28623,0.95359,0.21667,HIGH,2026-09-10 07:04:00
0.10816,1.9888,0.09594,0.003,0.05481,4.2152,60.0,0.1542,0.0159,0.9451,0.9441,3.0,92.43296,0.5424,1.0,1.74454,240.12,4.716,0.57122,1.04442,0.2071,2.34157,0.70183,0.46768,0.3,0.2638,0.10889,0.42343,0.94645,0.2,CRITICAL,2026-09-10 07:04:00
0.05623,1.0821,0.06895,0.00108,0.03289,4.312,80.0,0.1007,0.0141,0.9526,0.955,1.0,60.53926,0.6475,1.0,1.06197,187.92,3.264,0.47706,0.77419,0.2786,2.13314,0.32849,0.59535,0.2,0.24843,0.14256,0.26209,0.93361,0.18333,HIGH,2026-09-10 07:04:10
0.11834,2.1534,0.10547,0.00408,0.06384,4.6253,60.0,0.2104,0.0159,0.9539,0.9561,3.0,119.83649,0.4656,1.0,2.31573,240.12,4.716,0.60527,1.28814,0.1877,2.77454,1.95633,0.42177,0.2,0.27342,0.07992,0.49831,0.95342,0.4,CRITICAL,2026-09-10 07:04:10
0.16223,4.3027,0.17585,0.01442,0.12009,4.3106,80.0,0.4277,0.0316,0.9537,0.9575,2.0,303.75476,0.2968,1.0,5.06258,370.44,7.5,0.68289,1.055,0.114,2.63681,1.07923,0.41271,0.35,0.26127,0.13675,0.45054,0.96247,0.36667,CRITICAL,2026-09-10 07:04:10
0.1488,1.8663,0.10278,0.00294,0.05418,5.9529,65.0,0.1792,0.0271,0.9653,0.9567,2.0,234.47662,0.4544,1.0,4.16497,205.92,3.762,0.52711,1.46937,0.2182,2.30997,1.79642,0.42514,0.05,0.21688,0.39477,0.18009,0.95529,0.06667,CRITICAL,2026-09-10 07:04:10
0.04221,1.493,0.08201,0.00132,0.03634,4.512,80.0,0.1424,0.021,0.9549,0.9572,2.0,148.30974,0.5318,1.0,2.59849,237.24,4.386,0.44315,0.51405,0.2219,1.93452,-0.20685,0.46506,0.13333,0.23731,0.20749,0.32745,0.96365,0.21667,HIGH,2026-09-10 07:04:10
0.06602,1.1678,0.07311,0.00125,0.03536,4.7968,80.0,0.1329,0.0141,0.9678,0.9601,1.0,89.846,0.57,1.0,1.72063,187.92,3.264,0.48365,0.6569,0.2571,2.00648,-0.06359,0.49866,0.2,0.27181,0.09885,0.40249,0.94375,0.18333,HIGH,2026-09-10 07:04:20
0.13543,2.3553,0.11861,0.00567,0.07527,5.1227,60.0,0.2672,0.0159,0.9662,0.9674,3.0,130.83987,0.4089,1.0,2.7588,258.84,5.022,0.63461,1.1616,0.1649,2.4355,1.11777,0.48629,0.2,0.26428,0.09302,0.4207,0.95411,0.43333,CRITICAL,2026-09-10 07:04:20
0.18422,4.6856,0.19371,0.01615,0.12708,4.7664,80.0,0.5495,0.0161,0.968,0.9674,2.0,207.26328,0.2551,1.0,5.12613,498.96,8.958,0.65601,1.1284,0.0936,2.5613,1.43347,0.58405,0.23333,0.25708,0.09164,0.32431,0.95538,0.21667,CRITICAL,2026-09-10 07:04:20
0.16847,2.0521,0.11053,0.00381,0.06172,6.6421,65.0,0.2286,0.025,0.9677,0.969,2.0,234.47662,0.4136,1.0,4.16497,205.92,4.452,0.55837,1.15491,0.1846,2.23833,0.71245,0.39638,0.05,0.24213,0.27146,0.33216,0.96775,0.25,CRITICAL,2026-09-10 07:04:20
0.0474,1.6004,0.08996,0.00148,0.0385,5.0027,80.0,0.181,0.021,0.9717,0.9655,2.0,148.30974,0.4899,1.0,2.47183,237.24,4.386,0.42799,0.21479,0.2044,1.77341,-0.73163,0.49355,0.21667,0.25364,0.11576,0.39069,0.96822,0.13333,HIGH,2026-09-10 07:04:20
0.19191,2.2334,0.12899,0.00479,0.06922,7.4123,65.0,0.2861,0.025,0.9736,0.9793,2.0,234.47662,0.3742,1.0,4.16497,205.92,5.064,0.53666,0.77239,0.1599,2.00528,-0.24815,0.31036,0.48333,0.27014,0.14804,0.5416,0.97231,0.31667,CRITICAL,2026-09-10 07:04:30
0.20804,5.1263,0.22042,0.02287,0.15123,5.287,80.0,0.676,0.0161,0.9797,0.9788,2.0,348.1394,0.2162,1.0,6.49953,509.04,8.958,0.68612,1.10371,0.084,2.46926,0.8214,0.50992,0.36667,0.27764,0.02801,0.46208,0.93985,0.23333,CRITICAL,2026-09-10 07:04:30
0.05439,1.7327,0.09953,0.002,0.04469,5.529,80.0,0.2191,0.0249,0.9801,0.9771,2.0,167.21214,0.4433,1.0,2.91315,237.24,4.386,0.44897,0.71926,0.1884,2.33952,0.81857,0.40674,0.46667,0.26958,0.16142,0.43183,0.97032,0.21667,HIGH,2026-09-10 07:04:30
0.0743,1.291,0.07977,0.0019,0.04357,5.3056,80.0,0.1604,0.0178,0.9823,0.9779,1.0,110.27529,0.5169,1.0,2.28175,187.92,3.264,0.54614,1.25851,0.2391,2.50108,1.5601,0.26326,0.41667,0.28035,0.1148,0.62194,0.95622,0.35,HIGH,2026-09-10 07:04:30
0.15518,2.588,0.13235,0.00714,0.08452,5.6951,60.0,0.3326,0.0159,0.9797,0.9797,3.0,173.59509,0.3606,1.0,3.09251,258.84,5.022,0.63862,1.07221,0.1502,2.29866,0.44872,0.50341,0.16667,0.2458,0.17954,0.31706,0.95675,0.2,CRITICAL,2026-09-10 07:04:30
0.08576,1.4009,0.08989,0.00263,0.05132,5.8743,80.0,0.1884,0.0228,0.9854,0.9899,1.0,130.10402,0.4812,1.0,2.47229,187.92,3.264,0.57089,1.20393,0.2251,2.57327,1.43679,0.18504,0.41667,0.26677,0.19768,0.61728,0.9681,0.43333,HIGH,2026-09-10 07:04:40
0.17877,2.7691,0.15627,0.01085,0.10415,6.3047,60.0,0.384,0.0159,0.9892,0.9895,3.0,173.59509,0.3327,1.0,3.09251,258.84,5.106,0.6665,1.1433,0.1379,2.6853,0.95544,0.54944,0.16667,0.24588,0.15031,0.30025,0.9644,0.15,CRITICAL,2026-09-10 07:04:40
0.23213,5.5696,0.25997,0.03963,0.19906,5.8277,80.0,0.7869,0.0161,0.989,0.9889,2.0,348.1394,0.1951,1.0,6.49953,438.12,10.338,0.76572,1.10562,0.0729,2.52832,0.4975,0.36892,0.36667,0.28019,0.07422,0.55686,0.94859,0.38333,CRITICAL,2026-09-10 07:04:40
0.21472,2.4373,0.13762,0.00573,0.07568,8.1951,65.0,0.3333,0.025,0.9859,0.9881,2.0,234.47662,0.3464,1.0,4.16497,216.0,5.196,0.54994,0.49725,0.1473,1.8692,-0.8872,0.30542,0.5,0.28555,0.09299,0.60159,0.95598,0.36667,CRITICAL,2026-09-10 07:04:40
0.06169,1.8862,0.1136,0.00368,0.06066,6.0888,80.0,0.2508,0.0372,0.9882,0.9902,2.0,167.21214,0.4169,1.0,2.91315,243.36,4.386,0.53401,1.6256,0.1763,2.64433,3.62693,0.24135,0.46667,0.27417,0.25433,0.50432,0.95635,0.48333,HIGH,2026-09-10 07:04:40
0.06621,2.0701,0.13013,0.00574,0.07578,6.59,80.0,0.2805,0.0361,0.9954,0.9961,2.0,167.21214,0.3947,1.0,2.91315,243.36,4.386,0.58234,1.168,0.1689,2.262,0.80352,0.19039,0.48333,0.28477,0.17455,0.63506,0.95959,0.46667,HIGH,2026-09-10 07:04:50
0.23639,2.5698,0.14766,0.008,0.08942,8.9381,65.0,0.368,0.025,0.9942,0.9957,2.0,234.47662,0.3284,1.0,4.16497,240.84,5.196,0.60555,1.07763,0.1403,2.83735,1.75888,0.39889,0.36667,0.25282,0.19446,0.40666,0.97572,0.15,CRITICAL,2026-09-10 07:04:50
0.25164,5.9962,0.30988,0.05645,0.23759,6.3613,80.0,0.8643,0.0161,0.9961,0.996,2.0,348.1394,0.1825,1.0,6.49953,360.72,10.338,0.7667,1.08622,0.0689,2.88359,0.93619,0.46863,0.26667,0.26544,0.11095,0.42042,0.95629,0.36667,CRITICAL,2026-09-10 07:04:50
0.09844,1.5059,0.09452,0.00276,0.05251,6.4718,80.0,0.2079,0.0228,0.9907,0.9959,1.0,130.10402,0.4617,1.0,2.47229,187.92,3.264,0.55551,1.1021,0.2153,2.4632,1.00953,0.3027,0.43333,0.23372,0.34809,0.34922,0.96494,0.11667,HIGH,2026-09-10 07:04:50
0.20523,2.9895,0.16056,0.01113,0.10552,6.9265,60.0,0.4238,0.0371,0.9956,0.9959,3.0,234.3258,0.3035,1.0,4.18376,258.84,5.106,0.65721,1.04389,0.1309,2.62466,0.61743,0.55324,0.18333,0.24733,0.18298,0.26379,0.9662,0.16667,CRITICAL,2026-09-10 07:04:50
0.11049,1.6084,0.10615,0.00301,0.05487,7.0168,80.0,0.2164,0.0228,0.9951,0.9979,1.0,130.10402,0.4535,1.0,2.47229,192.96,3.42,0.5169,0.68191,0.2089,2.22823,-0.04141,0.37084,0.1,0.22073,0.38123,0.24793,0.94903,0.11667,HIGH,2026-09-10 07:05:00
0.23152,3.1669,0.18172,0.01524,0.12345,7.5134,60.0,0.4388,0.0383,0.9981,0.9985,3.0,234.3258,0.2973,1.0,4.18376,271.8,5.106,0.6793,1.67193,0.1283,3.22168,4.13443,0.41495,0.08333,0.22711,0.36334,0.22172,0.95388,0.3,CRITICAL,2026-09-10 07:05:00
0.26896,6.3462,0.36609,0.087,0.29496,6.8151,80.0,0.8979,0.0161,0.9987,0.9987,2.0,348.1394,0.1776,1.0,6.49953,349.56,10.338,0.8057,0.99787,0.0674,2.43565,0.27996,0.5988,0.25,0.25578,0.09461,0.30658,0.9629,0.18333,CRITICAL,2026-09-10 07:05:00
0.25447,2.7191,0.17022,0.01106,0.10516,9.6107,65.0,0.3817,0.025,0.9978,0.9983,2.0,234.47662,0.3218,1.0,4.16497,240.84,5.196,0.61776,0.93049,0.1377,2.44815,0.71778,0.55333,0.15,0.21939,0.23248,0.21418,0.95252,0.08333,CRITICAL,2026-09-10 07:05:00
0.07144,2.1458,0.14249,0.0082,0.09053,7.0118,80.0,0.2921,0.0248,0.9969,0.9982,2.0,167.21214,0.3868,1.0,2.91315,243.36,4.386,0.63534,1.22511,0.1662,2.6543,1.13932,0.29691,0.48333,0.27846,0.12414,0.57895,0.9661,0.5,HIGH,2026-09-10 07:05:00
0.2692,2.9014,0.18562,0.01328,0.11524,10.1354,65.0,0.37,0.025,0.9948,0.996,2.0,221.70983,0.3315,1.0,3.78606,271.8,5.196,0.62086,0.79242,0.1391,2.242,0.16376,0.46484,0.08333,0.20407,0.39695,0.13821,0.96422,0.06667,CRITICAL,2026-09-10 07:05:10
0.2836,6.642,0.40896,0.09824,0.31344,7.2069,80.0,0.8726,0.0161,0.9956,0.9959,2.0,348.1394,0.1814,1.0,6.49953,349.56,10.338,0.76643,0.75221,0.0685,2.22186,-0.45274,0.55864,0.41667,0.25982,0.13645,0.30491,0.9583,0.25,CRITICAL,2026-09-10 07:05:10
0.07546,2.2292,0.15563,0.00927,0.09629,7.364,80.0,0.286,0.0248,0.9937,0.9948,2.0,167.21214,0.3911,1.0,2.91315,243.36,4.326,0.61872,1.08088,0.1693,2.44817,0.63689,0.39698,0.5,0.2471,0.19424,0.40879,0.95075,0.11667,HIGH,2026-09-10 07:05:10
0.12207,1.6505,0.11185,0.00305,0.05525,7.4669,80.0,0.211,0.0295,0.9931,0.9941,1.0,130.10402,0.4586,1.0,2.47229,221.04,3.732,0.49391,0.54695,0.2052,2.1341,-0.2967,0.32657,0.1,0.22279,0.37601,0.29742,0.96218,0.15,HIGH,2026-09-10 07:05:10
0.25336,3.3194,0.19518,0.01754,0.13245,7.9766,60.0,0.4291,0.0383,0.9957,0.9959,3.0,234.3258,0.3013,1.0,4.18376,271.8,5.106,0.67859,1.55742,0.1302,3.0006,3.21636,0.35098,0.05,0.22158,0.3984,0.25062,0.93392,0.41667,CRITICAL,2026-09-10 07:05:10
0.13194,1.7186,0.12306,0.00357,0.05974,7.857,80.0,0.192,0.0352,0.9788,0.9872,1.0,130.10402,0.478,1.0,2.47229,221.04,3.732,0.48547,0.44549,0.2126,1.9462,-0.60913,0.3526,0.15,0.22997,0.30888,0.33852,0.95031,0.06667,HIGH,2026-09-10 07:05:20
0.27231,3.4395,0.21712,0.02014,0.1419,8.3662,60.0,0.3928,0.0383,0.9895,0.9876,3.0,234.3258,0.3171,1.0,4.18376,271.8,5.106,0.65359,1.30568,0.1366,2.72833,1.8444,0.44703,0.05,0.22725,0.29729,0.25568,0.95723,0.26667,CRITICAL,2026-09-10 07:05:20
0.29708,6.8716,0.48852,0.12165,0.34878,7.5051,80.0,0.7982,0.037,0.9879,0.9884,2.0,348.1394,0.1933,1.0,6.49953,392.04,10.338,0.71395,0.60614,0.0722,2.44017,-0.38657,0.45615,0.26667,0.24935,0.27793,0.26592,0.95492,0.28333,CRITICAL,2026-09-10 07:05:20
0.28026,2.9577,0.20365,0.01529,0.12366,10.5797,65.0,0.3377,0.035,0.9892,0.9875,2.0,221.70983,0.3484,1.0,3.78606,271.8,5.196,0.60724,0.7837,0.1457,2.23793,0.04504,0.48724,0.26667,0.21958,0.35192,0.16084,0.94932,0.06667,CRITICAL,2026-09-10 07:05:20
0.07899,2.3284,0.16166,0.01035,0.10176,7.6489,80.0,0.2644,0.0248,0.9867,0.9878,2.0,167.21214,0.4069,1.0,2.91315,243.36,4.326,0.62944,0.80713,0.1764,2.34564,-0.08924,0.41809,0.1,0.24266,0.24936,0.33255,0.9372,0.11667,HIGH,2026-09-10 07:05:20
0.13982,1.7703,0.12969,0.00392,0.06264,8.1392,80.0,0.1616,0.0352,0.972,0.976,1.0,130.10402,0.5112,1.0,2.47229,221.04,3.732,0.48299,0.51354,0.2253,1.87272,-0.53318,0.48591,0.15,0.24818,0.14533,0.36876,0.96233,0.16667,HIGH,2026-09-10 07:05:30
0.28765,3.5001,0.24281,0.02682,0.16377,8.6598,60.0,0.3414,0.0383,0.9763,0.9757,3.0,234.3258,0.3426,1.0,4.18376,271.8,5.106,0.6745,1.6727,0.1477,3.04367,3.4815,0.48339,0.26667,0.24635,0.22478,0.29182,0.96629,0.2,CRITICAL,2026-09-10 07:05:30
0.30627,7.0187,0.50716,0.12746,0.35702,7.7668,80.0,0.6904,0.037,0.9771,0.9769,2.0,321.09317,0.217,1.0,5.73043,392.04,10.338,0.70396,0.54129,0.0784,2.3615,-0.54013,0.42717,0.26667,0.2259,0.36919,0.20364,0.9673,0.08333,CRITICAL,2026-09-10 07:05:30
0.28929,3.0308,0.20394,0.01715,0.13097,10.9007,65.0,0.295,0.035,0.9784,0.9758,2.0,221.70983,0.3737,1.0,3.78606,271.8,5.196,0.64219,0.79266,0.1565,2.2003,-0.13364,0.48357,0.26667,0.25155,0.15366,0.36277,0.95662,0.41667,CRITICAL,2026-09-10 07:05:30
0.08226,2.3752,0.16594,0.00997,0.09983,7.8641,80.0,0.2298,0.0248,0.979,0.9772,2.0,153.20599,0.441,1.0,2.56452,243.36,4.248,0.60158,0.75981,0.1892,2.31332,-0.05054,0.4231,0.1,0.26213,0.19706,0.37984,0.96311,0.46667,HIGH,2026-09-10 07:05:30
0.08256,2.4105,0.17837,0.01057,0.1028,8.0096,80.0,0.1857,0.0248,0.9647,0.963,2.0,130.15983,0.4834,1.0,2.56452,196.56,3.648,0.5763,0.6867,0.2186,2.17574,-0.18751,0.41527,0.26667,0.26414,0.17174,0.41299,0.96849,0.15,HIGH,2026-09-10 07:05:40
0.31353,7.1574,0.52257,0.12365,0.35163,7.9245,80.0,0.5645,0.046,0.9641,0.965,2.0,321.09317,0.2474,1.0,5.73043,392.04,8.772,0.67289,0.56085,0.0931,2.32497,-0.54498,0.50665,0.06667,0.2198,0.27027,0.22308,0.96762,0.08333,CRITICAL,2026-09-10 07:05:40
0.2937,3.0841,0.2143,0.02088,0.1445,11.1207,65.0,0.2411,0.0289,0.9629,0.9634,2.0,154.17889,0.4327,1.0,2.56965,271.8,4.98,0.67426,0.72777,0.1732,2.06366,-0.60899,0.32378,0.41667,0.29206,0.0437,0.63253,0.93949,0.4,CRITICAL,2026-09-10 07:05:40
0.14514,1.7774,0.13214,0.00429,0.06548,8.375,80.0,0.134,0.0341,0.9691,0.9659,1.0,90.2152,0.5581,1.0,2.04752,221.04,3.732,0.49553,0.43967,0.2419,1.88415,-0.66433,0.55068,0.16667,0.25051,0.10299,0.34633,0.96166,0.18333,HIGH,2026-09-10 07:05:40
0.30144,3.5816,0.24792,0.02992,0.17298,8.8951,60.0,0.2773,0.0299,0.9667,0.9642,3.0,177.51292,0.397,1.0,3.0485,271.8,4.824,0.69772,1.52267,0.1659,2.94914,2.45811,0.45644,0.26667,0.25634,0.18645,0.35711,0.94868,0.2,CRITICAL,2026-09-10 07:05:40
0.1489,1.824,0.13725,0.00456,0.06756,8.4959,80.0,0.1071,0.0341,0.9545,0.9518,1.0,90.2152,0.607,1.0,1.80923,221.04,3.732,0.49226,0.42828,0.2586,1.81633,-0.77981,0.49096,0.18333,0.27642,0.06664,0.4424,0.92883,0.43333,HIGH,2026-09-10 07:05:50
0.30866,3.6163,0.26145,0.03011,0.17352,9.0422,60.0,0.2176,0.0299,0.946,0.9505,3.0,177.51292,0.4445,1.0,3.0485,271.8,4.824,0.66369,1.36315,0.1839,2.84061,1.99386,0.51018,0.26667,0.25505,0.14643,0.34339,0.96909,0.25,CRITICAL,2026-09-10 07:05:50
0.31818,7.243,0.52359,0.12394,0.35205,8.0704,80.0,0.4386,0.0262,0.9537,0.9531,2.0,321.09317,0.2887,1.0,5.53526,392.04,7.326,0.67238,0.45998,0.1134,2.32098,-0.59642,0.57423,0.13333,0.22829,0.16281,0.26296,0.94418,0.18333,CRITICAL,2026-09-10 07:05:50
0.30021,3.1227,0.22457,0.02059,0.14349,11.2957,65.0,0.1889,0.0289,0.9479,0.9554,2.0,154.17889,0.4813,1.0,2.56965,271.8,4.98,0.63898,0.55451,0.1901,2.00111,-0.8273,0.2791,0.41667,0.30242,0.03355,0.68735,0.91431,0.4,CRITICAL,2026-09-10 07:05:50
0.08306,2.4626,0.17987,0.01016,0.10081,8.0919,80.0,0.1464,0.0248,0.9461,0.9549,2.0,130.15983,0.5285,1.0,2.56452,196.56,3.486,0.56043,0.80459,0.2432,2.1722,0.05888,0.39416,0.5,0.26422,0.1684,0.43745,0.96765,0.38333,HIGH,2026-09-10 07:05:50
0.15138,1.8224,0.14272,0.00538,0.07332,8.6177,80.0,0.0815,0.0341,0.9363,0.9413,1.0,90.2152,0.6654,1.0,1.50359,221.04,3.732,0.51371,0.398,0.2756,1.92232,-0.9191,0.34652,0.43333,0.28871,0.06115,0.59233,0.91565,0.41667,HIGH,2026-09-10 07:06:00
0.31508,3.6456,0.26545,0.03019,0.17376,9.1771,60.0,0.1609,0.0299,0.9303,0.9449,3.0,177.51292,0.5003,1.0,3.0485,256.32,4.824,0.6546,1.11379,0.2029,2.80943,1.35468,0.5113,0.25,0.25734,0.13612,0.35258,0.9484,0.41667,CRITICAL,2026-09-10 07:06:00
0.32036,7.3202,0.51283,0.11559,0.33998,8.1307,80.0,0.3291,0.0262,0.9438,0.9431,2.0,160.00158,0.3616,1.0,3.37553,392.04,7.326,0.66296,0.61468,0.1289,2.3799,-0.29425,0.56443,0.11667,0.2471,0.13027,0.30531,0.95622,0.13333,CRITICAL,2026-09-10 07:06:00
0.30278,3.1373,0.22096,0.02182,0.14771,11.4152,65.0,0.1411,0.0289,0.9315,0.9466,2.0,79.82401,0.5697,1.0,1.46213,271.8,4.98,0.66851,0.92683,0.2079,2.49457,0.14816,0.39763,0.13333,0.28703,0.04372,0.55865,0.93701,0.11667,CRITICAL,2026-09-10 07:06:00
0.08449,2.4668,0.18759,0.00854,0.09243,8.1582,80.0,0.1108,0.0416,0.9363,0.946,2.0,107.72066,0.596,1.0,1.9865,196.56,3.486,0.49272,0.61638,0.2654,1.95612,-0.19236,0.35544,0.5,0.25934,0.23822,0.40634,0.96494,0.2,HIGH,2026-09-10 07:06:00
0.30411,3.1734,0.22922,0.02408,0.15519,11.4788,65.0,0.1025,0.0289,0.9273,0.9337,2.0,79.82401,0.6298,1.0,1.46213,242.28,4.848,0.67705,1.07811,0.2277,2.52637,0.70964,0.43299,0.13333,0.2737,0.07312,0.49389,0.96274,0.43333,CRITICAL,2026-09-10 07:06:10
0.32094,7.3349,0.5137,0.12444,0.35276,8.1974,80.0,0.2379,0.0262,0.934,0.9344,2.0,160.00158,0.4358,1.0,2.66669,392.04,7.326,0.6867,0.81818,0.1447,2.39582,0.24826,0.49378,0.5,0.27022,0.11339,0.39283,0.96465,0.15,CRITICAL,2026-09-10 07:06:10
0.08644,2.4682,0.19206,0.00958,0.09787,8.2237,80.0,0.0811,0.0409,0.9385,0.9297,2.0,77.74522,0.6712,1.0,1.38872,132.84,2.556,0.50959,0.45589,0.3311,1.96105,-0.52763,0.43624,0.21667,0.25063,0.22239,0.34137,0.97266,0.2,HIGH,2026-09-10 07:06:10
0.15333,1.8088,0.15078,0.00758,0.08705,8.6954,80.0,0.0614,0.0341,0.9117,0.929,1.0,90.2152,0.7077,1.0,1.50359,132.48,2.256,0.5773,0.60751,0.3739,2.2228,-0.47268,0.30331,0.43333,0.2707,0.12635,0.57034,0.93054,0.41667,HIGH,2026-09-10 07:06:10
0.31723,3.6449,0.28323,0.03446,0.18565,9.2424,60.0,0.117,0.0299,0.9176,0.9377,3.0,177.51292,0.5535,1.0,3.0485,256.32,4.824,0.65547,0.90888,0.2212,2.63206,0.52223,0.42001,0.15,0.25242,0.16513,0.41486,0.96006,0.4,CRITICAL,2026-09-10 07:06:10
0.08547,2.4613,0.21276,0.00958,0.0979,8.2538,80.0,0.059,0.0409,0.9103,0.9214,2.0,72.14296,0.7231,1.0,1.3071,132.84,2.43,0.46014,0.39832,0.365,1.80451,-0.62708,0.4739,0.21667,0.27531,0.08426,0.44184,0.93119,0.23333,HIGH,2026-09-10 07:06:20
0.30696,3.1605,0.24313,0.0246,0.15686,11.5448,65.0,0.0709,0.0289,0.9078,0.9135,2.0,95.48273,0.684,1.0,1.59138,136.08,2.574,0.64516,0.88275,0.3364,2.41663,0.2664,0.41614,0.45,0.26599,0.14028,0.44358,0.95986,0.28333,CRITICAL,2026-09-10 07:06:20
0.15666,1.8257,0.14969,0.0072,0.08488,8.7736,80.0,0.0447,0.0341,0.8926,0.8968,1.0,106.08802,0.7318,1.0,1.76813,109.08,1.818,0.56703,0.71113,0.4373,2.2489,-0.24993,0.35871,0.41667,0.26899,0.13807,0.50323,0.9537,0.13333,HIGH,2026-09-10 07:06:20
0.31958,3.6459,0.26858,0.03457,0.18592,9.2782,60.0,0.0804,0.0299,0.9104,0.931,3.0,84.69456,0.6655,1.0,1.58471,191.88,3.588,0.69226,1.00152,0.2791,2.72925,0.74394,0.42984,0.15,0.25412,0.1565,0.41366,0.94534,0.41667,CRITICAL,2026-09-10 07:06:20
0.32406,7.3558,0.50206,0.12198,0.34926,8.2406,80.0,0.1707,0.0262,0.9285,0.9279,2.0,137.59527,0.5081,1.0,2.32291,190.8,4.476,0.69565,0.73319,0.2074,2.44127,-0.09439,0.3841,0.41667,0.2633,0.18052,0.43538,0.97586,0.48333,CRITICAL,2026-09-10 07:06:20
0.15728,1.8001,0.15418,0.00694,0.08333,8.8075,80.0,0.0305,0.0341,0.8328,0.8941,1.0,144.17891,0.7318,1.0,2.40298,99.72,1.662,0.54049,0.73081,0.4771,2.20771,-0.06556,0.39093,0.41667,0.28249,0.08264,0.52644,0.95612,0.3,HIGH,2026-09-10 07:06:30
0.32383,3.6767,0.26365,0.02833,0.16831,9.3427,60.0,0.0544,0.0299,0.9214,0.9057,3.0,130.35427,0.739,1.0,1.19382,164.16,2.886,0.63837,0.59329,0.3348,2.1478,-0.5724,0.51907,0.15,0.24696,0.16845,0.31247,0.96222,0.16667,CRITICAL,2026-09-10 07:06:30
0.32543,7.3793,0.54089,0.14567,0.38167,8.2568,80.0,0.1187,0.0262,0.9179,0.9167,2.0,137.59527,0.5742,1.0,2.32291,190.8,3.642,0.70563,0.79374,0.2555,2.2778,-0.13973,0.27288,0.33333,0.23981,0.30906,0.41806,0.96441,0.05,CRITICAL,2026-09-10 07:06:30
0.30794,3.1882,0.264,0.03164,0.17788,11.5963,65.0,0.0528,0.0289,0.9045,0.9082,2.0,95.48273,0.7224,1.0,1.59138,136.08,2.268,0.67376,0.80386,0.3841,2.31458,-0.12812,0.3902,0.46667,0.2741,0.17255,0.43725,0.94804,0.45,CRITICAL,2026-09-10 07:06:30
0.0867,2.4676,0.21556,0.01071,0.10348,8.2622,80.0,0.0423,0.0409,0.7871,0.8982,2.0,67.90343,0.7577,1.0,1.48463,122.4,2.43,0.48006,0.25729,0.3888,1.76764,-0.9,0.33823,0.35,0.27457,0.10394,0.55784,0.94784,0.33333,HIGH,2026-09-10 07:06:30
0.30748,3.1839,0.27583,0.03133,0.17699,11.5996,65.0,0.0368,0.0353,0.8736,0.89,2.0,95.48273,0.7611,1.0,1.59138,136.08,2.268,0.64165,0.9241,0.4091,2.24783,0.24273,0.32557,0.38333,0.27467,0.17743,0.497,0.95447,0.28333,CRITICAL,2026-09-10 07:06:40
0.32529,7.3785,0.54262,0.16723,0.40894,8.2828,80.0,0.0794,0.0262,0.8863,0.9226,2.0,137.59527,0.6693,1.0,1.57989,169.2,3.642,0.75364,0.87613,0.2796,2.39795,0.03457,0.22086,0.33333,0.26114,0.21108,0.56806,0.96813,0.4,CRITICAL,2026-09-10 07:06:40
0.08714,2.4589,0.20307,0.0104,0.10198,8.3086,80.0,0.0257,0.0409,0.7421,0.9345,2.0,67.90343,0.8455,1.0,0.80916,110.52,1.086,0.5022,0.3011,0.5597,1.8602,-0.83331,0.29364,0.35,0.24306,0.2267,0.47967,0.95354,0.33333,HIGH,2026-09-10 07:06:40
0.15674,1.8381,0.16078,0.00807,0.08984,8.8134,80.0,0.0227,0.0046,0.8229,0.9252,1.0,82.91756,0.8405,1.0,0.96247,90.0,1.278,0.55876,0.59739,0.5506,2.10107,-0.47078,0.39481,0.41667,0.29597,0.04392,0.56127,0.93705,0.43333,HIGH,2026-09-10 07:06:40
0.32378,3.6606,0.27161,0.02908,0.17051,9.3521,60.0,0.0424,0.0385,0.8986,0.9021,3.0,130.35427,0.7694,1.0,1.19382,164.16,2.886,0.62779,0.77024,0.3548,2.34448,-0.00563,0.51566,0.3,0.24188,0.21607,0.26827,0.95883,0.16667,CRITICAL,2026-09-10 07:06:40
0.0869,2.4724,0.19739,0.01007,0.10037,8.2981,80.0,0.0157,0.0409,0.6815,0.9007,2.0,173.95677,0.8298,1.0,1.44964,110.52,1.59,0.5085,0.38987,0.5075,1.90896,-0.74335,0.25108,0.06667,0.24182,0.2979,0.45102,0.95932,0.33333,HIGH,2026-09-10 07:06:50
0.30876,3.2019,0.28099,0.03266,0.18072,11.6276,65.0,0.0262,0.036,0.7068,0.8909,2.0,127.79428,0.7929,1.0,1.59138,136.08,2.268,0.64314,0.88262,0.4256,2.2051,-0.02033,0.34497,0.4,0.25525,0.13824,0.51679,0.95985,0.38333,CRITICAL,2026-09-10 07:06:50
0.32682,7.4135,0.5579,0.16121,0.40152,8.3034,80.0,0.0562,0.0442,0.8754,0.9046,2.0,137.59527,0.717,1.0,1.57989,121.32,2.322,0.71969,0.88464,0.3741,2.36998,0.04557,0.30613,0.33333,0.26577,0.12175,0.57212,0.95311,0.35,CRITICAL,2026-09-10 07:06:50
0.3257,3.6884,0.28244,0.03107,0.17626,9.3696,60.0,0.0296,0.0385,0.8462,0.9233,3.0,156.98602,0.7609,1.0,1.90951,116.64,1.584,0.62407,0.78605,0.4884,2.25832,-0.08457,0.45124,0.3,0.2416,0.24313,0.30564,0.96378,0.43333,CRITICAL,2026-09-10 07:06:50
0.15891,1.8378,0.15786,0.00768,0.08761,8.8546,80.0,0.015,0.0046,0.4455,0.8518,1.0,82.91756,0.876,1.0,0.92146,90.0,0.87,0.55499,0.71092,0.6451,2.1433,-0.19063,0.4293,0.41667,0.2698,0.09785,0.47286,0.96085,0.26667,HIGH,2026-09-10 07:06:50
0.15802,1.8418,0.15935,0.00739,0.08595,8.8442,80.0,0.0096,0.0046,0.2833,0.7946,1.0,82.91756,0.9077,1.0,0.92146,96.48,1.608,0.53937,0.65433,0.5275,2.13713,-0.14159,0.52897,0.16667,0.23356,0.21278,0.25826,0.96423,0.18333,HIGH,2026-09-10 07:07:00
0.32513,3.6856,0.30512,0.03981,0.19952,9.3819,60.0,0.0216,0.0385,0.8073,0.9104,3.0,156.98602,0.8107,1.0,1.45187,116.64,1.332,0.65391,1.31728,0.5408,2.94842,2.30881,0.49696,0.3,0.24333,0.1879,0.31514,0.95784,0.1,CRITICAL,2026-09-10 07:07:00
0.30881,3.1957,0.29928,0.03114,0.17645,11.6367,65.0,0.0189,0.036,0.61,0.8823,2.0,162.32892,0.8138,1.0,1.59138,83.16,1.116,0.58959,0.66755,0.5855,2.11983,-0.25819,0.41247,0.4,0.26078,0.11058,0.47696,0.94968,0.26667,CRITICAL,2026-09-10 07:07:00
0.08738,2.5287,0.19234,0.01009,0.10047,8.3291,80.0,0.0111,0.0409,0.6329,0.9185,2.0,173.95677,0.8429,1.0,1.44964,110.52,1.086,0.52237,0.4324,0.5976,1.94821,-0.67522,0.24118,0.41667,0.2587,0.2246,0.53422,0.96804,0.4,HIGH,2026-09-10 07:07:00
0.32598,7.4482,0.54315,0.17248,0.41531,8.3193,80.0,0.0388,0.0359,0.8346,0.93,2.0,137.59527,0.7668,1.0,1.43497,92.16,1.878,0.76463,0.79143,0.4356,2.38309,-0.14633,0.44896,0.15,0.2457,0.12386,0.42717,0.94635,0.16667,CRITICAL,2026-09-10 07:07:00
0.15918,1.8317,0.14331,0.00575,0.07581,8.8865,80.0,0.0092,0.0046,0.1969,0.7547,1.0,48.02656,0.9181,1.0,0.80044,90.0,1.14,0.52898,0.73114,0.6087,1.99338,-0.08783,0.48116,0.08333,0.21224,0.34426,0.17457,0.965,0.03333,HIGH,2026-09-10 07:07:10
0.32588,3.6878,0.26276,0.03917,0.1979,9.4027,60.0,0.0174,0.0369,0.7578,0.9179,3.0,156.98602,0.8233,1.0,1.45187,116.64,0.972,0.75316,1.59047,0.6157,3.26929,3.45027,0.48188,0.11667,0.22899,0.27409,0.24403,0.97347,0.1,CRITICAL,2026-09-10 07:07:10
0.32669,7.415,0.47275,0.17819,0.42213,8.3304,80.0,0.0276,0.0359,0.8778,0.9347,2.0,96.25285,0.7849,1.0,1.57636,122.04,1.848,0.89292,0.88896,0.4536,2.57255,-0.12087,0.4586,0.15,0.24993,0.14321,0.39819,0.96002,0.16667,CRITICAL,2026-09-10 07:07:10
0.30899,3.197,0.26682,0.03302,0.18171,11.6607,65.0,0.0156,0.036,0.6144,0.836,2.0,162.32892,0.8218,1.0,1.59138,126.0,2.634,0.68102,0.76047,0.4111,2.28257,-0.34094,0.39489,0.36667,0.25166,0.14895,0.45616,0.94486,0.35,CRITICAL,2026-09-10 07:07:10
0.08714,2.4613,0.17449,0.00876,0.09358,8.3378,80.0,0.0121,0.0435,0.5058,0.8836,2.0,173.95677,0.8016,1.0,2.05934,116.64,1.944,0.53629,0.66986,0.4823,2.1146,-0.36136,0.32044,0.41667,0.2804,0.09216,0.58739,0.97547,0.46667,HIGH,2026-09-10 07:07:10
0.30854,3.2009,0.22922,0.03337,0.18268,11.6642,65.0,0.0095,0.036,0.5039,0.8334,2.0,162.32892,0.8476,1.0,1.47065,116.64,1.056,0.79696,1.15911,0.6185,2.51537,0.31641,0.26455,0.35,0.23222,0.28967,0.44578,0.9567,0.36667,CRITICAL,2026-09-10 07:07:20
0.087,2.513,0.14096,0.00659,0.08116,8.3394,80.0,0.0115,0.0435,0.7235,0.6852,2.0,173.95677,0.8402,1.0,1.44964,60.48,1.296,0.57573,0.94695,0.5816,2.31089,0.08118,0.25455,0.46667,0.26846,0.20995,0.5355,0.97915,0.43333,HIGH,2026-09-10 07:07:20
0.32689,7.4148,0.38193,0.16455,0.40564,8.334,80.0,0.0231,0.0359,0.8742,0.9043,2.0,96.25285,0.8436,1.0,0.88042,122.04,1.53,1.06209,1.34264,0.5056,2.9285,1.00452,0.21866,0.01667,0.258,0.28876,0.49258,0.95958,0.31667,CRITICAL,2026-09-10 07:07:20
0.15874,1.8261,0.13433,0.0059,0.07678,8.8891,80.0,0.0075,0.0046,0.0436,0.3526,1.0,73.31543,0.9195,1.0,0.80044,90.0,1.14,0.57159,0.90043,0.6232,2.08928,0.16661,0.27086,0.05,0.2111,0.56669,0.16246,0.95503,0.08333,HIGH,2026-09-10 07:07:20
0.327,3.6845,0.24304,0.04108,0.20269,9.4172,60.0,0.0127,0.0369,0.5743,0.8453,3.0,156.98602,0.8396,1.0,1.45187,116.64,0.972,0.83395,1.69712,0.6296,3.39964,3.52634,0.41881,0.11667,0.21514,0.37457,0.20662,0.96869,0.03333,CRITICAL,2026-09-10 07:07:20
0.15942,1.868,0.11984,0.00516,0.07181,8.8814,80.0,0.0089,0.0046,0.1872,0.4221,1.0,73.31543,0.9103,1.0,0.8969,97.2,1.62,0.5992,1.25243,0.5407,2.31428,1.03502,0.12925,0.03333,0.18443,0.75773,0.11302,0.93484,0.01667,HIGH,2026-09-10 07:07:30
0.32653,3.6802,0.20863,0.04186,0.20459,9.4069,60.0,0.0089,0.0369,0.3743,0.636,3.0,156.98602,0.8665,1.0,1.45187,116.64,0.972,0.98066,2.04536,0.6482,3.68447,4.53894,0.34893,0.01667,0.20307,0.49009,0.16098,0.95833,0.03333,CRITICAL,2026-09-10 07:07:30
0.32646,7.4173,0.28666,0.11799,0.34349,8.3439,80.0,0.0209,0.028,0.7159,0.8249,2.0,96.25285,0.8549,1.0,0.88042,122.04,1.53,1.19825,1.75467,0.5241,3.64877,2.79388,0.11076,0.01667,0.24298,0.46217,0.42707,0.95084,0.03333,CRITICAL,2026-09-10 07:07:30
0.30859,3.1959,0.18862,0.02502,0.15818,11.6616,65.0,0.0094,0.036,0.6189,0.7422,2.0,162.32892,0.8461,1.0,1.47065,106.56,1.05,0.83859,1.51839,0.6243,2.95617,1.5687,0.14591,0.01667,0.22264,0.49866,0.35543,0.92708,0.03333,CRITICAL,2026-09-10 07:07:30
0.08795,2.5203,0.12823,0.00489,0.06991,8.3423,80.0,0.01,0.0435,0.5405,0.416,2.0,173.95677,0.8473,1.0,1.44964,100.44,1.074,0.54518,1.06755,0.6356,2.16375,0.31655,0.17381,0.01667,0.2533,0.37098,0.45521,0.95362,0.03333,HIGH,2026-09-10 07:07:30
0.15931,1.8489,0.10349,0.0026,0.05096,8.8904,80.0,0.0103,0.0346,0.3223,0.3144,1.0,86.37307,0.8665,1.0,1.23774,86.76,1.14,0.49241,1.27755,0.6235,2.2827,1.29697,0.19059,0.01667,0.18537,0.65294,0.15647,0.94149,0.03333,HIGH,2026-09-10 07:07:40
0.32686,3.6961,0.16895,0.03464,0.18611,9.4038,60.0,0.0098,0.0369,0.2753,0.4956,3.0,87.59888,0.8658,1.0,1.45187,53.28,0.846,1.10153,2.73044,0.6831,4.28521,8.59346,0.25016,0.01667,0.18225,0.64547,0.10437,0.94647,0.03333,CRITICAL,2026-09-10 07:07:40
0.3263,7.4427,0.21343,0.07708,0.27763,8.3374,80.0,0.0129,0.028,0.5209,0.6155,2.0,96.25285,0.8705,1.0,1.03755,122.04,1.53,1.30081,1.96655,0.5372,3.18502,2.63709,0.08423,0.01667,0.21085,0.67144,0.24433,0.92862,0.0,CRITICAL,2026-09-10 07:07:40
0.30925,3.1913,0.15765,0.01821,0.13494,11.6448,65.0,0.0099,0.036,0.3057,0.3362,2.0,162.32892,0.8643,1.0,1.47065,149.4,1.434,0.85594,1.87268,0.5691,2.8837,2.5059,0.09468,0.01667,0.18199,0.73848,0.16684,0.91282,0.03333,CRITICAL,2026-09-10 07:07:40
0.08652,2.4957,0.11886,0.00383,0.06185,8.3203,80.0,0.0076,0.046,0.2254,0.2149,2.0,173.95677,0.8677,1.0,1.44964,100.44,1.074,0.52038,1.53564,0.6401,2.35803,2.09348,0.21574,0.01667,0.21886,0.49054,0.29372,0.96056,0.03333,HIGH,2026-09-10 07:07:40
0.08749,2.4898,0.10535,0.00296,0.05438,8.3337,80.0,0.0064,0.0324,0.1173,0.0252,2.0,78.28095,0.9229,1.0,0.77102,100.44,1.074,0.51619,1.91291,0.6479,2.66503,3.99681,0.37223,0.0,0.21614,0.42242,0.20535,0.95138,0.01667,HIGH,2026-09-10 07:07:50
0.3097,3.1856,0.12587,0.01198,0.10947,11.6752,65.0,0.0078,0.0468,0.1308,0.1238,2.0,116.4823,0.9051,1.0,0.97069,149.4,1.434,0.86969,2.7441,0.5757,3.58751,7.28125,0.09479,0.0,0.15639,0.85582,0.04938,0.8599,0.01667,CRITICAL,2026-09-10 07:07:50
0.32692,7.4309,0.13475,0.04304,0.20746,8.3264,80.0,0.0122,0.028,0.2002,0.2571,2.0,104.65867,0.8427,1.0,1.74431,122.04,1.53,1.53965,3.83517,0.5538,4.5115,13.82216,0.08103,0.0,0.15104,0.86683,0.05213,0.83167,0.01667,CRITICAL,2026-09-10 07:07:50
0.32581,3.685,0.13457,0.02661,0.16313,9.4045,60.0,0.0079,0.0369,0.1333,0.2277,3.0,141.01649,0.8886,1.0,1.17514,72.72,0.744,1.21223,3.9148,0.7162,5.09563,17.49272,0.06142,0.0,0.13891,0.89983,0.03876,0.81931,0.01667,CRITICAL,2026-09-10 07:07:50
0.15958,1.846,0.09931,0.0024,0.049,8.8804,80.0,0.0086,0.0346,0.0529,0.0914,1.0,96.72489,0.8831,1.0,1.23774,86.76,1.14,0.49333,1.6112,0.6286,2.37785,2.36632,0.27414,0.0,0.21242,0.50026,0.2256,0.95697,0.01667,HIGH,2026-09-10 07:07:50
0.15944,1.8392,0.08301,0.0005,0.02241,8.8926,80.0,0.0097,0.0346,0.055,0.1804,1.0,96.72489,0.8684,1.0,1.41871,178.92,2.982,0.26993,0.1583,0.3973,1.60947,-0.20856,0.31567,0.06667,0.23108,0.37799,0.30634,0.96045,0.08333,HIGH,2026-09-10 07:08:00
0.32726,3.6792,0.08069,0.00049,0.02215,9.4133,60.0,0.0065,0.0369,0.0002,0.0,3.0,141.01649,0.8897,1.0,1.17514,72.72,0.744,0.27448,0.04018,0.7254,1.67297,-0.25108,0.33401,0.31667,0.27313,0.16356,0.50243,0.96937,0.1,CRITICAL,2026-09-10 07:08:00
0.32788,7.426,0.08323,0.00057,0.02383,8.3293,80.0,0.0057,0.028,0.0016,0.0135,2.0,105.02054,0.8999,1.0,1.05532,122.04,1.872,0.28628,0.02535,0.5139,1.47719,-0.73766,0.55089,0.13333,0.25107,0.15136,0.29775,0.96093,0.25,CRITICAL,2026-09-10 07:08:00
0.30981,3.2025,0.08556,0.00051,0.02253,11.6745,65.0,0.0071,0.0413,0.0005,0.0025,2.0,116.4823,0.8294,1.0,1.98549,149.4,1.434,0.26331,0.33084,0.5803,1.52776,-0.42636,0.41336,0.28333,0.2507,0.23538,0.35126,0.97195,0.05,CRITICAL,2026-09-10 07:08:00
0.08768,2.4781,0.08892,0.00063,0.02518,8.3354,80.0,0.0054,0.0324,0.0085,0.035,2.0,72.54184,0.9133,1.0,0.89604,100.44,1.29,0.28317,0.03708,0.6052,1.52126,-0.78509,0.49128,0.13333,0.25434,0.15241,0.35631,0.9682,0.3,HIGH,2026-09-10 07:08:00
0.1595,1.8286,0.08553,0.00052,0.02284,8.884,80.0,0.0086,0.0346,0.0092,0.0466,1.0,96.72489,0.8831,1.0,1.23774,67.68,1.128,0.26709,-0.01346,0.6356,1.56305,-0.3855,0.37139,0.06667,0.24844,0.31778,0.31083,0.94422,0.28333,HIGH,2026-09-10 07:08:10
0.32802,3.6765,0.08224,0.00048,0.02191,9.4104,60.0,0.0072,0.0381,0.0001,0.1157,3.0,141.01649,0.8831,1.0,1.25214,72.72,0.744,0.2664,0.0748,0.725,1.64463,-0.0263,0.28936,0.35,0.25455,0.24684,0.4638,0.96744,0.33333,CRITICAL,2026-09-10 07:08:10
0.32581,7.4108,0.08498,0.00052,0.02273,8.3337,80.0,0.0053,0.028,0.0,0.0107,2.0,105.02054,0.9002,1.0,1.05532,82.08,1.368,0.26745,-0.05147,0.5904,1.4536,-0.54511,0.44089,0.13333,0.22319,0.29259,0.26652,0.97213,0.03333,CRITICAL,2026-09-10 07:08:10
0.30828,3.2013,0.0842,0.00054,0.02316,11.6398,65.0,0.0067,0.0413,0.0263,0.0435,2.0,116.4823,0.8942,1.0,1.1154,149.4,1.434,0.27502,0.28862,0.5804,1.54683,-0.58807,0.26132,0.36667,0.24567,0.26375,0.47493,0.94357,0.03333,CRITICAL,2026-09-10 07:08:10
0.0874,2.4741,0.08844,0.0006,0.02454,8.3292,80.0,0.0081,0.0324,0.0779,0.331,2.0,72.54184,0.8911,1.0,1.1406,112.68,1.074,0.27746,0.03808,0.6415,1.53176,-0.58667,0.42613,0.4,0.25981,0.14786,0.42601,0.98144,0.38333,HIGH,2026-09-10 07:08:10
0.30996,3.1853,0.0847,0.00051,0.02251,11.67,65.0,0.0083,0.0413,0.0728,0.0009,2.0,116.4823,0.893,1.0,1.1154,149.4,1.434,0.26579,0.20125,0.5806,1.54123,-0.53019,0.28565,0.43333,0.257,0.19418,0.52017,0.96723,0.36667,CRITICAL,2026-09-10 07:08:20
0.3283,7.4274,0.08342,0.00059,0.02434,8.3256,80.0,0.0057,0.028,0.0323,0.0008,2.0,105.02054,0.8768,1.0,1.34781,88.56,1.338,0.29176,-0.08548,0.5957,1.47162,-0.7748,0.33477,0.05,0.2274,0.35478,0.31045,0.94372,0.13333,CRITICAL,2026-09-10 07:08:20
0.08676,2.5015,0.09335,0.0007,0.02651,8.328,80.0,0.0079,0.0324,0.0343,0.009,2.0,140.57648,0.805,1.0,2.34294,112.68,1.416,0.28403,0.6419,0.5825,1.94466,1.52649,0.46285,0.16667,0.26056,0.14333,0.39381,0.97334,0.15,HIGH,2026-09-10 07:08:20
0.1599,1.7961,0.08639,0.00044,0.02096,8.8807,80.0,0.0098,0.0349,0.1618,0.1206,1.0,96.72489,0.8686,1.0,1.41509,76.32,1.338,0.24257,-0.04263,0.5923,1.45072,-0.30314,0.44816,0.28333,0.27259,0.18127,0.37057,0.95866,0.3,HIGH,2026-09-10 07:08:20
0.3261,3.671,0.08259,0.00051,0.02257,9.3893,60.0,0.0083,0.0381,0.2176,0.0281,3.0,142.44956,0.8822,1.0,1.25214,95.4,1.59,0.27322,-0.1309,0.5541,1.58582,-0.39463,0.38428,0.35,0.25293,0.2051,0.41062,0.97015,0.36667,CRITICAL,2026-09-10 07:08:20
0.15875,1.8493,0.08571,0.00048,0.02199,8.8736,80.0,0.0063,0.0349,0.0323,0.0523,1.0,165.13584,0.8588,1.0,1.58041,99.0,1.65,0.25655,-0.10542,0.5452,1.45745,-0.42314,0.33065,0.06667,0.24955,0.29307,0.37628,0.96052,0.33333,HIGH,2026-09-10 07:08:30
0.32818,3.6682,0.08192,0.00062,0.02498,9.419,60.0,0.0082,0.0124,0.1951,0.1284,3.0,142.44956,0.8823,1.0,1.25214,73.08,0.9,0.30493,-0.41704,0.686,1.58556,-0.12672,0.48435,0.23333,0.2718,0.10648,0.40917,0.96837,0.13333,CRITICAL,2026-09-10 07:08:30
0.32745,7.426,0.08302,0.00055,0.0235,8.3295,80.0,0.0071,0.0367,0.3504,0.0074,2.0,105.02054,0.8948,1.0,1.10452,88.56,1.338,0.28306,-0.0159,0.596,1.47048,-0.84233,0.32197,0.05,0.23742,0.28153,0.3965,0.96006,0.4,CRITICAL,2026-09-10 07:08:30
0.30913,3.2027,0.08645,0.00048,0.02198,11.6669,65.0,0.0085,0.0413,0.0,0.0008,2.0,132.70351,0.8829,1.0,1.24104,149.4,1.434,0.25427,0.05461,0.5806,1.51429,-0.40736,0.42189,0.45,0.27245,0.12057,0.45755,0.95689,0.26667,CRITICAL,2026-09-10 07:08:30
0.08716,2.4818,0.08915,0.00072,0.02685,8.3328,80.0,0.0074,0.0324,0.0866,0.2051,2.0,88.24415,0.8662,1.0,1.47074,112.68,1.074,0.30114,0.79486,0.6401,2.02697,1.78237,0.48457,0.16667,0.23683,0.21653,0.2989,0.96837,0.1,HIGH,2026-09-10 07:08:30
0.1588,1.8292,0.08664,0.00043,0.02071,8.8766,80.0,0.0084,0.0349,0.0232,0.1164,1.0,165.13584,0.8341,1.0,1.9056,79.2,1.32,0.23907,0.01939,0.5997,1.45556,-0.07074,0.29422,0.08333,0.24968,0.33841,0.36737,0.9522,0.06667,HIGH,2026-09-10 07:08:40
0.32768,3.6959,0.08228,0.00056,0.02371,9.4103,60.0,0.0067,0.0124,0.1579,0.0756,3.0,142.44956,0.8834,1.0,1.25214,73.08,1.212,0.28811,-0.38294,0.6193,1.5858,0.18181,0.45198,0.13333,0.25587,0.14346,0.40455,0.96765,0.23333,CRITICAL,2026-09-10 07:08:40
0.32771,7.4151,0.0842,0.0006,0.02453,8.33,80.0,0.009,0.0303,0.0028,0.0185,2.0,112.80177,0.8972,1.0,1.05532,88.56,1.338,0.29135,-0.24955,0.5961,1.44671,-0.76379,0.41827,0.4,0.23987,0.2418,0.33993,0.94685,0.05,CRITICAL,2026-09-10 07:08:40
0.31002,3.2017,0.08213,0.00042,0.0206,11.6627,65.0,0.0073,0.0413,0.0019,0.0386,2.0,115.91194,0.8938,1.0,1.1154,94.32,1.572,0.25081,0.13535,0.558,1.54075,-0.60141,0.48981,0.46667,0.26007,0.14703,0.36316,0.96149,0.45,CRITICAL,2026-09-10 07:08:40
0.08703,2.4984,0.08589,0.00076,0.02752,8.317,80.0,0.0078,0.0324,0.0976,0.3116,2.0,88.24415,0.8659,1.0,1.47074,112.68,1.074,0.32042,0.85517,0.6394,2.09286,1.98135,0.29887,0.03333,0.22585,0.39068,0.31044,0.97959,0.01667,HIGH,2026-09-10 07:08:40
0.31002,3.2017,0.08368,0.00038,0.01947,11.6619,65.0,0.0083,0.0413,0.0071,0.02,2.0,89.6037,0.8929,1.0,1.1154,94.32,1.572,0.23267,0.08495,0.5578,1.51856,-0.37805,0.52913,0.18,0.24717,0.18115,0.28971,0.95645,0.46,CRITICAL,2026-09-10 07:08:50
0.32771,7.4151,0.08547,0.00061,0.02464,8.317,80.0,0.009,0.0303,0.0206,0.009,2.0,112.80177,0.8972,1.0,1.05532,88.56,1.194,0.28832,-0.44197,0.6232,1.42652,-0.59117,0.45512,0.24,0.23462,0.27036,0.27452,0.96202,0.06,CRITICAL,2026-09-10 07:08:50
0.08703,2.4984,0.08617,0.00074,0.02723,8.317,80.0,0.0097,0.037,0.0101,0.4053,2.0,88.6839,0.8167,1.0,2.14746,112.68,1.47,0.31607,1.01302,0.5646,2.08893,2.53035,0.24705,0.04,0.22922,0.42927,0.32368,0.97979,0.02,HIGH,2026-09-10 07:08:50
0.15858,1.8292,0.08608,0.00046,0.02147,8.8709,80.0,0.0074,0.0349,0.0003,0.0373,1.0,165.13584,0.8347,1.0,1.9056,83.16,1.386,0.24936,-0.0577,0.5878,1.46166,-0.26399,0.32785,0.08,0.25278,0.31072,0.36143,0.96884,0.24,HIGH,2026-09-10 07:08:50
0.32771,3.6959,0.08205,0.00061,0.02475,9.4101,60.0,0.0068,0.0124,0.0082,0.279,3.0,142.44956,0.869,1.0,1.4401,73.08,0.738,0.3017,-0.40056,0.718,1.5847,0.1218,0.38532,0.44,0.24548,0.21863,0.39605,0.96398,0.12,CRITICAL,2026-09-10 07:08:50
0.15858,1.8292,0.08689,0.00047,0.02164,8.8709,80.0,0.0083,0.0349,0.0118,0.0916,1.0,165.13584,0.8342,1.0,1.9056,79.2,1.32,0.24911,-0.15902,0.5949,1.44841,-0.09271,0.34855,0.25,0.24821,0.26439,0.38707,0.9816,0.275,HIGH,2026-09-10 07:09:00
0.32771,3.6959,0.08377,0.00064,0.02521,9.4101,60.0,0.0067,0.0124,0.0081,0.477,3.0,142.44956,0.8834,1.0,1.25214,81.0,1.35,0.30092,-0.54375,0.5841,1.55281,0.43283,0.27906,0.45,0.2446,0.27102,0.44993,0.94034,0.125,CRITICAL,2026-09-10 07:09:00
0.32771,7.4151,0.08334,0.00064,0.0253,8.317,80.0,0.01,0.0303,0.0881,0.0223,2.0,112.80177,0.9058,1.0,0.94001,88.56,1.482,0.30353,-0.3621,0.5714,1.45747,-0.70809,0.46883,0.225,0.24818,0.2125,0.31867,0.95558,0.25,CRITICAL,2026-09-10 07:09:00
0.31002,3.2017,0.085,0.00037,0.01933,11.6619,65.0,0.0077,0.0429,0.007,0.2273,2.0,89.6037,0.8935,1.0,1.1154,94.32,1.572,0.22743,0.12481,0.5514,1.49688,-0.45427,0.53231,0.175,0.23805,0.23078,0.23691,0.95099,0.25,CRITICAL,2026-09-10 07:09:00
0.08703,2.4984,0.08599,0.00084,0.02896,8.317,80.0,0.0086,0.037,0.0093,0.3008,2.0,88.24415,0.8653,1.0,1.47074,64.44,1.074,0.33676,1.0923,0.6379,2.08117,2.39673,0.16722,0.05,0.22634,0.46712,0.36566,0.95465,0.025,HIGH,2026-09-10 07:09:00
0.08703,2.4984,0.08378,0.00096,0.03094,8.317,80.0,0.0081,0.037,0.0867,0.0756,2.0,88.24415,0.8657,1.0,1.47074,61.56,1.074,0.36927,1.28553,0.6417,2.1159,2.63272,0.29351,0.03333,0.17851,0.59047,0.11602,0.9297,0.0,HIGH,2026-09-10 07:09:10
0.31002,3.2017,0.08547,0.00026,0.01628,11.6619,65.0,0.0068,0.0565,0.3544,0.0844,2.0,70.80144,0.9139,1.0,0.59604,94.32,1.572,0.19044,0.00466,0.5522,1.35587,-0.93102,0.54113,0.2,0.24249,0.20437,0.2545,0.94886,0.16667,CRITICAL,2026-09-10 07:09:10
0.32771,7.4151,0.08417,0.00072,0.02681,8.317,80.0,0.0106,0.0303,0.2723,0.0,2.0,112.80177,0.8753,1.0,0.94001,69.84,0.63,0.31855,-0.39421,0.7569,1.43767,-0.84997,0.28104,0.46667,0.28823,0.13124,0.58772,0.94632,0.5,CRITICAL,2026-09-10 07:09:10
0.15858,1.8292,0.08538,0.0005,0.02238,8.8709,80.0,0.0112,0.0349,0.0002,0.0928,1.0,165.13584,0.8321,1.0,1.9056,79.2,1.32,0.26207,-0.04512,0.5935,1.46985,0.00129,0.45307,0.03333,0.23752,0.2697,0.27723,0.97033,0.26667,HIGH,2026-09-10 07:09:10
0.32771,3.6959,0.08304,0.00066,0.02577,9.4101,60.0,0.0059,0.0124,0.2044,0.0038,3.0,40.50302,0.9316,1.0,0.67505,133.92,2.232,0.31031,-0.61994,0.471,1.56302,0.48316,0.28886,0.43333,0.25884,0.26775,0.44339,0.94167,0.46667,CRITICAL,2026-09-10 07:09:10
0.15858,1.8292,0.08384,0.00042,0.02051,8.8709,80.0,0.0094,0.0397,0.2588,0.4999,1.0,114.33589,0.8011,1.0,1.9056,64.8,0.72,0.24461,0.22647,0.7028,1.50366,0.10478,0.43194,0.05,0.22046,0.32631,0.24176,0.97052,0.2,HIGH,2026-09-10 07:09:20
0.32771,3.6959,0.07825,0.00059,0.02419,9.4101,60.0,0.006,0.0124,0.0004,0.1626,3.0,43.60956,0.9217,1.0,0.78935,24.12,0.402,0.3091,-0.97923,0.8195,1.34477,0.87697,0.31703,0.1,0.26477,0.2288,0.45417,0.98361,0.15,CRITICAL,2026-09-10 07:09:20
0.32771,7.4151,0.08343,0.00061,0.02465,8.317,80.0,0.0122,0.0303,0.6834,0.0,2.0,112.80177,0.8276,1.0,0.94001,68.04,1.134,0.2955,-0.40875,0.635,1.46047,-0.19398,0.09005,0.5,0.33964,0.08799,0.82197,0.84297,0.45,CRITICAL,2026-09-10 07:09:20
0.31002,3.2017,0.08124,0.00026,0.0161,11.6619,65.0,0.0064,0.0565,0.0368,0.2836,2.0,70.80144,0.9075,1.0,0.95572,94.32,1.572,0.1982,0.17518,0.5425,1.30293,-1.11833,0.44576,0.2,0.23947,0.28566,0.26859,0.96497,0.05,CRITICAL,2026-09-10 07:09:20
0.08703,2.4984,0.07381,0.00046,0.02133,8.317,80.0,0.0049,0.037,0.0073,0.0004,2.0,34.81149,0.9408,1.0,0.58019,67.32,1.122,0.28901,0.37034,0.6373,1.63792,0.03272,0.17121,0.3,0.24976,0.24048,0.58831,0.93491,0.35,HIGH,2026-09-10 07:09:20
0.08703,2.4984,0.07879,0.00074,0.02712,8.317,80.0,0.0078,0.037,0.7487,0.6553,2.0,39.98771,0.8273,1.0,0.66646,21.6,0.246,0.34424,-0.0229,0.8487,1.51535,-0.7879,0.13471,0.3,0.24513,0.2517,0.61359,0.9692,0.4,HIGH,2026-09-10 07:09:30
0.31002,3.2017,0.0734,0.00016,0.01246,11.6619,65.0,0.0077,0.0565,0.0275,0.0006,2.0,62.86439,0.879,1.0,1.04774,94.32,1.572,0.16973,0.5765,0.5573,1.28589,-0.63643,0.04401,0.5,0.2938,0.21947,0.73652,0.94772,0.0,CRITICAL,2026-09-10 07:09:30
0.32771,7.4151,0.08665,0.00064,0.0252,8.317,80.0,0.0067,0.0303,0.023,0.1264,2.0,112.80177,0.8921,1.0,0.94001,84.96,1.632,0.29087,-1.05415,0.5295,1.30829,0.50228,0.08238,0.4,0.2509,0.30006,0.61757,0.98186,0.3,CRITICAL,2026-09-10 07:09:30
0.32771,3.6959,0.08002,0.00031,0.01756,9.4101,60.0,0.0005,0.049,0.1233,0.2778,3.0,4.39998,0.9922,1.0,0.07333,34.56,0.576,0.21942,-0.14746,0.7422,1.33847,-0.44792,0.33415,0.3,0.23503,0.14311,0.52274,0.90049,0.2,CRITICAL,2026-09-10 07:09:30
0.15858,1.8292,0.09202,0.00031,0.01768,8.8709,80.0,0.0109,0.0702,0.0119,0.4755,1.0,114.33589,0.8163,1.0,1.9056,45.72,0.612,0.19212,0.89783,0.7134,1.38556,0.11132,0.14429,0.4,0.2736,0.25866,0.59705,0.99047,0.5,HIGH,2026-09-10 07:09:30
0.31223,0.1098,0.02845,0.00028,0.01662,8.8709,80.0,0.0134,0.0044,0.0486,0.4061,1.0,161.05996,0.746,1.0,2.68433,31.68,0.51,0.58404,0.32897,0.7647,1.78631,-0.67343,0.08134,0.5,0.2639,0.34151,0.57715,0.98122,0.0,NORMAL,2026-09-10 07:10:50
0.63966,0.0702,0.03552,0.00022,0.0147,8.1296,50.0,0.01,0.0152,0.8038,0.9419,2.0,51.93029,0.7773,0.6667,0.98594,39.24,0.654,0.41385,-0.19317,0.6431,1.40463,-1.44092,0.29429,0.1,0.19185,0.55742,0.14829,0.9485,0.2,NORMAL,2026-09-10 07:10:50
0.22346,0.0809,0.03514,0.00027,0.01635,4.4177,50.0,0.0115,0.0133,0.8893,0.0693,1.0,35.88768,0.777,0.5,0.59813,100.44,1.518,0.46523,0.04712,0.543,1.6584,-0.87879,0.06325,0.4,0.31896,0.09377,0.84298,0.94047,0.5,NORMAL,2026-09-10 07:10:50
0.2131,0.1306,0.04035,0.0002,0.01406,3.6597,35.0,0.0138,0.0141,0.2017,0.7582,1.0,92.91843,0.7661,0.5,1.68477,25.92,0.75,0.34846,0.08774,0.642,1.55067,0.10376,0.36982,0.2,0.21531,0.41506,0.21511,0.95836,0.1,NORMAL,2026-09-10 07:10:50
0.00282,0.0696,0.03014,7e-05,0.00815,1.0025,20.0,0.0098,0.0188,0.1918,0.1936,0.0,80.96787,0.8604,0.0,0.67473,54.0,0.9,0.27026,0.00118,0.666,1.35305,-1.20468,0.04443,0.5,0.32083,0.10999,0.84558,0.92045,0.3,NORMAL,2026-09-10 07:10:50
4e-05,0.1154,0.03166,0.0002,0.01411,1.0723,20.0,0.0117,0.0044,0.067,0.4159,0.0,161.05996,0.7629,0.0,2.68433,31.68,0.522,0.44559,-0.05501,0.776,1.68296,-0.52839,0.45068,0.15,0.20913,0.35515,0.19417,0.95147,0.2,NORMAL,2026-09-10 07:11:00
0.00242,0.07,0.03555,0.00015,0.01207,1.0446,20.0,0.01,0.0152,0.4342,0.0033,0.0,56.94041,0.8535,0.0,0.94901,55.44,0.924,0.33948,-0.1819,0.6792,1.43161,-1.13238,0.20135,0.35,0.2706,0.12995,0.6687,0.93719,0.4,NORMAL,2026-09-10 07:11:00
0.00323,0.0888,0.03271,0.00022,0.0147,1.0041,20.0,0.0119,0.0031,0.3043,0.3258,0.0,60.19227,0.8482,0.0,1.0032,103.68,1.758,0.44943,-0.05007,0.5108,1.78378,-0.3586,0.18354,0.4,0.25888,0.23997,0.57649,0.96712,0.25,NORMAL,2026-09-10 07:11:00
0.0033,0.1119,0.03893,0.00013,0.01119,1.0164,20.0,0.0123,0.0141,0.1103,0.7466,0.0,80.40067,0.8419,0.0,1.34001,54.72,0.912,0.28757,0.08721,0.6493,1.63018,1.14287,0.39047,0.1,0.25841,0.27397,0.33556,0.93387,0.2,NORMAL,2026-09-10 07:11:00
0.00308,0.0763,0.02989,8e-05,0.00869,1.003,20.0,0.0084,0.0114,0.0005,0.1887,0.0,80.96787,0.8787,0.0,1.2967,54.0,0.9,0.2907,-0.34874,0.6712,1.35493,-0.85984,0.072,0.05,0.23294,0.48678,0.44122,0.95689,0.0,NORMAL,2026-09-10 07:11:00
0.00493,0.098,0.03075,0.00012,0.01075,1.027,20.0,0.0064,0.0108,0.0001,0.0205,0.0,80.96787,0.9312,0.0,0.67473,72.72,0.9,0.34971,-0.00992,0.686,1.75275,-0.30775,0.30408,0.4,0.27972,0.20609,0.48982,0.93822,0.06667,NORMAL,2026-09-10 07:11:10
0.00352,0.0996,0.03745,0.00015,0.01214,1.0039,20.0,0.0085,0.0141,0.0622,0.532,0.0,80.40067,0.8753,0.0,1.34001,33.84,0.72,0.32415,0.65304,0.7133,1.76039,0.95011,0.31474,0.1,0.23966,0.3606,0.32466,0.95972,0.2,NORMAL,2026-09-10 07:11:10
0.0044,0.0975,0.03302,0.00016,0.01246,1.0327,20.0,0.0096,0.0031,0.0045,0.2841,0.0,83.33839,0.8923,0.0,1.11024,87.84,1.308,0.3772,-0.11489,0.5907,1.80875,0.34408,0.25517,0.06667,0.2481,0.33056,0.41427,0.92598,0.36667,NORMAL,2026-09-10 07:11:10
0.00505,0.0359,0.03804,0.00014,0.01166,1.0297,20.0,0.0082,0.0152,0.2275,0.0434,0.0,62.52844,0.8778,0.0,1.04214,122.4,1.11,0.30647,-0.15752,0.6329,1.58307,-0.43625,0.36224,0.4,0.23247,0.26004,0.37772,0.96384,0.13333,NORMAL,2026-09-10 07:11:10
3e-05,0.1144,0.03247,0.00017,0.01309,1.0756,20.0,0.0094,0.0044,0.0012,0.117,0.0,161.05996,0.7826,0.0,2.68433,140.04,1.206,0.40307,0.00638,0.6173,1.66365,-0.25781,0.52954,0.16667,0.25101,0.13593,0.33453,0.97524,0.43333,NORMAL,2026-09-10 07:11:10
0.00252,0.1336,0.0321,0.00016,0.01257,1.1348,20.0,0.0113,0.0044,0.0261,0.1371,0.0,161.05996,0.7814,0.0,2.68433,140.04,1.206,0.39148,0.02004,0.6171,1.6881,-0.35167,0.42228,0.425,0.26803,0.09299,0.48473,0.97165,0.25,NORMAL,2026-09-10 07:11:20
0.00258,0.0866,0.03811,0.00017,0.01294,1.0278,20.0,0.0072,0.0021,0.0599,0.0049,0.0,65.77569,0.8924,0.0,1.13347,122.4,2.01,0.33963,-0.60655,0.4961,1.56473,0.21455,0.35205,0.125,0.22255,0.33171,0.31623,0.94827,0.1,NORMAL,2026-09-10 07:11:20
0.004,0.0908,0.03362,0.00015,0.01232,0.9917,20.0,0.0089,0.0031,0.0569,0.3094,0.0,83.33839,0.8929,0.0,1.11024,87.84,1.32,0.36633,-0.16661,0.591,1.78172,-0.10689,0.15638,0.075,0.23995,0.37479,0.46883,0.93088,0.05,NORMAL,2026-09-10 07:11:20
0.00367,0.127,0.03746,0.00013,0.01118,1.013,20.0,0.0083,0.0141,0.234,0.6375,0.0,80.40067,0.8599,0.0,1.34001,68.76,0.822,0.29845,0.64628,0.6859,1.77184,1.15258,0.44257,0.125,0.2255,0.27918,0.27825,0.95768,0.1,NORMAL,2026-09-10 07:11:20
0.00343,0.0932,0.03111,0.00011,0.0107,0.9967,20.0,0.0105,0.0108,0.0574,0.0001,0.0,98.47273,0.8359,0.0,1.85762,72.72,0.9,0.34388,0.44722,0.6861,1.84754,0.59283,0.25561,0.425,0.26924,0.13885,0.60554,0.94029,0.4,NORMAL,2026-09-10 07:11:20
0.00012,0.1141,0.03184,0.00014,0.01175,1.0643,20.0,0.0083,0.0044,0.079,0.0176,0.0,161.05996,0.7833,0.0,2.68433,140.04,1.206,0.36921,0.07207,0.6216,1.71408,-0.17796,0.38266,0.44,0.27373,0.11931,0.49803,0.97157,0.42,NORMAL,2026-09-10 07:11:30
0.00297,0.0635,0.03752,0.00017,0.01306,1.0404,20.0,0.0082,0.0021,0.0634,0.0691,0.0,65.77569,0.9066,0.0,0.94901,122.4,1.11,0.34823,-0.55469,0.6351,1.58508,0.03466,0.32274,0.42,0.23425,0.26096,0.4163,0.96309,0.1,NORMAL,2026-09-10 07:11:30
0.00391,0.0671,0.03478,0.00017,0.01287,1.0165,20.0,0.009,0.0031,0.0008,0.0233,0.0,117.93364,0.8742,0.0,1.34896,87.84,1.308,0.37004,-0.28391,0.6015,1.71995,-0.2528,0.2425,0.08,0.24375,0.369,0.3885,0.95699,0.32,NORMAL,2026-09-10 07:11:30
0.00342,0.117,0.03643,0.00012,0.01116,1.0305,20.0,0.0087,0.0141,0.2952,0.2353,0.0,80.40067,0.8751,0.0,1.34001,68.76,0.822,0.30647,0.6618,0.6984,1.81792,0.9241,0.56079,0.12,0.23921,0.15232,0.28689,0.95803,0.14,NORMAL,2026-09-10 07:11:30
0.00426,0.1016,0.03231,0.00012,0.01091,1.0238,20.0,0.008,0.0108,0.1423,0.0871,0.0,98.47273,0.8754,0.0,1.34316,112.32,0.936,0.33756,0.3842,0.6725,1.78182,0.09348,0.46206,0.42,0.25777,0.10045,0.43749,0.95651,0.3,NORMAL,2026-09-10 07:11:30
0.00374,0.1028,0.03344,0.00011,0.01071,1.0047,20.0,0.0069,0.0108,0.1302,0.1008,0.0,98.47273,0.8762,0.0,1.34316,112.32,1.35,0.32034,0.2048,0.594,1.73018,-0.11689,0.49675,0.41667,0.25334,0.09153,0.41171,0.95022,0.3,NORMAL,2026-09-10 07:11:40
0.00421,0.1085,0.03685,0.00013,0.01129,1.0128,20.0,0.0085,0.0141,0.0191,0.0097,0.0,119.99161,0.8645,0.0,1.48292,68.76,0.822,0.3064,0.43034,0.7048,1.79653,0.53624,0.53356,0.13333,0.24802,0.1253,0.34114,0.95878,0.11667,NORMAL,2026-09-10 07:11:40
0.00352,0.0671,0.03395,0.00018,0.01329,1.015,20.0,0.0087,0.0031,0.0113,0.1222,0.0,117.93364,0.8931,0.0,1.11024,87.84,1.308,0.3915,-0.10691,0.5978,1.74902,-0.30634,0.31006,0.08333,0.24764,0.33383,0.35611,0.95099,0.06667,NORMAL,2026-09-10 07:11:40
0.00367,0.0567,0.03658,0.00016,0.01269,1.0323,20.0,0.0075,0.0021,0.0115,0.0296,0.0,65.77569,0.9071,0.0,0.94901,122.4,1.11,0.34674,-0.36885,0.6394,1.62586,-0.07938,0.29055,0.36667,0.24375,0.23727,0.47218,0.96976,0.41667,NORMAL,2026-09-10 07:11:40
0.00118,0.1126,0.03258,0.00014,0.01184,1.1039,20.0,0.0077,0.0044,0.0227,0.0083,0.0,161.05996,0.7836,0.0,2.68433,140.04,1.206,0.36354,0.09116,0.6217,1.67762,-0.24349,0.39284,0.43333,0.27664,0.13033,0.47682,0.94886,0.21667,NORMAL,2026-09-10 07:11:40
0.00102,0.1122,0.03433,0.00012,0.01077,1.0863,20.0,0.0085,0.0145,0.0042,0.0779,0.0,99.36547,0.8966,0.0,1.06804,140.04,1.206,0.31378,0.19073,0.6215,1.61598,-0.53106,0.45721,0.21667,0.25094,0.19926,0.34353,0.95743,0.43333,NORMAL,2026-09-10 07:11:50
0.00407,0.0735,0.03736,0.00016,0.0126,1.0281,20.0,0.0073,0.0021,0.0037,0.0075,0.0,65.77569,0.9073,0.0,0.94901,122.4,1.11,0.33724,-0.42547,0.6399,1.5967,0.00199,0.29946,0.35,0.25818,0.21123,0.48931,0.97311,0.36667,NORMAL,2026-09-10 07:11:50
0.00432,0.0585,0.03337,0.00015,0.01234,1.0096,20.0,0.0092,0.0031,0.119,0.1625,0.0,117.93364,0.8814,0.0,1.2532,70.92,1.452,0.36986,-0.09021,0.5728,1.7526,-0.15571,0.42248,0.23333,0.23591,0.28983,0.28769,0.95827,0.08333,NORMAL,2026-09-10 07:11:50
0.00454,0.1164,0.03643,0.00011,0.01068,1.0134,20.0,0.0087,0.0146,0.056,0.0578,0.0,163.53956,0.8655,0.0,1.46704,68.76,1.02,0.29305,0.56808,0.659,1.82383,0.57597,0.37017,0.25,0.25291,0.23279,0.39704,0.96169,0.08333,NORMAL,2026-09-10 07:11:50
0.00327,0.0723,0.03581,0.00013,0.0116,1.0064,20.0,0.0078,0.0108,0.0353,0.0,0.0,116.80275,0.8638,0.0,1.49929,162.0,1.35,0.32383,0.09906,0.594,1.61396,-0.38589,0.47161,0.11667,0.23322,0.19247,0.33592,0.95725,0.13333,NORMAL,2026-09-10 07:11:50
0.0005,0.0919,0.03574,0.00013,0.01141,1.0962,20.0,0.0054,0.0158,0.0897,0.0051,0.0,75.14763,0.8991,0.0,1.06804,140.04,1.566,0.31911,0.24529,0.5585,1.59516,-0.6756,0.55415,0.28333,0.25514,0.14938,0.29647,0.95139,0.21667,NORMAL,2026-09-10 07:12:00
0.00241,0.0702,0.03713,0.00016,0.01272,1.0532,20.0,0.0069,0.0021,0.0201,0.0166,0.0,88.06757,0.9255,0.0,0.73541,122.4,1.572,0.34252,-0.44476,0.5568,1.60412,-0.00099,0.3001,0.35,0.2394,0.28082,0.41908,0.97037,0.03333,NORMAL,2026-09-10 07:12:00
0.00413,0.0904,0.03343,0.00015,0.0122,0.9935,20.0,0.0088,0.0064,0.0923,0.1743,0.0,132.19283,0.8637,0.0,1.49095,65.88,1.098,0.36482,0.08188,0.6375,1.75227,-0.41136,0.52128,0.23333,0.24226,0.19098,0.28774,0.95394,0.16667,NORMAL,2026-09-10 07:12:00
0.00374,0.1034,0.03663,0.00012,0.01086,1.0193,20.0,0.0084,0.0146,0.0077,0.13,0.0,163.53956,0.8658,0.0,1.46704,79.2,1.32,0.29659,0.60844,0.5946,1.8124,0.34086,0.24749,0.06667,0.25464,0.32139,0.43111,0.96318,0.05,NORMAL,2026-09-10 07:12:00
0.0042,0.0643,0.03664,0.00012,0.01115,0.9993,20.0,0.0087,0.0108,0.0088,0.0212,0.0,170.33964,0.7736,0.0,2.83899,162.0,1.446,0.30435,0.16243,0.5777,1.58586,-0.37543,0.3009,0.1,0.21881,0.4246,0.2745,0.95764,0.08333,NORMAL,2026-09-10 07:12:00
0.00408,0.0929,0.03715,0.00011,0.01044,1.0341,20.0,0.0082,0.0186,0.0538,0.0636,0.0,116.80275,0.8634,0.0,1.49929,162.0,1.35,0.28112,0.44391,0.5944,1.57405,-0.70458,0.33367,0.08333,0.21048,0.45783,0.2085,0.95794,0.1,NORMAL,2026-09-10 07:12:10
0.00332,0.0946,0.03704,0.00011,0.01066,1.0296,20.0,0.0086,0.0129,0.0419,0.0015,0.0,163.53956,0.8656,0.0,1.46704,88.56,1.116,0.28787,0.1554,0.6387,1.59399,-0.38051,0.25933,0.06667,0.27513,0.21948,0.52119,0.95956,0.43333,NORMAL,2026-09-10 07:12:10
0.00368,0.0848,0.03266,0.00018,0.01341,1.0232,20.0,0.0093,0.0001,0.0021,0.0199,0.0,132.19283,0.8336,0.0,1.90313,68.76,1.29,0.4105,-0.01925,0.6048,1.76703,-0.47426,0.57427,0.25,0.24896,0.11287,0.31286,0.96036,0.23333,NORMAL,2026-09-10 07:12:10
0.00311,0.0845,0.03535,0.00018,0.01324,1.0532,20.0,0.0081,0.0021,0.0476,0.0015,0.0,88.06757,0.8879,0.0,1.18191,114.48,0.996,0.37468,-0.286,0.6646,1.58847,-0.51038,0.34981,0.21667,0.25054,0.26311,0.38708,0.96957,0.35,NORMAL,2026-09-10 07:12:10
0.00063,0.1484,0.03618,0.00014,0.01163,1.0705,20.0,0.0077,0.0131,0.0663,0.0832,0.0,104.12075,0.894,0.0,1.10924,100.8,1.362,0.32137,0.11624,0.592,1.57488,-0.73701,0.52489,0.3,0.25154,0.16359,0.31152,0.95592,0.28333,NORMAL,2026-09-10 07:12:10
0.00182,0.1235,0.03556,0.00014,0.01178,1.1182,20.0,0.0092,0.0103,0.0429,0.228,0.0,126.98987,0.8191,0.0,2.1165,100.8,1.416,0.33114,0.13453,0.5772,1.59766,-0.59172,0.42694,0.3,0.22597,0.30657,0.26649,0.95374,0.28333,NORMAL,2026-09-10 07:12:20
0.00423,0.0637,0.03525,0.00015,0.01207,1.0316,20.0,0.009,0.0091,0.0481,0.0882,0.0,102.30683,0.8478,0.0,1.70511,106.92,0.948,0.34245,-0.09558,0.6756,1.6089,-0.54635,0.44075,0.21667,0.25244,0.22763,0.33162,0.94497,0.2,NORMAL,2026-09-10 07:12:20
0.0037,0.0622,0.03322,0.00018,0.01329,1.0365,20.0,0.0093,0.0001,0.074,0.2087,0.0,132.19283,0.8633,0.0,1.49095,65.88,1.098,0.40017,-0.04661,0.6383,1.74297,-0.30936,0.48382,0.25,0.24952,0.13004,0.38614,0.96165,0.33333,NORMAL,2026-09-10 07:12:20
0.00375,0.1365,0.03526,0.00013,0.01133,1.0132,20.0,0.0084,0.0119,0.0009,0.0855,0.0,163.53956,0.8658,0.0,1.46704,66.96,1.116,0.32134,0.20747,0.6386,1.65931,-0.34079,0.28394,0.43333,0.26099,0.19386,0.5222,0.95656,0.21667,NORMAL,2026-09-10 07:12:20
0.00409,0.0986,0.03738,0.00011,0.01029,1.0205,20.0,0.0088,0.0155,0.0099,0.2006,0.0,154.43444,0.8594,0.0,1.54694,162.0,1.35,0.27533,0.1457,0.5906,1.48917,-0.77278,0.4335,0.26667,0.21743,0.37294,0.19356,0.95509,0.28333,NORMAL,2026-09-10 07:12:20
0.00272,0.1177,0.03704,0.00015,0.01241,1.1229,20.0,0.0094,0.0103,0.1193,0.0128,0.0,126.98987,0.819,0.0,2.1165,100.8,1.362,0.33488,0.01688,0.5919,1.53206,-0.63702,0.45276,0.21667,0.23962,0.28242,0.26481,0.95597,0.05,NORMAL,2026-09-10 07:12:30
0.00354,0.0708,0.03603,0.00014,0.0117,1.0286,20.0,0.0086,0.0136,0.0146,0.064,0.0,88.06757,0.8875,0.0,1.18191,106.92,0.948,0.32467,-0.11251,0.6756,1.58229,-0.6814,0.46769,0.21667,0.24584,0.19417,0.33814,0.96485,0.2,NORMAL,2026-09-10 07:12:30
0.00375,0.0818,0.03152,0.00018,0.01328,1.0123,20.0,0.007,0.0001,0.0169,0.0016,0.0,132.19283,0.865,0.0,1.49095,65.52,1.092,0.42121,0.28077,0.6439,1.87037,-0.03996,0.45705,0.25,0.26728,0.07233,0.47062,0.96505,0.33333,NORMAL,2026-09-10 07:12:30
0.00315,0.1321,0.03542,0.00018,0.01334,1.0154,20.0,0.0081,0.0044,0.0005,0.0035,0.0,163.53956,0.8659,0.0,1.46704,109.08,1.356,0.37654,0.33188,0.5933,1.99662,0.39375,0.3878,0.21667,0.26193,0.12914,0.48306,0.94459,0.43333,NORMAL,2026-09-10 07:12:30
0.00344,0.0889,0.03688,0.00011,0.01031,1.0212,20.0,0.0082,0.0155,0.0003,0.1964,0.0,116.80275,0.8634,0.0,1.49929,164.88,1.518,0.27952,0.15009,0.5629,1.50755,-0.5123,0.4536,0.21667,0.23514,0.28106,0.26534,0.96828,0.26667,NORMAL,2026-09-10 07:12:30
0.00344,0.11,0.03318,0.00018,0.01337,1.0299,20.0,0.0073,0.0039,0.0092,0.0028,0.0,163.53956,0.8666,0.0,1.46704,98.64,1.236,0.40292,0.4997,0.6154,2.11315,0.87981,0.45483,0.21667,0.23912,0.20561,0.33956,0.95261,0.13333,NORMAL,2026-09-10 07:12:40
0.0034,0.1012,0.03204,0.00017,0.01286,1.0209,20.0,0.0077,0.0001,0.1916,0.0899,0.0,132.19283,0.8645,0.0,1.49095,65.52,1.092,0.40147,0.26434,0.644,1.85313,-0.14845,0.41096,0.23333,0.25487,0.17836,0.41068,0.96062,0.41667,NORMAL,2026-09-10 07:12:40
0.00321,0.0819,0.0359,0.00013,0.01125,1.0208,20.0,0.0097,0.0118,0.1239,0.0105,0.0,107.0384,0.8623,0.0,1.49929,164.88,1.518,0.31336,0.09583,0.5659,1.53492,-0.50914,0.48426,0.21667,0.25196,0.19132,0.32442,0.96796,0.2,NORMAL,2026-09-10 07:12:40
0.00151,0.1112,0.03746,0.00017,0.01295,1.1064,20.0,0.0107,0.0103,0.0166,0.0549,0.0,126.98987,0.8181,0.0,2.1165,100.8,1.362,0.34581,-0.0683,0.592,1.51005,-0.83772,0.38726,0.05,0.21227,0.43694,0.1758,0.95878,0.06667,NORMAL,2026-09-10 07:12:40
0.003,0.0641,0.0373,0.00013,0.01161,1.0404,20.0,0.0081,0.0136,0.0,0.06,0.0,88.06757,0.8678,0.0,1.44288,117.0,1.68,0.31125,-0.28215,0.5415,1.53433,-0.65391,0.4324,0.21667,0.23983,0.1883,0.3793,0.9488,0.35,NORMAL,2026-09-10 07:12:40
0.00182,0.1258,0.03702,0.00019,0.01393,1.1057,20.0,0.0106,0.0103,0.1135,0.0001,0.0,126.98987,0.8182,0.0,2.1165,100.8,1.362,0.3764,0.0624,0.5918,1.64518,-0.95448,0.39604,0.05,0.20389,0.45865,0.14532,0.95121,0.06667,NORMAL,2026-09-10 07:12:50
0.00315,0.0718,0.03734,0.00011,0.01052,1.0358,20.0,0.0082,0.0136,0.0045,0.0023,0.0,84.52773,0.8612,0.0,1.53007,117.0,1.38,0.28188,-0.34112,0.5895,1.54503,-0.15578,0.38108,0.33333,0.24714,0.18153,0.4374,0.95423,0.2,NORMAL,2026-09-10 07:12:50
0.00358,0.0862,0.03259,0.00017,0.01311,1.0197,20.0,0.0067,0.0001,0.012,0.003,0.0,132.19283,0.8652,0.0,1.49095,65.52,1.092,0.40232,0.14931,0.6434,1.82096,-0.23289,0.27458,0.41667,0.26378,0.25507,0.47035,0.94964,0.43333,NORMAL,2026-09-10 07:12:50
0.00289,0.1267,0.03272,0.0002,0.01403,1.0117,20.0,0.0065,0.0039,0.0037,0.0072,0.0,134.17782,0.8942,0.0,1.11815,192.6,2.25,0.42881,0.54201,0.4689,2.12313,0.73156,0.49581,0.13333,0.21909,0.27126,0.23293,0.95562,0.11667,NORMAL,2026-09-10 07:12:50
0.00381,0.1121,0.03492,0.00011,0.01051,1.0204,20.0,0.009,0.0118,0.3411,0.0008,0.0,74.82606,0.8932,0.0,1.10589,164.88,1.518,0.30101,0.10233,0.5659,1.51768,-0.3699,0.53139,0.21667,0.25281,0.16285,0.30576,0.96561,0.23333,NORMAL,2026-09-10 07:12:50
0.00151,0.129,0.03598,0.00019,0.0136,1.1037,20.0,0.0115,0.0103,0.0814,0.0666,0.0,126.98987,0.8176,0.0,2.1165,100.8,1.056,0.37811,0.15472,0.6514,1.69164,-0.85575,0.51566,0.18333,0.21713,0.30995,0.17439,0.9669,0.06667,NORMAL,2026-09-10 07:13:00
0.00335,0.0416,0.03784,0.00012,0.01098,1.0232,20.0,0.0088,0.013,0.0376,0.1693,0.0,70.91489,0.8759,0.0,1.328,142.92,2.382,0.29014,-0.2027,0.452,1.57213,-0.08555,0.30779,0.31667,0.24092,0.28144,0.41077,0.96054,0.33333,NORMAL,2026-09-10 07:13:00
0.00314,0.0925,0.03243,0.00017,0.0129,1.0135,20.0,0.0062,0.0001,0.0751,0.0215,0.0,67.34548,0.9261,0.0,0.73611,84.6,1.41,0.3979,0.157,0.5839,1.83307,-0.15115,0.33153,0.43333,0.27484,0.16587,0.5026,0.96805,0.41667,NORMAL,2026-09-10 07:13:00
0.00365,0.1191,0.03159,0.0002,0.01411,1.0104,20.0,0.0056,0.0039,0.0069,0.0675,0.0,83.06837,0.9163,0.0,0.85744,192.6,2.25,0.4466,0.70741,0.4686,2.18563,0.94498,0.43372,0.13333,0.22237,0.29357,0.27271,0.95872,0.11667,NORMAL,2026-09-10 07:13:00
0.00341,0.0895,0.03541,0.00012,0.01111,1.0059,20.0,0.0083,0.0118,0.0603,0.0296,0.0,74.82606,0.8937,0.0,1.10589,164.88,1.518,0.31382,0.04731,0.5654,1.53439,-0.64012,0.52786,0.26667,0.24737,0.1804,0.29174,0.96184,0.23333,NORMAL,2026-09-10 07:13:00
0.00274,0.0739,0.03415,0.00012,0.01108,1.0206,20.0,0.0084,0.0118,0.0292,0.0958,0.0,74.82606,0.8937,0.0,1.10589,164.88,1.518,0.32455,0.10698,0.5622,1.58622,-0.55983,0.46087,0.25,0.24112,0.25343,0.2857,0.9678,0.26667,NORMAL,2026-09-10 07:13:10
0.00388,0.1038,0.03096,0.00018,0.01336,1.0356,20.0,0.0073,0.0039,0.0115,0.0011,0.0,171.2996,0.8413,0.0,1.81448,192.6,2.25,0.43152,0.81471,0.4684,2.24199,1.67059,0.27949,0.5,0.25396,0.26084,0.45967,0.96702,0.05,NORMAL,2026-09-10 07:13:10
0.00475,0.1041,0.0336,0.00014,0.01184,1.0076,20.0,0.0065,0.0097,0.1732,0.2747,0.0,81.21809,0.9295,0.0,0.6928,63.72,1.062,0.35235,0.29239,0.6442,1.79544,-0.21539,0.53462,0.2,0.25914,0.12897,0.33641,0.97186,0.45,NORMAL,2026-09-10 07:13:10
0.00288,0.0798,0.03686,0.00014,0.01199,1.0454,20.0,0.0086,0.0029,0.5373,0.0052,0.0,69.56685,0.8725,0.0,1.15945,117.0,1.38,0.32536,-0.66177,0.589,1.59835,0.55163,0.33811,0.31667,0.23453,0.34844,0.31345,0.95266,0.0,NORMAL,2026-09-10 07:13:10
0.00032,0.1014,0.0356,0.00018,0.01329,1.0899,20.0,0.0077,0.0103,0.0355,0.0,0.0,73.91083,0.8843,0.0,1.23185,126.0,1.08,0.37339,0.19698,0.646,1.71216,-0.81543,0.57671,0.28333,0.23664,0.20499,0.21831,0.96169,0.3,NORMAL,2026-09-10 07:13:10
0.00099,0.0982,0.03732,0.00017,0.01287,1.0934,20.0,0.0077,0.015,0.0639,0.0215,0.0,90.25633,0.8635,0.0,1.50427,126.0,1.104,0.34484,0.0913,0.6409,1.64822,-0.90777,0.61229,0.2,0.26394,0.11372,0.274,0.93517,0.28333,NORMAL,2026-09-10 07:13:20
0.00314,0.0461,0.0365,0.00014,0.01197,1.0498,20.0,0.0083,0.0029,0.1614,0.002,0.0,68.51151,0.8908,0.0,1.14186,117.0,1.38,0.32802,-0.59312,0.5892,1.61279,0.38044,0.30932,0.01667,0.243,0.35784,0.33284,0.96188,0.06667,NORMAL,2026-09-10 07:13:20
0.00422,0.0784,0.03196,0.00014,0.01204,1.0293,20.0,0.0052,0.0097,0.0349,0.1365,0.0,81.21809,0.9307,0.0,0.6928,108.0,1.368,0.37661,0.33156,0.5867,1.87292,-0.07627,0.53857,0.18333,0.23314,0.19721,0.26422,0.95246,0.2,NORMAL,2026-09-10 07:13:20
0.00294,0.1108,0.03231,0.00019,0.01393,1.011,20.0,0.0087,0.0039,0.0601,0.1064,0.0,171.2996,0.8402,0.0,1.81448,192.6,2.25,0.43111,0.50368,0.4661,2.14885,0.90802,0.18988,0.5,0.28195,0.21588,0.59424,0.94545,0.48333,NORMAL,2026-09-10 07:13:20
0.00324,0.0859,0.03405,0.00015,0.0124,1.0269,20.0,0.0075,0.0059,0.0001,0.0294,0.0,74.82606,0.8944,0.0,1.10589,164.88,1.518,0.3642,0.10164,0.5652,1.75669,-0.34877,0.4294,0.03333,0.22677,0.29234,0.27826,0.97589,0.25,NORMAL,2026-09-10 07:13:20
0.00097,0.1209,0.03615,0.00016,0.01276,1.1108,20.0,0.008,0.0091,0.1666,0.0043,0.0,92.08644,0.9146,0.0,0.85358,126.0,1.332,0.35311,0.04789,0.597,1.69704,-0.79828,0.47842,0.2,0.278,0.09538,0.4262,0.95302,0.41667,NORMAL,2026-09-10 07:13:30
0.0045,0.0655,0.03505,0.00016,0.01276,1.0387,20.0,0.0072,0.0022,0.0001,0.0413,0.0,50.2974,0.9166,0.0,0.83829,117.0,1.38,0.36417,-0.60391,0.5889,1.66106,0.27191,0.26457,0.03333,0.22509,0.41598,0.31945,0.96616,0.01667,NORMAL,2026-09-10 07:13:30
0.00359,0.0647,0.03271,0.00014,0.01168,1.0304,20.0,0.0079,0.01,0.1769,0.0451,0.0,81.21809,0.8877,0.0,1.18599,108.0,1.14,0.35704,0.00998,0.6337,1.67157,-0.4913,0.45947,0.2,0.27239,0.12718,0.41336,0.94814,0.45,NORMAL,2026-09-10 07:13:30
0.00365,0.1259,0.03256,0.00014,0.01185,1.0261,20.0,0.0082,0.0039,0.0083,0.0656,0.0,171.2996,0.8406,0.0,1.81448,192.6,2.25,0.36405,0.08213,0.4684,1.96736,0.54073,0.20567,0.5,0.27712,0.16347,0.63086,0.93772,0.48333,NORMAL,2026-09-10 07:13:30
0.00383,0.0741,0.03339,0.00017,0.0132,1.0254,20.0,0.0076,0.0033,0.009,0.0025,0.0,86.75981,0.8943,0.0,1.10589,160.56,1.338,0.39531,0.09132,0.5961,1.77329,-0.21257,0.42179,0.21667,0.23708,0.22604,0.35217,0.9588,0.2,NORMAL,2026-09-10 07:13:30
0.00355,0.0929,0.0338,0.00014,0.0118,1.0068,20.0,0.0091,0.0071,0.0347,0.0194,0.0,171.2996,0.84,0.0,1.81448,270.0,2.25,0.34905,0.10613,0.4683,1.90387,0.30899,0.35845,0.5,0.29168,0.07799,0.56356,0.94804,0.48333,NORMAL,2026-09-10 07:13:40
0.00404,0.0725,0.03387,0.00013,0.01138,1.0221,20.0,0.0064,0.01,0.0045,0.006,0.0,81.21809,0.8942,0.0,1.119,108.0,1.14,0.33606,-0.24298,0.6338,1.57426,-0.34241,0.49547,0.2,0.24611,0.1502,0.35432,0.9542,0.35,NORMAL,2026-09-10 07:13:40
0.00401,0.0894,0.03285,0.00017,0.0132,1.0128,20.0,0.0081,0.0033,0.0066,0.0994,0.0,86.75981,0.8939,0.0,1.10589,177.84,2.964,0.40182,0.1056,0.3997,1.79837,-0.21587,0.37771,0.2,0.2607,0.17226,0.45003,0.98111,0.43333,NORMAL,2026-09-10 07:13:40
0.00202,0.1211,0.03657,0.00015,0.01214,1.1179,20.0,0.0085,0.0091,0.0087,0.0016,0.0,92.08644,0.8635,0.0,1.49502,126.0,1.104,0.33205,0.05058,0.6411,1.68809,-0.46759,0.32621,0.4,0.26384,0.1373,0.53649,0.96408,0.2,NORMAL,2026-09-10 07:13:40
0.00361,0.0742,0.03401,0.00016,0.01275,1.0329,20.0,0.0081,0.0022,0.0448,0.0784,0.0,59.18597,0.8994,0.0,1.03757,136.8,1.344,0.3748,-0.48006,0.5956,1.70611,0.10628,0.36608,0.05,0.23179,0.30228,0.33164,0.96558,0.25,NORMAL,2026-09-10 07:13:40
0.00106,0.1106,0.03696,0.00015,0.01208,1.1113,20.0,0.0071,0.0091,0.1222,0.0025,0.0,92.08644,0.9126,0.0,0.8861,126.0,1.104,0.32683,-0.12325,0.6408,1.62144,-0.32561,0.41778,0.4,0.24437,0.17611,0.40611,0.96863,0.18333,NORMAL,2026-09-10 07:13:50
0.00433,0.0943,0.03326,0.00018,0.01345,1.0365,20.0,0.0076,0.0022,0.0769,0.0128,0.0,76.76672,0.8806,0.0,1.27945,136.8,1.344,0.40443,-0.18772,0.5954,1.72736,-0.24834,0.47947,0.25,0.26998,0.08545,0.43508,0.96465,0.5,NORMAL,2026-09-10 07:13:50
0.00386,0.0583,0.03327,0.00012,0.01096,1.0165,20.0,0.007,0.01,0.0456,0.021,0.0,81.21809,0.9123,0.0,0.8919,108.0,1.14,0.32947,-0.15728,0.6342,1.60005,-0.49225,0.5094,0.21667,0.23742,0.16418,0.32642,0.93627,0.35,NORMAL,2026-09-10 07:13:50
0.00237,0.116,0.03319,0.00012,0.01107,1.0223,20.0,0.0095,0.0071,0.0045,0.0599,0.0,171.2996,0.8394,0.0,1.81859,158.4,1.356,0.33353,-0.07395,0.592,1.6221,-0.35835,0.49397,0.5,0.27328,0.09283,0.41321,0.9666,0.2,NORMAL,2026-09-10 07:13:50
0.00448,0.0723,0.03196,0.00019,0.01382,1.0389,20.0,0.0076,0.0033,0.0649,0.0403,0.0,96.34867,0.8231,0.0,2.07229,160.56,1.338,0.4323,0.0837,0.596,1.82892,-0.52421,0.37248,0.43333,0.26965,0.14131,0.48621,0.95421,0.2,NORMAL,2026-09-10 07:13:50
0.00146,0.0957,0.03766,0.00015,0.0122,1.1186,20.0,0.007,0.0091,0.1085,0.2483,0.0,106.33157,0.895,0.0,1.10304,126.0,1.104,0.32395,-0.25477,0.6365,1.59284,-0.3886,0.50098,0.11667,0.23933,0.21319,0.28583,0.96135,0.4,NORMAL,2026-09-10 07:14:00
0.00391,0.0655,0.0319,0.00017,0.01314,1.0322,20.0,0.0087,0.0022,0.0563,0.2039,0.0,62.99532,0.835,0.0,1.88821,136.8,1.344,0.41185,-0.25121,0.5908,1.75596,-0.37883,0.38044,0.5,0.26394,0.14246,0.47709,0.9579,0.25,NORMAL,2026-09-10 07:14:00
0.00354,0.0705,0.03503,0.00014,0.01173,1.0304,20.0,0.0069,0.01,0.0542,0.0002,0.0,107.02826,0.9124,0.0,0.8919,108.0,1.14,0.3348,-0.16436,0.6341,1.51727,-0.63379,0.45384,0.03333,0.24461,0.21838,0.32778,0.94515,0.23333,NORMAL,2026-09-10 07:14:00
0.00182,0.1142,0.03391,0.00011,0.01045,0.9987,20.0,0.0085,0.0071,0.0073,0.1215,0.0,126.98549,0.8403,0.0,1.81448,146.16,1.356,0.30826,-0.29759,0.5888,1.53996,-0.30624,0.60892,0.21667,0.25484,0.12044,0.27064,0.93711,0.2,NORMAL,2026-09-10 07:14:00
0.00362,0.0914,0.03129,0.00019,0.01382,1.0301,20.0,0.0067,0.0033,0.0597,0.0767,0.0,86.75981,0.9171,0.0,0.83671,160.56,1.338,0.44178,0.07421,0.5958,1.86208,-0.48412,0.43852,0.21667,0.2626,0.17193,0.38956,0.93705,0.43333,NORMAL,2026-09-10 07:14:00
0.00399,0.1218,0.03429,0.00011,0.01062,1.0247,20.0,0.0083,0.0071,0.0671,0.0074,0.0,82.04595,0.8831,0.0,1.24148,146.16,1.356,0.30969,-0.29554,0.5928,1.52236,-0.36306,0.54458,0.21667,0.2543,0.13545,0.31997,0.95877,0.5,NORMAL,2026-09-10 07:14:10
0.00325,0.094,0.03588,0.00015,0.01215,1.0319,20.0,0.0072,0.01,0.1204,0.0448,0.0,107.02826,0.9121,0.0,0.8919,41.76,0.612,0.33864,-0.26295,0.763,1.47977,-0.7449,0.44383,0.25,0.24759,0.24908,0.30709,0.95426,0.05,NORMAL,2026-09-10 07:14:10
0.00374,0.0606,0.03239,0.00019,0.01394,1.0208,20.0,0.01,0.0033,0.0926,0.0109,0.0,205.09546,0.7371,0.0,3.46641,160.56,1.338,0.43056,-0.08225,0.5961,1.80613,-0.55099,0.48209,0.26667,0.25191,0.18927,0.32864,0.95747,0.43333,NORMAL,2026-09-10 07:14:10
0.00064,0.1163,0.03812,0.00016,0.01257,1.1016,20.0,0.0075,0.0091,0.0114,0.0022,0.0,106.33157,0.8941,0.0,1.10944,84.96,1.074,0.32969,-0.22857,0.648,1.57086,-0.3844,0.58008,0.25,0.24868,0.17077,0.24915,0.95996,0.26667,NORMAL,2026-09-10 07:14:10
0.00373,0.0851,0.03336,0.00015,0.01242,1.0306,20.0,0.0085,0.0022,0.0042,0.0276,0.0,108.03802,0.8413,0.0,1.80063,136.8,1.344,0.37221,-0.09241,0.5958,1.70127,-0.33338,0.28105,0.5,0.25975,0.25583,0.46312,0.94257,0.38333,NORMAL,2026-09-10 07:14:10
0.00082,0.1227,0.03791,0.00016,0.0126,1.1051,20.0,0.0082,0.0091,0.0365,0.002,0.0,106.33157,0.8658,0.0,1.46868,41.76,0.654,0.33243,-0.14513,0.75,1.57835,-0.47286,0.6027,0.26667,0.25596,0.10102,0.29627,0.96271,0.15,NORMAL,2026-09-10 07:14:20
0.00352,0.0894,0.03362,0.00016,0.01261,1.0445,20.0,0.0084,0.0022,0.0391,0.0018,0.0,76.98347,0.8772,0.0,1.31572,136.8,1.362,0.3751,-0.05502,0.592,1.68671,-0.32525,0.30862,0.38333,0.25154,0.27011,0.42127,0.9728,0.5,NORMAL,2026-09-10 07:14:20
0.00306,0.0891,0.03766,0.00018,0.01328,1.0174,20.0,0.0072,0.0032,0.0915,0.0078,0.0,107.02826,0.912,0.0,0.8919,80.28,0.744,0.35265,-0.14407,0.7263,1.74201,-0.15409,0.46565,0.25,0.2562,0.22086,0.31349,0.95195,0.48333,NORMAL,2026-09-10 07:14:20
0.00354,0.0881,0.03349,0.00011,0.01028,1.0106,20.0,0.009,0.0094,0.01,0.05,0.0,82.04595,0.8822,0.0,1.2459,146.16,1.356,0.30688,-0.09577,0.5928,1.55956,-0.45866,0.39431,0.5,0.27795,0.11336,0.49234,0.96211,0.21667,NORMAL,2026-09-10 07:14:20
0.00365,0.0936,0.03191,0.00016,0.01274,1.0103,20.0,0.0096,0.0033,0.4273,0.0182,0.0,122.59101,0.8368,0.0,1.63932,73.8,1.086,0.39927,-0.07537,0.6449,1.78886,-0.50856,0.43104,0.43333,0.27437,0.13456,0.43441,0.96579,0.28333,NORMAL,2026-09-10 07:14:20
0.00366,0.0663,0.03231,0.00014,0.01181,1.0228,20.0,0.0102,0.0076,0.0,0.004,0.0,122.59101,0.8728,0.0,1.35593,95.76,1.086,0.3655,-0.13816,0.6448,1.58891,-0.73901,0.31846,0.43333,0.28317,0.14224,0.53931,0.95384,0.28333,NORMAL,2026-09-10 07:14:30
0.00361,0.1526,0.03388,0.00012,0.01075,1.0162,20.0,0.0076,0.0094,0.0502,0.3033,0.0,77.83682,0.8836,0.0,1.24148,110.88,0.96,0.3173,-0.0839,0.6627,1.5375,-0.49638,0.31857,0.5,0.27612,0.14265,0.53878,0.93252,0.41667,NORMAL,2026-09-10 07:14:30
0.00404,0.0692,0.03812,0.00018,0.01355,1.0163,20.0,0.0066,0.0032,0.0017,0.0227,0.0,107.02826,0.9126,0.0,0.8919,82.44,1.248,0.35553,-0.11163,0.6137,1.71931,-0.44642,0.39279,0.5,0.26227,0.22404,0.38318,0.95893,0.25,NORMAL,2026-09-10 07:14:30
0.0007,0.1168,0.03705,0.00016,0.01283,1.0985,20.0,0.0065,0.0106,0.03,0.2288,0.0,106.33157,0.8955,0.0,1.10304,102.24,1.116,0.34634,-0.02933,0.6338,1.60813,-0.67504,0.55466,0.16667,0.25308,0.10515,0.34019,0.9517,0.15,NORMAL,2026-09-10 07:14:30
0.00405,0.0804,0.03524,0.00017,0.01292,1.0328,20.0,0.0084,0.008,0.0757,0.009,0.0,94.48,0.8577,0.0,1.57467,126.0,1.362,0.36675,0.26695,0.592,1.83209,-0.38439,0.45737,0.11667,0.24082,0.20998,0.33265,0.97256,0.5,NORMAL,2026-09-10 07:14:30
0.00179,0.0994,0.03632,0.00015,0.01243,1.1105,20.0,0.0064,0.0106,0.0076,0.2662,0.0,106.33157,0.8955,0.0,1.10304,102.24,1.662,0.34228,0.03883,0.5395,1.64247,-0.63378,0.48998,0.16667,0.23598,0.20104,0.30898,0.9364,0.15,NORMAL,2026-09-10 07:14:40
0.00248,0.0858,0.03555,0.00017,0.01315,1.0366,20.0,0.0082,0.008,0.0041,0.0912,0.0,94.48,0.8579,0.0,1.57467,81.72,1.362,0.36986,0.2681,0.5916,1.81448,-0.46064,0.52504,0.5,0.25379,0.13581,0.33915,0.95333,0.11667,NORMAL,2026-09-10 07:14:40
0.00339,0.0576,0.03696,0.00021,0.01464,1.0051,20.0,0.0068,0.0032,0.001,0.07,0.0,107.02826,0.8912,0.0,1.15255,80.28,0.744,0.39601,-0.00513,0.726,1.75045,-0.6241,0.36773,0.5,0.24844,0.26169,0.37057,0.97982,0.05,NORMAL,2026-09-10 07:14:40
0.00278,0.1244,0.03564,0.00012,0.01088,1.0187,20.0,0.0085,0.0094,0.0017,0.0601,0.0,74.48871,0.8708,0.0,1.39894,110.88,0.96,0.30532,-0.0264,0.6711,1.74302,-0.08273,0.36504,0.5,0.26121,0.18913,0.44583,0.95371,0.21667,NORMAL,2026-09-10 07:14:40
0.0027,0.0908,0.03302,0.00013,0.01126,1.0142,20.0,0.0098,0.0076,0.1633,0.0039,0.0,122.59101,0.8731,0.0,1.35593,95.76,0.936,0.34107,-0.24831,0.6777,1.56638,-0.45197,0.36296,0.45,0.26751,0.17918,0.45786,0.95642,0.5,NORMAL,2026-09-10 07:14:40
0.00376,0.0912,0.03429,0.00011,0.0104,0.9973,20.0,0.0094,0.0076,0.1116,0.0182,0.0,122.59101,0.8734,0.0,1.35593,95.76,1.134,0.30327,-0.17093,0.635,1.62561,0.12064,0.44809,0.45,0.24851,0.16403,0.38789,0.96801,0.13333,NORMAL,2026-09-10 07:14:50
0.00397,0.1046,0.03616,0.00012,0.01075,1.0164,20.0,0.0076,0.0094,0.1276,0.0284,0.0,74.48871,0.8836,0.0,1.24148,86.4,1.44,0.29727,-0.13727,0.5784,1.72148,0.06239,0.40832,0.43333,0.26278,0.18046,0.41121,0.96506,0.2,NORMAL,2026-09-10 07:14:50
0.00285,0.0586,0.03791,0.00023,0.01523,1.0143,20.0,0.0084,0.0032,0.3049,0.0604,0.0,73.14522,0.8847,0.0,1.21909,80.28,0.84,0.40182,-0.1839,0.7015,1.70307,-0.43424,0.53002,0.13333,0.24338,0.17549,0.29448,0.97267,0.11667,NORMAL,2026-09-10 07:14:50
0.0027,0.065,0.03544,0.00016,0.01275,1.0347,20.0,0.0078,0.008,0.0039,0.0942,0.0,94.48,0.8582,0.0,1.57467,75.24,1.362,0.3597,0.2594,0.5917,1.8259,-0.32713,0.47023,0.5,0.24481,0.18567,0.3441,0.96068,0.11667,NORMAL,2026-09-10 07:14:50
8e-05,0.137,0.03474,0.00013,0.01144,1.0752,20.0,0.0062,0.0118,0.0006,0.4473,0.0,74.10716,0.8852,0.0,1.23512,102.24,1.116,0.32938,0.13966,0.6298,1.63355,-0.67382,0.38113,0.16667,0.2386,0.2983,0.32056,0.96927,0.03333,NORMAL,2026-09-10 07:14:50
0.00086,0.0989,0.03227,0.00013,0.01126,1.0753,20.0,0.0078,0.0118,0.0673,0.0022,0.0,92.03467,0.8839,0.0,1.23512,102.24,1.116,0.34887,0.289,0.6373,1.74826,-0.41009,0.28899,0.05,0.26561,0.30555,0.40547,0.95721,0.45,NORMAL,2026-09-10 07:15:00
0.00342,0.066,0.0355,0.00017,0.013,1.0353,20.0,0.0089,0.0071,0.0,0.0651,0.0,99.26454,0.8573,0.0,1.57467,82.44,1.362,0.36629,0.23364,0.5916,1.81877,-0.50119,0.49384,0.48333,0.24841,0.16637,0.33979,0.97274,0.41667,NORMAL,2026-09-10 07:15:00
0.00373,0.0705,0.03692,0.0002,0.01425,1.0177,20.0,0.0082,0.0032,0.6289,0.0439,0.0,63.40039,0.9028,0.0,0.77096,80.28,1.074,0.38588,-0.03241,0.6481,1.75805,0.0943,0.56757,0.45,0.25234,0.0885,0.34393,0.95634,0.13333,NORMAL,2026-09-10 07:15:00
0.00306,0.1226,0.03588,0.00013,0.01161,1.0181,20.0,0.0079,0.0093,0.1943,0.1841,0.0,74.48871,0.8834,0.0,1.24148,86.4,1.44,0.32368,-0.30135,0.5735,1.72235,-0.044,0.37912,0.43333,0.24245,0.22927,0.3916,0.96602,0.16667,NORMAL,2026-09-10 07:15:00
0.00368,0.0879,0.0349,0.0001,0.00991,1.0265,20.0,0.0094,0.0109,0.1268,0.0949,0.0,122.59101,0.8734,0.0,1.35593,108.36,1.806,0.28395,0.15427,0.5234,1.66296,0.29789,0.41065,0.45,0.25696,0.15102,0.43833,0.96583,0.13333,NORMAL,2026-09-10 07:15:00
0.00111,0.124,0.03094,0.00011,0.01059,1.116,20.0,0.007,0.0036,0.0047,0.0936,0.0,92.03467,0.8845,0.0,1.23512,102.24,1.308,0.34228,-0.03361,0.5974,1.64982,-0.14574,0.28407,0.06667,0.24385,0.39251,0.32342,0.94653,0.45,NORMAL,2026-09-10 07:15:10
0.00292,0.0568,0.03574,0.00017,0.01304,1.0388,20.0,0.0083,0.0071,0.0001,0.0011,0.0,99.26454,0.8578,0.0,1.57467,128.52,2.142,0.3648,0.24039,0.4806,1.80741,-0.56175,0.38526,0.4,0.28685,0.08193,0.53282,0.95207,0.41667,NORMAL,2026-09-10 07:15:10
0.00322,0.0755,0.0363,0.00021,0.01454,1.0151,20.0,0.0069,0.0032,0.4392,0.0783,0.0,46.65583,0.9219,0.0,0.7776,76.32,1.074,0.40065,0.04824,0.6471,1.77931,0.01199,0.41787,0.45,0.28985,0.04342,0.53871,0.94783,0.43333,NORMAL,2026-09-10 07:15:10
0.00368,0.0801,0.03577,0.00015,0.01207,1.0196,20.0,0.0081,0.0093,0.0016,0.062,0.0,49.35318,0.9114,0.0,0.89079,86.4,1.44,0.33733,-0.28765,0.5784,1.72066,-0.00078,0.37199,0.43333,0.24462,0.23274,0.39527,0.97258,0.16667,NORMAL,2026-09-10 07:15:10
0.00398,0.0713,0.03452,0.00011,0.01057,1.0082,20.0,0.0086,0.0108,0.0173,0.0282,0.0,111.06964,0.874,0.0,1.35593,95.76,1.032,0.30609,0.26831,0.6573,1.67722,0.45232,0.4909,0.18333,0.23577,0.18971,0.31939,0.9737,0.43333,NORMAL,2026-09-10 07:15:10
0.00446,0.0991,0.03494,0.00012,0.01083,1.0167,20.0,0.0072,0.0036,0.0722,0.0412,0.0,111.06964,0.8667,0.0,1.46616,95.76,1.542,0.30997,-0.1864,0.5623,1.65535,1.09805,0.58708,0.2,0.23456,0.1622,0.25072,0.95252,0.21667,NORMAL,2026-09-10 07:15:20
0.00434,0.0971,0.03717,0.00016,0.01245,1.0362,20.0,0.0079,0.0057,0.3389,0.1411,0.0,71.76047,0.8869,0.0,1.19601,86.4,1.44,0.33499,-0.50154,0.5742,1.65715,0.21155,0.34631,0.43333,0.26376,0.20281,0.45088,0.9632,0.45,NORMAL,2026-09-10 07:15:20
0.00421,0.0578,0.03559,0.00017,0.01294,1.0187,20.0,0.0072,0.0049,0.0069,0.0575,0.0,77.21769,0.9016,0.0,1.01982,64.44,1.074,0.36356,0.02485,0.647,1.7391,0.0089,0.36217,0.45,0.29016,0.06882,0.56901,0.961,0.2,NORMAL,2026-09-10 07:15:20
0.00322,0.0763,0.03587,0.00019,0.01396,1.0389,20.0,0.0072,0.0071,0.0131,0.1867,0.0,99.26454,0.8769,0.0,1.33219,100.08,1.014,0.38927,0.25613,0.6533,1.78684,-0.74423,0.24144,0.4,0.27914,0.13949,0.61907,0.95852,0.36667,NORMAL,2026-09-10 07:15:20
0.0013,0.1265,0.03146,0.00012,0.01114,1.0931,20.0,0.0075,0.0036,0.118,0.0184,0.0,92.03467,0.8842,0.0,1.23512,95.04,1.386,0.35406,-0.04864,0.5873,1.63137,-0.44938,0.34437,0.08333,0.2303,0.40986,0.24577,0.95501,0.06667,NORMAL,2026-09-10 07:15:20
0.00073,0.1338,0.03284,0.00014,0.01181,1.114,20.0,0.0088,0.0036,0.0619,0.0001,0.0,92.03467,0.8441,0.0,1.75954,95.04,1.332,0.35944,0.23666,0.5964,1.86125,0.05251,0.22646,0.08333,0.2403,0.40931,0.36424,0.95672,0.01667,NORMAL,2026-09-10 07:15:30
0.0028,0.0731,0.03561,0.00018,0.01328,1.0418,20.0,0.0065,0.0071,0.0876,0.1071,0.0,99.26454,0.8774,0.0,1.33219,100.08,1.644,0.373,0.22978,0.5425,1.70926,-0.76174,0.29765,0.36667,0.26322,0.14881,0.55355,0.96465,0.35,NORMAL,2026-09-10 07:15:30
0.00353,0.0959,0.03531,0.00014,0.01163,0.9917,20.0,0.0085,0.0049,0.1056,0.1337,0.0,77.21769,0.8802,0.0,1.27532,64.44,1.074,0.32945,0.07863,0.6479,1.77153,0.94983,0.461,0.2,0.25617,0.14438,0.39463,0.95964,0.45,NORMAL,2026-09-10 07:15:30
0.0025,0.1161,0.03587,0.00017,0.01321,1.0027,20.0,0.0074,0.0032,0.21,0.032,0.0,72.07332,0.8873,0.0,1.19601,115.2,1.44,0.36813,-0.37339,0.5787,1.69945,0.09142,0.25607,0.43333,0.26696,0.23818,0.50575,0.96228,0.1,NORMAL,2026-09-10 07:15:30
0.00216,0.085,0.03466,0.00012,0.01098,1.0071,20.0,0.0071,0.0036,0.0075,0.0326,0.0,111.06964,0.895,0.0,1.10291,92.52,1.542,0.31679,-0.07817,0.5626,1.66505,0.82426,0.48946,0.45,0.25226,0.13396,0.37658,0.96241,0.23333,NORMAL,2026-09-10 07:15:30
0.00063,0.0888,0.03408,0.00017,0.01293,1.064,20.0,0.0095,0.0036,0.0006,0.0263,0.0,97.88988,0.8197,0.0,2.10396,79.92,1.332,0.37943,0.26502,0.5962,1.78793,-0.14591,0.18607,0.4,0.25491,0.30082,0.51311,0.95699,0.38333,NORMAL,2026-09-10 07:15:40
0.00219,0.1149,0.03542,0.00017,0.01317,1.026,20.0,0.0071,0.0071,0.048,0.0105,0.0,99.26454,0.8769,0.0,1.33219,116.28,1.938,0.37186,0.13824,0.5052,1.7193,-0.73351,0.32884,0.35,0.27647,0.10281,0.56835,0.95183,0.36667,NORMAL,2026-09-10 07:15:40
0.0032,0.1139,0.03651,0.00012,0.01107,1.0102,20.0,0.0086,0.0049,0.2142,0.0565,0.0,77.21769,0.8903,0.0,1.14572,64.44,1.074,0.30326,0.17302,0.648,1.72597,1.1027,0.50383,0.21667,0.26318,0.13529,0.36088,0.96595,0.2,NORMAL,2026-09-10 07:15:40
0.00377,0.1113,0.03382,0.00017,0.01317,1.0252,20.0,0.0076,0.0032,0.0357,0.0821,0.0,72.07332,0.8872,0.0,1.19601,110.88,1.206,0.38923,-0.31437,0.6208,1.63011,-0.34479,0.18445,0.41667,0.25506,0.28381,0.53174,0.95718,0.43333,NORMAL,2026-09-10 07:15:40
0.00313,0.0838,0.03392,0.00013,0.01123,1.0017,20.0,0.0084,0.0036,0.1531,0.0051,0.0,111.06964,0.8939,0.0,1.10291,102.24,1.698,0.3312,-0.0286,0.5389,1.69464,0.62596,0.39183,0.45,0.26258,0.11933,0.48884,0.95648,0.46667,NORMAL,2026-09-10 07:15:40
0.00308,0.0852,0.03446,0.00015,0.01206,1.021,20.0,0.0076,0.0036,0.0761,0.1971,0.0,111.06964,0.8946,0.0,1.10291,215.28,1.794,0.34982,0.05895,0.5222,1.65861,0.11595,0.32611,0.46667,0.25397,0.19626,0.47763,0.9579,0.35,NORMAL,2026-09-10 07:15:50
0.00225,0.0928,0.03399,0.00016,0.01266,0.9928,20.0,0.0081,0.0032,0.0042,0.2524,0.0,72.07332,0.8868,0.0,1.19601,110.88,1.206,0.37235,-0.38421,0.6151,1.63111,-0.08929,0.17448,0.48333,0.28028,0.23828,0.58725,0.96061,0.5,NORMAL,2026-09-10 07:15:50
0.00362,0.0919,0.03727,0.00011,0.01042,1.0166,20.0,0.0092,0.0143,0.0569,0.0009,0.0,77.21769,0.8829,0.0,1.2337,144.0,2.4,0.2797,0.42557,0.4527,1.68051,0.29055,0.53705,0.15,0.25154,0.1305,0.33245,0.94865,0.2,NORMAL,2026-09-10 07:15:50
0.00413,0.0969,0.03477,0.00018,0.01324,1.0357,20.0,0.0065,0.0071,0.0047,0.0095,0.0,99.26454,0.8774,0.0,1.33219,132.12,1.122,0.38073,0.17461,0.6366,1.74608,-0.7568,0.25666,0.36667,0.28346,0.11488,0.62846,0.95749,0.35,NORMAL,2026-09-10 07:15:50
0.00059,0.1023,0.03506,0.00018,0.01325,1.0701,20.0,0.0072,0.0036,0.0151,0.0769,0.0,91.96153,0.8617,0.0,1.53269,79.92,1.332,0.37786,0.13607,0.5972,1.7386,-0.45411,0.29476,0.4,0.25491,0.23272,0.47252,0.95472,0.38333,NORMAL,2026-09-10 07:15:50
0.00122,0.1063,0.03667,0.00016,0.01252,1.0999,20.0,0.0074,0.0036,0.0259,0.0361,0.0,87.17278,0.9259,0.0,0.72644,79.92,1.332,0.3415,0.00966,0.5974,1.68164,-0.17175,0.38822,0.2,0.23805,0.24147,0.3703,0.96298,0.38333,NORMAL,2026-09-10 07:16:00
0.00283,0.0891,0.03559,0.00016,0.01255,1.0326,20.0,0.0064,0.0143,0.1942,0.0247,0.0,72.32497,0.9184,0.0,0.82488,132.12,1.122,0.35257,0.25046,0.6376,1.72121,-0.75831,0.18515,0.35,0.29805,0.0946,0.72025,0.95405,0.36667,NORMAL,2026-09-10 07:16:00
0.00337,0.1031,0.03752,0.00012,0.01114,1.0112,20.0,0.0086,0.0127,0.0147,0.0455,0.0,83.82746,0.8834,0.0,1.2337,92.52,1.542,0.2969,0.13929,0.5616,1.66195,0.01873,0.43189,0.2,0.25883,0.14989,0.41822,0.96419,0.21667,NORMAL,2026-09-10 07:16:00
0.00413,0.0972,0.03582,0.00019,0.01375,1.0311,20.0,0.0066,0.0032,0.0281,0.0042,0.0,72.07332,0.888,0.0,1.19601,110.88,1.206,0.38383,-0.05392,0.6207,1.7769,-0.0303,0.15264,0.5,0.26783,0.28716,0.56021,0.9545,0.48333,NORMAL,2026-09-10 07:16:00
0.00311,0.0822,0.03384,0.00015,0.01228,0.9998,20.0,0.0082,0.0036,0.0256,0.1498,0.0,111.06964,0.8812,0.0,1.26585,181.08,1.794,0.36296,-0.01256,0.5251,1.6821,-0.18799,0.22854,0.35,0.25034,0.24506,0.5264,0.96607,0.01667,NORMAL,2026-09-10 07:16:00
0.00107,0.0849,0.03669,0.00015,0.01244,1.0803,20.0,0.0072,0.0163,0.0077,0.2054,0.0,87.17278,0.9205,0.0,0.79177,129.24,2.154,0.33912,0.25137,0.4764,1.68186,-0.79981,0.46894,0.18333,0.22457,0.24204,0.28902,0.96322,0.11667,NORMAL,2026-09-10 07:16:10
0.00368,0.0942,0.03521,0.00015,0.01238,1.0457,20.0,0.0071,0.0143,0.1163,0.0429,0.0,72.32497,0.8981,0.0,1.06381,140.4,1.386,0.35157,0.38782,0.588,1.74049,-0.41304,0.25326,0.35,0.26815,0.15082,0.59592,0.95899,0.33333,NORMAL,2026-09-10 07:16:10
0.00386,0.0498,0.03734,0.00013,0.01123,1.0083,20.0,0.01,0.0127,0.0031,0.0101,0.0,91.91376,0.8407,0.0,1.79398,92.52,1.542,0.30062,0.24516,0.5623,1.66821,-0.20767,0.34738,0.2,0.25671,0.18224,0.47039,0.98025,0.33333,NORMAL,2026-09-10 07:16:10
0.00407,0.1133,0.03538,0.00018,0.01345,1.011,20.0,0.0068,0.0032,0.1865,0.1117,0.0,72.07332,0.8878,0.0,1.19601,110.88,1.206,0.38023,-0.02443,0.6205,1.80121,0.03836,0.21602,0.48333,0.26302,0.27399,0.50999,0.95409,0.5,NORMAL,2026-09-10 07:16:10
0.00422,0.0623,0.03383,0.00014,0.01174,1.005,20.0,0.0089,0.0036,0.0547,0.0081,0.0,66.17463,0.8827,0.0,1.24036,181.08,2.79,0.34697,-0.09143,0.4161,1.66327,-0.21419,0.19222,0.35,0.243,0.32667,0.48111,0.97242,0.03333,NORMAL,2026-09-10 07:16:10
0.00221,0.0895,0.03385,0.00013,0.01127,1.0062,20.0,0.0076,0.009,0.0275,0.0097,0.0,79.45427,0.8772,0.0,1.32424,181.08,1.794,0.33304,0.13262,0.5253,1.66925,-0.55755,0.34101,0.36667,0.2231,0.32162,0.33737,0.97502,0.01667,NORMAL,2026-09-10 07:16:20
0.00282,0.1007,0.03579,0.00016,0.01259,1.0259,20.0,0.0067,0.0032,0.0051,0.0494,0.0,87.50092,0.8676,0.0,1.45835,110.88,1.206,0.35189,0.05993,0.6211,1.79662,0.36164,0.2922,0.35,0.23872,0.28367,0.42413,0.96092,0.03333,NORMAL,2026-09-10 07:16:20
0.00403,0.0796,0.03593,0.00015,0.01218,0.9881,20.0,0.0092,0.0054,0.0001,0.0182,0.0,135.408,0.8829,0.0,1.2337,92.52,1.542,0.33902,-0.09546,0.5623,1.71484,0.22657,0.25185,0.48333,0.27557,0.1976,0.55055,0.95727,0.33333,NORMAL,2026-09-10 07:16:20
0.00151,0.0722,0.03447,0.00016,0.0126,1.0384,20.0,0.0066,0.0013,0.135,0.1436,0.0,72.32497,0.9121,0.0,0.89733,140.4,1.386,0.36567,0.21404,0.5844,1.87393,0.43772,0.36345,0.46667,0.24625,0.21455,0.422,0.95936,0.1,NORMAL,2026-09-10 07:16:20
0.00141,0.0887,0.03651,0.00016,0.01261,1.0973,20.0,0.0081,0.0159,0.2295,0.222,0.0,87.17278,0.9084,0.0,0.92755,79.92,1.332,0.34545,0.33236,0.592,1.68661,-0.61414,0.54609,0.11667,0.2313,0.17354,0.28037,0.95661,0.18333,NORMAL,2026-09-10 07:16:20
0.00013,0.1443,0.03578,0.00014,0.01197,1.0635,20.0,0.0078,0.0108,0.0072,0.0538,0.0,124.32843,0.8145,0.0,2.19958,82.8,1.218,0.33461,0.18472,0.6184,1.72671,-0.43083,0.54737,0.16667,0.22279,0.22523,0.2274,0.97046,0.11667,NORMAL,2026-09-10 07:16:30
0.00259,0.0777,0.03392,0.00014,0.01197,1.0325,20.0,0.0074,0.0013,0.0044,0.0771,0.0,160.57277,0.8609,0.0,1.5411,140.4,1.386,0.35289,0.16291,0.5884,1.91168,0.70706,0.36637,0.36667,0.26633,0.18495,0.44868,0.95489,0.1,NORMAL,2026-09-10 07:16:30
0.00238,0.0709,0.03563,0.00017,0.01296,1.0119,20.0,0.0099,0.0054,0.0015,0.0009,0.0,135.408,0.8589,0.0,1.54387,92.52,1.542,0.36364,-0.10882,0.5624,1.71606,-0.16824,0.20691,0.5,0.29686,0.13246,0.66063,0.93816,0.48333,NORMAL,2026-09-10 07:16:30
0.00282,0.116,0.03646,0.00013,0.01157,1.0063,20.0,0.0065,0.0143,0.0,0.0268,0.0,61.39698,0.9223,0.0,0.77737,82.44,1.53,0.31746,0.17885,0.564,1.78168,0.33114,0.24672,0.35,0.25315,0.26191,0.49136,0.96689,0.33333,NORMAL,2026-09-10 07:16:30
0.00305,0.112,0.03451,0.00014,0.01189,1.0029,20.0,0.0074,0.009,0.3848,0.04,0.0,57.99956,0.9137,0.0,0.87042,181.08,1.794,0.34467,0.16792,0.5253,1.74938,-0.34774,0.47079,0.36667,0.23178,0.2001,0.32911,0.95175,0.21667,NORMAL,2026-09-10 07:16:30
0.00054,0.1223,0.03327,0.00013,0.01155,1.0748,20.0,0.007,0.0108,0.0062,0.073,0.0,124.32843,0.8789,0.0,1.30772,73.08,1.218,0.34716,0.18672,0.6186,1.76765,-0.66405,0.60244,0.16667,0.23186,0.20051,0.19705,0.96835,0.2,NORMAL,2026-09-10 07:16:40
0.00195,0.0447,0.03422,0.00016,0.01252,1.0369,20.0,0.0073,0.0013,0.0308,0.0535,0.0,160.57277,0.861,0.0,1.5411,140.4,1.386,0.36591,0.40471,0.588,1.88748,0.68184,0.34437,0.36667,0.29009,0.08504,0.5706,0.93997,0.38333,NORMAL,2026-09-10 07:16:40
0.00301,0.0838,0.03515,0.00016,0.01247,0.9975,20.0,0.0099,0.0054,0.0549,0.0033,0.0,135.408,0.8589,0.0,1.54387,92.52,1.542,0.35477,-0.23931,0.5624,1.66643,-0.27314,0.24329,0.5,0.25388,0.26674,0.48997,0.96834,0.48333,NORMAL,2026-09-10 07:16:40
0.00338,0.0944,0.03678,0.00012,0.01095,1.0142,20.0,0.0069,0.0144,0.0058,0.0141,0.0,185.381,0.8399,0.0,1.83667,81.0,1.05,0.29774,0.41833,0.6526,1.77553,0.48503,0.21805,0.35,0.26393,0.27505,0.5069,0.95187,0.05,NORMAL,2026-09-10 07:16:40
0.00354,0.0871,0.03572,0.00015,0.01214,0.9934,20.0,0.0059,0.0139,0.0245,0.2192,0.0,57.99956,0.9191,0.0,0.82169,181.08,1.794,0.33976,0.21796,0.5209,1.69239,-0.60738,0.42598,0.36667,0.24141,0.18791,0.38611,0.96837,0.21667,NORMAL,2026-09-10 07:16:40
0.00311,0.1118,0.03704,0.00013,0.01158,1.018,20.0,0.008,0.0072,0.0043,0.0613,0.0,185.381,0.8392,0.0,1.83667,81.0,1.05,0.31262,0.12013,0.6531,1.75595,0.53671,0.31293,0.06667,0.23997,0.29204,0.39504,0.97094,0.35,NORMAL,2026-09-10 07:16:50
0.0034,0.0783,0.03472,0.00015,0.01237,0.9914,20.0,0.0085,0.0054,0.0124,0.0533,0.0,135.408,0.8599,0.0,1.54387,92.52,1.542,0.35627,-0.25903,0.5628,1.61568,-0.4511,0.34104,0.06667,0.22673,0.35742,0.30154,0.96506,0.16667,NORMAL,2026-09-10 07:16:50
0.00348,0.1081,0.0346,0.00014,0.01177,0.9968,20.0,0.0058,0.0139,0.0387,0.4209,0.0,63.0445,0.9334,0.0,0.65488,138.24,1.374,0.34031,0.31314,0.5847,1.74738,-0.52484,0.42198,0.31667,0.26131,0.13762,0.4404,0.96062,0.3,NORMAL,2026-09-10 07:16:50
0.00054,0.1168,0.03347,0.00012,0.01117,1.0642,20.0,0.0065,0.0108,0.0128,0.0619,0.0,124.32843,0.8793,0.0,1.30772,131.4,2.25,0.33366,0.02949,0.4686,1.76449,-0.36415,0.53459,0.18333,0.24215,0.21803,0.24738,0.97262,0.28333,NORMAL,2026-09-10 07:16:50
0.00163,0.0865,0.03463,0.00015,0.01243,1.0368,20.0,0.0073,0.0013,0.0111,0.03,0.0,160.57277,0.8611,0.0,1.5411,140.4,2.202,0.35894,0.35291,0.4743,1.86879,0.67914,0.32,0.38333,0.29112,0.05083,0.62917,0.96398,0.36667,NORMAL,2026-09-10 07:16:50
0.00062,0.1271,0.03249,0.00013,0.01131,1.0601,20.0,0.0067,0.0108,0.1175,0.1194,0.0,124.32843,0.8792,0.0,1.30772,73.08,1.218,0.348,0.18223,0.6184,1.80962,-0.44354,0.41193,0.06667,0.23604,0.28626,0.30181,0.96657,0.3,NORMAL,2026-09-10 07:17:00
0.00197,0.0624,0.03348,0.00019,0.0137,1.0403,20.0,0.0073,0.0013,0.0125,0.0121,0.0,160.57277,0.861,0.0,1.5411,140.4,1.386,0.40925,0.59946,0.5883,1.9321,0.66486,0.26429,0.38333,0.28256,0.09543,0.64028,0.96852,0.43333,NORMAL,2026-09-10 07:17:00
0.00421,0.0745,0.03506,0.00017,0.01317,1.0038,20.0,0.0093,0.0054,0.0001,0.1431,0.0,135.408,0.8593,0.0,1.54387,73.44,1.026,0.37573,-0.13991,0.6584,1.66238,-0.5644,0.50436,0.06667,0.22181,0.27267,0.22297,0.9449,0.21667,NORMAL,2026-09-10 07:17:00
0.00409,0.1251,0.03511,0.00011,0.01066,1.0402,20.0,0.008,0.0072,0.0066,0.0085,0.0,185.381,0.8392,0.0,1.83667,81.0,0.822,0.30354,-0.35347,0.7061,1.58988,0.2142,0.40552,0.35,0.25294,0.14291,0.45157,0.96281,0.36667,NORMAL,2026-09-10 07:17:00
0.00296,0.1149,0.03407,0.00013,0.01123,1.0055,20.0,0.0059,0.0138,0.0293,0.1044,0.0,57.99956,0.9053,0.0,0.98686,138.24,1.374,0.32968,0.44145,0.5902,1.77965,-0.15331,0.37572,0.31667,0.26241,0.19175,0.43253,0.96407,0.3,NORMAL,2026-09-10 07:17:00
0.00066,0.1052,0.0337,0.00012,0.01112,1.074,20.0,0.0071,0.0108,0.2937,0.2708,0.0,124.32843,0.8788,0.0,1.30772,83.16,1.386,0.33,-0.03315,0.5838,1.75399,-0.3809,0.3974,0.13333,0.22675,0.27849,0.32411,0.95454,0.05,NORMAL,2026-09-10 07:17:10
0.00481,0.0898,0.03438,0.00018,0.01344,1.0452,20.0,0.0067,0.0013,0.0381,0.0657,0.0,160.57277,0.8615,0.0,1.5411,96.48,1.224,0.39111,0.34834,0.6183,1.89315,0.48705,0.25808,0.43333,0.28656,0.11179,0.63013,0.95754,0.31667,NORMAL,2026-09-10 07:17:10
0.00381,0.0745,0.03489,0.00018,0.0133,1.0333,20.0,0.0083,0.0054,0.0043,0.0798,0.0,135.408,0.8601,0.0,1.54387,209.52,1.746,0.38111,-0.24057,0.5322,1.66763,-0.66208,0.61502,0.13333,0.22435,0.19264,0.19234,0.95609,0.11667,NORMAL,2026-09-10 07:17:10
0.00417,0.1127,0.03546,0.00014,0.01169,1.0182,20.0,0.0077,0.0055,0.0023,0.0536,0.0,185.381,0.8394,0.0,1.83667,81.0,1.11,0.3295,-0.45072,0.641,1.56258,0.13312,0.46614,0.31667,0.26697,0.06876,0.4651,0.95843,0.33333,NORMAL,2026-09-10 07:17:10
0.0044,0.093,0.03463,0.00015,0.01205,1.0278,20.0,0.0053,0.0138,0.0015,0.0171,0.0,57.99956,0.9106,0.0,0.92874,64.8,0.87,0.34787,0.62826,0.6932,1.77702,-0.09703,0.43691,0.31667,0.25456,0.16122,0.40187,0.96885,0.3,NORMAL,2026-09-10 07:17:10
0.00362,0.1112,0.0351,0.00016,0.0128,0.9959,20.0,0.0096,0.0046,0.0295,0.0176,0.0,199.05274,0.8127,0.0,2.20859,80.28,1.338,0.36477,0.31762,0.5967,1.74394,-0.18112,0.42688,0.41667,0.26713,0.12321,0.44991,0.97259,0.48333,NORMAL,2026-09-10 07:17:20
0.003,0.0733,0.03416,0.00016,0.01255,1.0021,20.0,0.0082,0.0055,0.0176,0.0897,0.0,185.381,0.839,0.0,1.83667,48.24,0.804,0.36748,-0.11737,0.7114,1.81265,-0.0534,0.43094,0.31667,0.27291,0.06925,0.49981,0.94925,0.33333,NORMAL,2026-09-10 07:17:20
0.00268,0.0838,0.03483,0.00018,0.01324,0.9978,20.0,0.0077,0.0054,0.0104,0.0999,0.0,106.85194,0.8605,0.0,1.54387,209.52,1.746,0.37993,-0.14357,0.5314,1.67091,-0.77208,0.59213,0.28333,0.24352,0.16885,0.23901,0.95204,0.26667,NORMAL,2026-09-10 07:17:20
0.0024,0.0946,0.03465,0.00015,0.01231,1.0384,20.0,0.0069,0.0109,0.0142,0.1407,0.0,146.6285,0.8857,0.0,1.2219,96.48,1.224,0.35534,0.4476,0.6179,1.89975,0.08228,0.20651,0.43333,0.27729,0.18626,0.60724,0.95746,0.3,NORMAL,2026-09-10 07:17:20
0.00252,0.1318,0.03199,0.00011,0.01045,1.1295,20.0,0.007,0.0108,0.034,0.0195,0.0,80.87411,0.8789,0.0,1.30772,60.84,1.014,0.32679,-0.24042,0.6608,1.50463,-0.75696,0.52898,0.13333,0.22379,0.18626,0.28476,0.941,0.15,NORMAL,2026-09-10 07:17:20
0.00048,0.0928,0.03228,0.00018,0.01341,1.0695,20.0,0.0078,0.0017,0.0732,0.0024,0.0,80.87411,0.9117,0.0,0.89149,43.2,0.72,0.41554,0.00747,0.7325,1.82462,-0.16488,0.51719,0.13333,0.22341,0.22749,0.25532,0.9396,0.15,NORMAL,2026-09-10 07:17:30
0.00379,0.0648,0.03379,0.00016,0.01268,1.0337,20.0,0.0052,0.0109,0.3678,0.2255,0.0,86.82596,0.9253,0.0,0.75557,114.84,1.914,0.37541,0.50692,0.5063,1.9361,-0.01812,0.15725,0.35,0.27351,0.26753,0.57522,0.96558,0.4,NORMAL,2026-09-10 07:17:30
0.00332,0.0745,0.03499,0.00016,0.01263,1.0118,20.0,0.007,0.0054,0.0032,0.1374,0.0,106.85194,0.8531,0.0,1.65134,209.52,1.746,0.36088,-0.13306,0.5283,1.67355,-0.60079,0.5441,0.26667,0.26198,0.14155,0.31435,0.9538,0.28333,NORMAL,2026-09-10 07:17:30
0.0033,0.105,0.03421,0.00016,0.0125,1.0175,20.0,0.0089,0.0055,0.0068,0.1045,0.0,170.3865,0.8648,0.0,1.47405,48.24,0.804,0.36553,-0.14423,0.7108,1.81121,-0.02868,0.42907,0.33333,0.28036,0.05395,0.51697,0.94335,0.2,NORMAL,2026-09-10 07:17:30
0.00364,0.089,0.03507,0.00015,0.01238,1.0159,20.0,0.0077,0.0046,0.0018,0.0128,0.0,199.05274,0.839,0.0,1.84092,108.72,1.338,0.35297,0.26769,0.5966,1.75223,-0.25616,0.35269,0.43333,0.28288,0.11059,0.53672,0.96078,0.41667,NORMAL,2026-09-10 07:17:30
0.00101,0.0937,0.03337,0.00018,0.0135,1.1013,20.0,0.0084,0.0017,0.1197,0.008,0.0,80.87411,0.9186,0.0,0.80167,39.6,0.504,0.4044,-0.08758,0.7963,1.77157,-0.02172,0.38956,0.06667,0.2506,0.27187,0.33857,0.96007,0.26667,NORMAL,2026-09-10 07:17:40
0.00296,0.0751,0.0335,0.00014,0.01175,1.03,20.0,0.0063,0.0109,0.0245,0.144,0.0,86.82596,0.8968,0.0,1.08797,96.48,0.882,0.3508,0.35092,0.6908,1.96772,0.0386,0.26287,0.35,0.25789,0.26302,0.47411,0.95965,0.03333,NORMAL,2026-09-10 07:17:40
0.00364,0.1026,0.03561,0.00017,0.01307,1.0057,20.0,0.0064,0.0054,0.0475,0.0892,0.0,79.86432,0.9217,0.0,0.78539,209.52,1.746,0.36706,-0.05542,0.5312,1.64135,-0.55738,0.39238,0.25,0.25573,0.226,0.38162,0.96766,0.43333,NORMAL,2026-09-10 07:17:40
0.00352,0.1027,0.03408,0.00019,0.0138,1.0159,20.0,0.0082,0.0055,0.1193,0.1029,0.0,170.3865,0.8653,0.0,1.47405,69.12,0.804,0.40503,-0.14187,0.7105,1.79463,-0.44142,0.45903,0.33333,0.27139,0.06146,0.47951,0.9409,0.2,NORMAL,2026-09-10 07:17:40
0.00272,0.0981,0.03458,0.00013,0.0116,1.0075,20.0,0.0104,0.0046,0.0704,0.0113,0.0,199.05274,0.8372,0.0,1.84092,118.08,2.604,0.33548,0.28975,0.4325,1.78617,0.07144,0.42771,0.25,0.27993,0.09605,0.47625,0.9456,0.23333,NORMAL,2026-09-10 07:17:40
0.00173,0.0839,0.033,0.00019,0.01377,1.0061,20.0,0.007,0.0055,0.0081,0.0135,0.0,73.3324,0.9258,0.0,0.73223,109.44,0.912,0.41731,0.08363,0.6838,1.84503,-0.46391,0.45456,0.1,0.27054,0.12577,0.41968,0.93951,0.48333,NORMAL,2026-09-10 07:17:50
0.00345,0.0983,0.03427,0.00017,0.01289,1.0152,20.0,0.0066,0.0054,0.0003,0.0919,0.0,92.16162,0.8894,0.0,1.17722,209.52,1.746,0.37615,0.09382,0.528,1.70055,-0.54642,0.40873,0.2,0.25422,0.24029,0.35099,0.96818,0.25,NORMAL,2026-09-10 07:17:50
0.00284,0.106,0.03461,0.00013,0.0116,1.0275,20.0,0.0087,0.0046,0.0683,0.2441,0.0,199.05274,0.8384,0.0,1.84092,108.72,1.338,0.33523,0.17268,0.5931,1.78501,0.10433,0.52082,0.25,0.2638,0.1186,0.36058,0.95271,0.23333,NORMAL,2026-09-10 07:17:50
0.00038,0.1173,0.03281,0.00018,0.01353,1.0808,20.0,0.008,0.0017,0.2143,0.0041,0.0,154.75897,0.8737,0.0,1.36485,39.6,0.552,0.41238,-0.01107,0.7807,1.79731,-0.05637,0.33051,0.06667,0.25365,0.3147,0.35478,0.96711,0.05,NORMAL,2026-09-10 07:17:50
0.00314,0.0673,0.03304,0.00013,0.01149,1.044,20.0,0.0058,0.0109,0.0,0.0023,0.0,86.82596,0.8971,0.0,1.08797,96.48,0.882,0.3477,0.50121,0.6907,1.99711,0.30622,0.49405,0.18333,0.25714,0.12202,0.38393,0.94564,0.2,NORMAL,2026-09-10 07:17:50
0.00031,0.1132,0.03434,0.00019,0.01368,1.0963,20.0,0.0083,0.0017,0.0069,0.2234,0.0,154.75897,0.8735,0.0,1.36485,46.8,0.936,0.39846,-0.19811,0.6732,1.72519,-0.06411,0.3031,0.06667,0.23884,0.33549,0.36141,0.96265,0.08333,NORMAL,2026-09-10 07:18:00
0.00282,0.0553,0.03483,0.00011,0.01069,1.0366,20.0,0.0063,0.0149,0.0098,0.1857,0.0,86.82596,0.8968,0.0,1.08797,110.16,1.884,0.30676,0.31806,0.5086,1.80998,-0.3229,0.51213,0.18333,0.26007,0.1205,0.36737,0.95086,0.16667,NORMAL,2026-09-10 07:18:00
0.00285,0.0773,0.0339,0.00015,0.01223,1.0197,20.0,0.0074,0.0054,0.1032,0.0066,0.0,102.01778,0.8493,0.0,1.7003,209.52,1.746,0.36084,0.11278,0.5307,1.70785,-0.56106,0.56615,0.21667,0.22518,0.23888,0.19497,0.9633,0.23333,NORMAL,2026-09-10 07:18:00
0.0028,0.1218,0.03248,0.00019,0.01366,1.0103,20.0,0.0089,0.0055,0.007,0.2016,0.0,117.5873,0.83,0.0,1.95979,94.32,0.912,0.42049,0.15628,0.6779,1.87238,-0.37577,0.53259,0.1,0.26034,0.17134,0.29607,0.93305,0.23333,NORMAL,2026-09-10 07:18:00
0.00329,0.1091,0.03433,0.00017,0.01298,1.011,20.0,0.0079,0.0045,0.0039,0.0048,0.0,199.05274,0.8389,0.0,1.84092,108.72,1.338,0.37793,-0.06728,0.5964,1.77561,-0.11961,0.50798,0.25,0.25038,0.17988,0.31214,0.95457,0.23333,NORMAL,2026-09-10 07:18:00
0.00013,0.1028,0.03364,0.0002,0.01402,1.0806,20.0,0.0093,0.0017,0.0545,0.0621,0.0,154.75897,0.8176,0.0,2.13707,48.6,0.81,0.41664,-0.12217,0.7081,1.74992,-0.23834,0.39374,0.06667,0.24366,0.26326,0.343,0.96772,0.16667,NORMAL,2026-09-10 07:18:10
0.00422,0.075,0.03409,0.00013,0.01122,1.025,20.0,0.006,0.0149,0.002,0.31,0.0,86.82596,0.8785,0.0,1.32296,113.04,1.884,0.32923,0.68061,0.5065,1.83784,0.03524,0.44309,0.16667,0.25883,0.1611,0.39581,0.95547,0.48333,NORMAL,2026-09-10 07:18:10
0.00329,0.0906,0.0353,0.00015,0.0123,1.025,20.0,0.0061,0.0054,0.0025,0.0399,0.0,92.16162,0.912,0.0,0.90324,86.76,1.248,0.34847,0.09895,0.6123,1.64675,-0.6134,0.59501,0.23333,0.23003,0.15081,0.25418,0.94402,0.21667,NORMAL,2026-09-10 07:18:10
0.00345,0.0973,0.03306,0.00017,0.01304,1.0042,20.0,0.0083,0.0078,0.0319,0.0824,0.0,127.55336,0.8625,0.0,1.51115,94.32,0.912,0.39435,0.24641,0.6831,1.85645,-0.21864,0.59379,0.11667,0.24403,0.15356,0.25265,0.94832,0.23333,NORMAL,2026-09-10 07:18:10
0.00343,0.0902,0.03416,0.00014,0.01189,1.0158,20.0,0.0081,0.0045,0.0032,0.0197,0.0,199.05274,0.8323,0.0,1.93402,108.72,1.338,0.34819,-0.41932,0.5963,1.50275,0.01508,0.34785,0.06667,0.25796,0.24695,0.4052,0.96248,0.5,NORMAL,2026-09-10 07:18:10
0.003,0.1096,0.03312,0.00015,0.01231,1.0141,20.0,0.0077,0.0078,0.0011,0.0018,0.0,127.55336,0.863,0.0,1.51115,94.32,0.936,0.37151,-0.00435,0.677,1.68557,-0.29007,0.49836,0.23333,0.24686,0.19896,0.30268,0.94561,0.38333,NORMAL,2026-09-10 07:18:20
0.00332,0.1024,0.03614,0.00014,0.01172,1.005,20.0,0.0073,0.0171,0.0048,0.1587,0.0,92.16162,0.9006,0.0,1.03078,102.24,1.248,0.32429,0.28438,0.6079,1.61994,-0.95624,0.49631,0.38333,0.26003,0.13641,0.36729,0.95593,0.23333,NORMAL,2026-09-10 07:18:20
0.00356,0.1064,0.03411,0.00013,0.0112,1.0097,20.0,0.0062,0.0045,0.0612,0.1213,0.0,84.06131,0.9026,0.0,1.01651,69.84,1.158,0.32845,-0.35043,0.6245,1.51357,-0.14594,0.20856,0.43333,0.26809,0.23431,0.55714,0.97704,0.41667,NORMAL,2026-09-10 07:18:20
0.00229,0.1259,0.03547,0.0002,0.01426,1.1087,20.0,0.0093,0.0017,0.0083,0.0061,0.0,154.75897,0.8728,0.0,1.36485,89.64,1.308,0.40207,-0.16874,0.6015,1.68659,-0.14867,0.55287,0.18333,0.23844,0.19689,0.25024,0.94537,0.16667,NORMAL,2026-09-10 07:18:20
0.00271,0.0879,0.03296,0.00014,0.01186,1.028,20.0,0.007,0.0053,0.0366,0.002,0.0,86.82596,0.8963,0.0,1.08797,113.04,1.884,0.35994,0.38705,0.5118,1.88294,0.3909,0.33954,0.06667,0.23841,0.33519,0.32526,0.96949,0.16667,NORMAL,2026-09-10 07:18:20
0.00102,0.0949,0.03596,0.00014,0.01168,1.0871,20.0,0.0092,0.011,0.0723,0.057,0.0,154.75897,0.8728,0.0,1.36485,89.64,1.308,0.32475,0.03433,0.6015,1.70451,-0.18387,0.45802,0.45,0.24982,0.19758,0.34439,0.95604,0.11667,NORMAL,2026-09-10 07:18:30
0.00384,0.044,0.03408,0.00014,0.01162,1.0214,20.0,0.0078,0.0053,0.0102,0.0192,0.0,84.25842,0.8545,0.0,1.62533,113.04,1.884,0.34109,0.18753,0.5121,1.83165,0.4341,0.29939,0.06667,0.26096,0.30352,0.39708,0.95816,0.5,NORMAL,2026-09-10 07:18:30
0.00399,0.0855,0.03602,0.00014,0.01182,1.0138,20.0,0.008,0.0169,0.1757,0.1419,0.0,92.16162,0.9001,0.0,1.03078,119.52,2.376,0.32821,0.24857,0.4518,1.62371,-0.98558,0.3755,0.03333,0.25888,0.21558,0.40892,0.97211,0.38333,NORMAL,2026-09-10 07:18:30
0.00183,0.0907,0.03285,0.00017,0.01298,0.9879,20.0,0.0084,0.0072,0.0,0.0059,0.0,127.55336,0.8625,0.0,1.51115,94.32,0.912,0.39505,0.00378,0.6831,1.68648,-0.43455,0.38561,0.38333,0.25049,0.2887,0.32569,0.96898,0.05,NORMAL,2026-09-10 07:18:30
0.00324,0.0904,0.03461,0.00014,0.01204,1.0181,20.0,0.0069,0.0045,0.0055,0.3044,0.0,84.06131,0.8915,0.0,1.1485,114.48,1.158,0.34773,-0.24873,0.6223,1.63047,-0.25637,0.19861,0.41667,0.27367,0.1757,0.62569,0.96309,0.43333,NORMAL,2026-09-10 07:18:30
0.00399,0.1029,0.03552,0.00015,0.0124,1.0164,20.0,0.0082,0.0045,0.004,0.1324,0.0,106.46801,0.8904,0.0,1.1485,114.48,1.494,0.34924,-0.2657,0.5658,1.61229,-0.2024,0.49982,0.13333,0.26049,0.07359,0.42659,0.9519,0.41667,NORMAL,2026-09-10 07:18:40
0.00327,0.1345,0.03408,0.00015,0.01208,1.016,20.0,0.0075,0.0072,0.005,0.0,0.0,127.55336,0.8631,0.0,1.51115,94.32,1.704,0.35449,-0.1128,0.5372,1.59473,-0.2571,0.34548,0.05,0.25626,0.28026,0.37427,0.95638,0.28333,NORMAL,2026-09-10 07:18:40
0.0031,0.0915,0.03556,0.00015,0.01229,1.0191,20.0,0.0082,0.0169,0.0029,0.1859,0.0,92.16162,0.8998,0.0,1.03078,102.24,1.248,0.34562,0.62629,0.6078,2.01666,0.32337,0.36224,0.03333,0.25243,0.28366,0.3541,0.96836,0.5,NORMAL,2026-09-10 07:18:40
0.00046,0.1023,0.0357,0.00013,0.0113,1.0954,20.0,0.0088,0.0113,0.0929,0.2474,0.0,154.75897,0.8731,0.0,1.36485,89.64,1.308,0.31649,0.21454,0.5947,1.72131,-0.12866,0.33625,0.45,0.26945,0.1449,0.51886,0.94407,0.46667,NORMAL,2026-09-10 07:18:40
0.00406,0.0874,0.03476,0.00016,0.01255,1.0259,20.0,0.0067,0.0053,0.0265,0.1241,0.0,79.54755,0.9091,0.0,0.9328,113.04,1.884,0.36097,0.13485,0.5089,1.78495,0.18529,0.30062,0.5,0.26847,0.22316,0.47623,0.95892,0.48333,NORMAL,2026-09-10 07:18:40
0.00053,0.1289,0.03675,0.00011,0.01068,1.0973,20.0,0.0082,0.0125,0.3125,0.3421,0.0,70.69177,0.8881,0.0,1.1782,172.8,2.88,0.29068,0.23721,0.4042,1.68383,-0.07133,0.31294,0.46667,0.28848,0.08589,0.60117,0.94256,0.45,NORMAL,2026-09-10 07:18:50
0.00448,0.0643,0.03596,0.00016,0.01269,1.0318,20.0,0.0083,0.0053,0.0047,0.1305,0.0,118.57169,0.8293,0.0,1.97619,113.04,1.884,0.35275,-0.05192,0.5088,1.72973,0.10742,0.36701,0.46667,0.26741,0.18339,0.4496,0.98246,0.48333,NORMAL,2026-09-10 07:18:50
0.00491,0.0843,0.03659,0.00015,0.01228,1.0239,20.0,0.0097,0.0169,0.0023,0.0781,0.0,71.30356,0.8861,0.0,1.18839,102.24,1.404,0.33559,0.52262,0.5847,1.96544,0.18783,0.36957,0.03333,0.23536,0.34752,0.28291,0.96923,0.01667,NORMAL,2026-09-10 07:18:50
0.00442,0.0906,0.03485,0.00014,0.01167,1.0303,20.0,0.0087,0.0072,0.2095,0.0079,0.0,127.55336,0.8622,0.0,1.51115,117.36,1.956,0.33504,-0.09797,0.5036,1.62591,-0.00758,0.42008,0.05,0.23142,0.25308,0.32684,0.96311,0.03333,NORMAL,2026-09-10 07:18:50
0.00401,0.1212,0.03622,0.00015,0.01217,1.0312,20.0,0.0073,0.0045,0.0001,0.0045,0.0,106.46801,0.8912,0.0,1.1485,134.64,1.158,0.33613,-0.285,0.6299,1.58726,0.01566,0.63026,0.13333,0.2346,0.12298,0.24676,0.95666,0.15,NORMAL,2026-09-10 07:18:50
0.00299,0.1135,0.03445,0.00015,0.01209,1.0088,20.0,0.0092,0.0072,0.4816,0.0636,0.0,80.08974,0.8587,0.0,1.33483,58.32,0.882,0.35101,-0.17824,0.6901,1.63664,0.02859,0.54785,0.13333,0.22499,0.18145,0.2707,0.96028,0.15,NORMAL,2026-09-10 07:19:00
0.00343,0.1018,0.03751,0.00015,0.01209,1.0309,20.0,0.0099,0.0169,0.0036,0.1371,0.0,97.25489,0.8371,0.0,1.84776,102.24,1.248,0.32225,0.47935,0.609,1.92482,0.2159,0.26277,0.01667,0.22316,0.43512,0.30211,0.96106,0.08333,NORMAL,2026-09-10 07:19:00
0.00335,0.0804,0.0379,0.00011,0.01053,1.0237,20.0,0.0101,0.0133,0.0118,0.0576,0.0,159.5346,0.8552,0.0,1.59226,134.64,1.158,0.2778,0.06232,0.6302,1.54159,-0.40127,0.53974,0.13333,0.23547,0.17802,0.28224,0.95456,0.15,NORMAL,2026-09-10 07:19:00
0.00165,0.145,0.03604,0.00011,0.01037,1.1122,20.0,0.008,0.0125,0.0265,0.0715,0.0,70.69177,0.8882,0.0,1.1782,89.64,1.308,0.28776,0.36444,0.6015,1.71816,0.09208,0.25385,0.45,0.28408,0.11989,0.62627,0.95034,0.46667,NORMAL,2026-09-10 07:19:00
0.00399,0.05,0.03654,0.00015,0.01212,1.0486,20.0,0.0069,0.0053,0.0093,0.0314,0.0,63.77182,0.9279,0.0,0.70796,107.28,1.722,0.33177,-0.2858,0.5348,1.63273,0.23413,0.42848,0.38333,0.25711,0.13648,0.43504,0.96309,0.3,NORMAL,2026-09-10 07:19:00
0.0024,0.1362,0.03617,0.00011,0.01063,1.1115,20.0,0.0074,0.0145,0.1528,0.0608,0.0,70.69177,0.8768,0.0,1.33157,89.64,1.308,0.29386,0.39137,0.6017,1.70946,-0.26013,0.23492,0.26667,0.27499,0.18508,0.57999,0.95939,0.45,NORMAL,2026-09-10 07:19:10
0.00406,0.0743,0.03619,0.00015,0.01215,1.0294,20.0,0.009,0.0053,0.0,0.1897,0.0,80.85524,0.8579,0.0,1.56723,107.28,1.722,0.33582,-0.49103,0.5311,1.64655,0.05842,0.41925,0.38333,0.24977,0.14287,0.43789,0.97334,0.15,NORMAL,2026-09-10 07:19:10
0.00418,0.0758,0.03748,0.00015,0.01234,1.0315,20.0,0.0099,0.0169,0.0305,0.2438,0.0,71.30356,0.886,0.0,1.18839,89.28,1.152,0.32922,0.5018,0.6251,1.92264,0.20005,0.34041,0.08333,0.23056,0.34307,0.31652,0.94422,0.4,NORMAL,2026-09-10 07:19:10
0.00336,0.1212,0.03335,0.00015,0.01229,1.0168,20.0,0.0075,0.0067,0.183,0.0002,0.0,80.08974,0.8764,0.0,1.33483,100.08,1.218,0.36843,-0.30239,0.6178,1.68132,-0.03903,0.50799,0.15,0.23534,0.17464,0.31737,0.97271,0.16667,NORMAL,2026-09-10 07:19:10
0.00416,0.0962,0.03879,0.00012,0.01116,1.0271,20.0,0.0084,0.0133,0.0003,0.1573,0.0,159.5346,0.8564,0.0,1.59226,134.64,1.776,0.28757,0.1505,0.5248,1.60401,-0.45018,0.46911,0.5,0.25437,0.16473,0.36616,0.96125,0.21667,NORMAL,2026-09-10 07:19:10
0.00118,0.0909,0.03571,0.0001,0.01009,1.1272,20.0,0.0069,0.0145,0.0209,0.1097,0.0,70.69177,0.8891,0.0,1.1782,181.44,3.024,0.2825,0.22346,0.3967,1.5938,-0.60808,0.3186,0.41667,0.26193,0.20666,0.47474,0.94728,0.4,NORMAL,2026-09-10 07:19:20
0.00327,0.0818,0.03665,0.00013,0.01158,1.0409,20.0,0.006,0.0105,0.0365,0.0275,0.0,56.51324,0.9448,0.0,0.52426,101.52,0.984,0.31606,-0.24296,0.6676,1.63523,-0.2785,0.50571,0.23333,0.24126,0.19028,0.30401,0.94574,0.16667,NORMAL,2026-09-10 07:19:20
0.00402,0.0966,0.03797,0.00015,0.01223,1.0138,20.0,0.0097,0.0169,0.0173,0.0211,0.0,103.5603,0.8458,0.0,1.726,91.8,1.728,0.32224,0.41354,0.5335,1.90184,0.16191,0.42425,0.13333,0.22758,0.26751,0.30823,0.94717,0.06667,NORMAL,2026-09-10 07:19:20
0.00358,0.0886,0.03417,0.00015,0.01243,1.025,20.0,0.0079,0.0067,0.0123,0.2671,0.0,80.08974,0.8761,0.0,1.33483,63.36,0.882,0.36379,-0.26667,0.6831,1.64332,-0.20779,0.46258,0.18333,0.25128,0.18505,0.35237,0.97347,0.16667,NORMAL,2026-09-10 07:19:20
0.00336,0.0926,0.03912,0.00012,0.01098,1.0205,20.0,0.0085,0.0133,0.0059,0.0211,0.0,159.5346,0.8564,0.0,1.59226,134.64,1.122,0.28065,0.18827,0.6373,1.59347,-0.46271,0.5357,0.23333,0.26292,0.14455,0.31975,0.9353,0.21667,NORMAL,2026-09-10 07:19:20
0.00338,0.0936,0.0387,9e-05,0.00963,1.0128,20.0,0.0088,0.0209,0.0001,0.0141,0.0,159.5346,0.8561,0.0,1.59226,134.64,1.122,0.24879,0.44029,0.6371,1.62303,-0.1099,0.52657,0.36667,0.26311,0.08114,0.39229,0.9517,0.23333,NORMAL,2026-09-10 07:19:30
0.00247,0.1221,0.03479,0.00015,0.01209,1.0028,20.0,0.0079,0.0067,0.1926,0.05,0.0,80.08974,0.8761,0.0,1.33483,154.08,1.428,0.34756,-0.19997,0.5807,1.62243,-0.08432,0.5323,0.2,0.23506,0.22384,0.24385,0.95724,0.21667,NORMAL,2026-09-10 07:19:30
0.00327,0.1223,0.03796,0.00016,0.01262,1.0139,20.0,0.0097,0.0067,0.0048,0.1751,0.0,75.75751,0.8861,0.0,1.18839,69.12,1.152,0.33242,0.2438,0.6268,1.89671,0.31077,0.43012,0.18333,0.23869,0.24535,0.32453,0.97176,0.06667,NORMAL,2026-09-10 07:19:30
0.00292,0.0707,0.03545,0.00015,0.01231,1.0424,20.0,0.0069,0.0077,0.0234,0.0194,0.0,56.51324,0.9183,0.0,0.82028,101.52,0.984,0.34736,-0.14798,0.6673,1.67501,-0.36671,0.58396,0.23333,0.22363,0.24887,0.16717,0.96067,0.16667,NORMAL,2026-09-10 07:19:30
0.00083,0.1216,0.03521,0.0001,0.01012,1.1006,20.0,0.0072,0.008,0.099,0.2633,0.0,76.96182,0.8807,0.0,1.2827,67.32,1.122,0.28729,-0.12991,0.6317,1.61404,-0.19806,0.34032,0.41667,0.26878,0.18327,0.47641,0.97203,0.08333,NORMAL,2026-09-10 07:19:30
0.00136,0.0849,0.03446,0.00012,0.01094,1.0875,20.0,0.0102,0.0076,0.0033,0.0,0.0,91.11259,0.8606,0.0,1.51854,67.32,1.122,0.31754,-0.34816,0.6374,1.46701,-0.45973,0.33393,0.35,0.27047,0.17623,0.48984,0.95685,0.36667,NORMAL,2026-09-10 07:19:40
0.00311,0.0469,0.03499,0.00013,0.0114,1.0273,20.0,0.0059,0.0077,0.0497,0.0499,0.0,61.3154,0.9443,0.0,0.53133,101.52,0.846,0.32592,-0.16016,0.6997,1.59655,-0.38682,0.57428,0.01667,0.22558,0.25575,0.16997,0.96338,0.23333,NORMAL,2026-09-10 07:19:40
0.00347,0.0681,0.03753,0.00015,0.01207,1.0108,20.0,0.0099,0.0067,0.0003,0.3032,0.0,173.077,0.7702,0.0,2.88462,146.16,2.436,0.32164,-0.13409,0.4455,1.57637,-0.62414,0.49429,0.06667,0.24515,0.20038,0.30533,0.97938,0.2,NORMAL,2026-09-10 07:19:40
0.00333,0.0996,0.03483,0.00018,0.01341,1.0324,20.0,0.0072,0.0067,0.3531,0.0035,0.0,70.36643,0.9093,0.0,0.9253,154.08,1.428,0.38516,0.21777,0.5806,2.02242,0.55115,0.69591,0.2,0.22195,0.14262,0.16147,0.9457,0.15,NORMAL,2026-09-10 07:19:40
0.00315,0.1056,0.03727,9e-05,0.00956,1.013,20.0,0.0099,0.0208,0.2051,0.0312,0.0,159.5346,0.8525,0.0,1.63167,66.96,1.002,0.2566,0.50261,0.662,1.68252,-0.02843,0.4146,0.36667,0.27015,0.05532,0.53009,0.93606,0.38333,NORMAL,2026-09-10 07:19:40
0.00034,0.104,0.03484,0.00015,0.01237,1.0835,20.0,0.0097,0.0076,0.0397,0.0123,0.0,76.96182,0.8787,0.0,1.2827,67.32,1.122,0.35508,0.27844,0.6381,1.86824,0.13176,0.29194,0.36667,0.26997,0.18896,0.5191,0.94445,0.1,NORMAL,2026-09-10 07:19:50
0.00403,0.1171,0.03423,0.00012,0.01116,1.0354,20.0,0.007,0.0077,0.1296,0.176,0.0,114.32307,0.8766,0.0,1.33872,101.52,1.248,0.3261,-0.14573,0.6134,1.63168,-0.30336,0.45436,0.28333,0.23482,0.2855,0.26013,0.97205,0.11667,NORMAL,2026-09-10 07:19:50
0.00348,0.101,0.03685,0.00016,0.0127,1.0261,20.0,0.0087,0.0056,0.0407,0.0341,0.0,97.21298,0.8764,0.0,1.32337,68.4,1.116,0.3448,-0.30726,0.6389,1.59472,-0.41158,0.50834,0.21667,0.24277,0.22468,0.26698,0.97471,0.23333,NORMAL,2026-09-10 07:19:50
0.00407,0.0954,0.03417,0.00018,0.01342,1.0179,20.0,0.007,0.0067,0.1569,0.0612,0.0,70.36643,0.8964,0.0,1.08533,154.08,1.428,0.39265,0.23245,0.5808,2.05604,0.4253,0.57922,0.15,0.24663,0.11012,0.31065,0.95667,0.16667,NORMAL,2026-09-10 07:19:50
0.0036,0.0889,0.03639,0.0001,0.00975,1.0173,20.0,0.0098,0.0208,0.0051,0.0063,0.0,159.5346,0.8554,0.0,1.59226,63.0,0.846,0.26791,0.40732,0.6986,1.71819,-0.15768,0.39356,0.36667,0.27875,0.06405,0.54239,0.93648,0.38333,NORMAL,2026-09-10 07:19:50
0.00425,0.0896,0.03625,0.00012,0.01077,1.0349,20.0,0.0099,0.0011,0.0248,0.0521,0.0,60.52369,0.8797,0.0,1.26792,63.0,0.846,0.29706,-0.23082,0.6986,1.71201,0.87369,0.39587,0.36667,0.23757,0.25682,0.34731,0.97,0.1,NORMAL,2026-09-10 07:20:00
0.00342,0.1055,0.03562,0.00018,0.01349,1.0229,20.0,0.0066,0.0067,0.1419,0.0251,0.0,88.20092,0.9112,0.0,0.90792,154.08,1.428,0.3789,0.3871,0.5808,1.98172,0.46025,0.39305,0.46667,0.27006,0.09978,0.50716,0.97212,0.15,NORMAL,2026-09-10 07:20:00
0.00397,0.0696,0.03677,0.00017,0.01312,1.0265,20.0,0.008,0.0056,0.0493,0.0559,0.0,119.22432,0.8769,0.0,1.32337,123.84,2.064,0.35687,-0.17202,0.4902,1.7534,-0.28872,0.42461,0.06667,0.22897,0.3078,0.26759,0.96414,0.21667,NORMAL,2026-09-10 07:20:00
0.00421,0.0872,0.03386,0.00014,0.01182,1.0481,20.0,0.0059,0.0077,0.085,0.2832,0.0,114.32307,0.8887,0.0,1.19301,72.72,1.194,0.3492,0.07915,0.6199,1.73052,-0.40964,0.32791,0.28333,0.26397,0.226,0.44609,0.97078,0.41667,NORMAL,2026-09-10 07:20:00
0.00056,0.1126,0.03378,0.00018,0.01344,1.1098,20.0,0.0102,0.0052,0.0093,0.0656,0.0,113.05107,0.8784,0.0,1.2827,92.16,1.122,0.39788,0.25254,0.6374,1.8998,-0.12087,0.24768,0.48333,0.28103,0.21477,0.53756,0.95181,0.46667,NORMAL,2026-09-10 07:20:00
0.00217,0.1228,0.03541,0.00019,0.01365,1.1282,20.0,0.0111,0.0052,0.0127,0.0,0.0,113.05107,0.8777,0.0,1.2827,98.64,1.122,0.38549,0.05113,0.6373,1.81998,-0.27167,0.2152,0.46667,0.25957,0.29563,0.48918,0.95273,0.18333,NORMAL,2026-09-10 07:20:10
0.0032,0.0701,0.03296,0.00014,0.0119,1.0396,20.0,0.0065,0.0021,0.226,0.0267,0.0,114.32307,0.8882,0.0,1.19301,81.36,0.948,0.36086,-0.10174,0.6755,1.77082,0.13569,0.29961,0.41667,0.27824,0.13991,0.56049,0.95575,0.43333,NORMAL,2026-09-10 07:20:10
0.00302,0.0906,0.0358,0.00016,0.01271,1.0192,20.0,0.0096,0.0056,0.014,0.1353,0.0,119.22432,0.8503,0.0,1.6649,95.04,1.584,0.35494,-0.21179,0.5519,1.80224,-0.09063,0.41362,0.06667,0.24745,0.26388,0.3225,0.94941,0.16667,NORMAL,2026-09-10 07:20:10
0.00343,0.0941,0.03575,0.00017,0.01311,1.0164,20.0,0.0071,0.0108,0.0022,0.1635,0.0,103.07989,0.9019,0.0,1.01734,154.08,1.428,0.36668,0.57041,0.5768,1.98185,0.44842,0.29012,0.46667,0.27366,0.15293,0.55696,0.97078,0.31667,NORMAL,2026-09-10 07:20:10
0.00319,0.0719,0.03546,0.00011,0.01043,1.013,20.0,0.0098,0.0011,0.0,0.0586,0.0,60.52369,0.8798,0.0,1.26792,63.0,0.846,0.29404,-0.36887,0.6983,1.54582,0.56118,0.5141,0.1,0.22444,0.29174,0.19417,0.93972,0.11667,NORMAL,2026-09-10 07:20:10
0.00118,0.1257,0.03421,0.00019,0.01368,1.0968,20.0,0.0111,0.0052,0.062,0.0811,0.0,162.71886,0.7798,0.0,2.71198,98.64,0.954,0.39996,0.20894,0.6736,1.87487,-0.22882,0.24999,0.05,0.24846,0.31305,0.43696,0.9474,0.06667,NORMAL,2026-09-10 07:20:20
0.00287,0.087,0.03421,0.00013,0.01128,1.0335,20.0,0.006,0.0021,0.1335,0.0628,0.0,114.32307,0.8887,0.0,1.19301,81.36,0.732,0.32964,-0.34782,0.7286,1.72281,0.53415,0.34224,0.3,0.29448,0.0754,0.58235,0.96255,0.43333,NORMAL,2026-09-10 07:20:20
0.00366,0.0874,0.0366,0.00017,0.01293,1.008,20.0,0.0085,0.0056,0.0001,0.043,0.0,119.22432,0.8766,0.0,1.32337,95.04,1.584,0.35314,-0.18665,0.5553,1.76367,-0.0535,0.41017,0.16667,0.24468,0.26364,0.32619,0.95992,0.18333,NORMAL,2026-09-10 07:20:20
0.00253,0.1103,0.03505,0.00018,0.01346,1.0199,20.0,0.0067,0.0108,0.0357,0.0075,0.0,103.07989,0.889,0.0,1.18073,144.72,1.428,0.38385,0.56594,0.5809,2.0102,0.37602,0.32203,0.46667,0.27012,0.16819,0.50978,0.94408,0.4,NORMAL,2026-09-10 07:20:20
0.00287,0.0555,0.03573,0.00012,0.01093,1.025,20.0,0.0106,0.0011,0.0535,0.0016,0.0,77.31742,0.8792,0.0,1.26792,86.4,1.23,0.30605,-0.34153,0.6158,1.52936,0.29205,0.49777,0.1,0.25431,0.22594,0.27629,0.94666,0.11667,NORMAL,2026-09-10 07:20:20
0.00363,0.0828,0.03585,0.00013,0.01138,1.0215,20.0,0.0115,0.0011,0.0018,0.0181,0.0,92.37242,0.8641,0.0,1.45731,86.4,0.906,0.31751,-0.41776,0.6851,1.51944,0.02807,0.44034,0.11667,0.26367,0.16576,0.3939,0.9553,0.1,NORMAL,2026-09-10 07:20:30
0.00407,0.1309,0.03627,0.00019,0.0137,1.0309,20.0,0.0067,0.0108,0.0156,0.0013,0.0,103.07989,0.8891,0.0,1.18073,55.44,0.924,0.37768,0.44948,0.6808,1.94697,0.09433,0.45091,0.3,0.26133,0.15662,0.39247,0.97571,0.4,NORMAL,2026-09-10 07:20:30
0.00327,0.0703,0.03516,0.00019,0.01363,1.0336,20.0,0.0074,0.0056,0.2728,0.0136,0.0,119.22432,0.8914,0.0,1.14472,113.4,1.89,0.38762,-0.1155,0.5117,1.81604,-0.30158,0.40218,0.18333,0.23906,0.3085,0.28932,0.95752,0.08333,NORMAL,2026-09-10 07:20:30
0.00345,0.0766,0.03481,0.00012,0.01086,1.0388,20.0,0.008,0.0021,0.079,0.1093,0.0,114.32307,0.8871,0.0,1.19301,81.36,0.732,0.31205,-0.40211,0.7284,1.70174,0.51782,0.31284,0.31667,0.28888,0.12381,0.56335,0.96336,0.3,NORMAL,2026-09-10 07:20:30
0.00042,0.1024,0.03375,0.00019,0.01368,1.087,20.0,0.0107,0.0052,0.0058,0.2015,0.0,113.05107,0.8458,0.0,1.7157,149.76,1.248,0.40535,0.35662,0.6078,1.89721,-0.26403,0.36434,0.05,0.23641,0.30268,0.33297,0.95621,0.06667,NORMAL,2026-09-10 07:20:30
0.00048,0.1357,0.03389,0.0002,0.01427,1.1044,20.0,0.0099,0.0052,0.0091,0.0235,0.0,113.05107,0.884,0.0,1.21402,149.76,1.368,0.42095,0.35705,0.5904,1.87897,-0.22867,0.50574,0.3,0.2275,0.2677,0.22655,0.96167,0.18333,NORMAL,2026-09-10 07:20:40
0.00294,0.0467,0.03433,0.00012,0.01093,1.0495,20.0,0.007,0.0021,0.0283,0.0775,0.0,114.32307,0.8878,0.0,1.19301,81.36,0.732,0.31824,-0.46399,0.7283,1.72211,0.65421,0.27683,0.5,0.27084,0.19699,0.52618,0.94318,0.31667,NORMAL,2026-09-10 07:20:40
0.00384,0.0866,0.03453,0.0002,0.01411,1.0111,20.0,0.0088,0.0028,0.0,0.0384,0.0,119.22432,0.8613,0.0,1.52243,179.64,1.584,0.40864,-0.16503,0.5555,1.8358,-0.25053,0.38295,0.18333,0.22985,0.35054,0.26651,0.95896,0.08333,NORMAL,2026-09-10 07:20:40
0.00512,0.0951,0.03596,0.00016,0.01248,1.0247,20.0,0.0071,0.0101,0.001,0.0128,0.0,103.07989,0.8887,0.0,1.18073,118.44,1.974,0.3471,0.11265,0.5011,1.80932,-0.23082,0.43876,0.3,0.25686,0.17477,0.38648,0.96895,0.4,NORMAL,2026-09-10 07:20:40
0.00397,0.1003,0.0355,0.00015,0.0123,0.9919,20.0,0.0073,0.0011,0.0249,0.0205,0.0,92.37242,0.8881,0.0,1.1871,135.36,1.53,0.34657,-0.61389,0.5645,1.52105,0.07965,0.55716,0.11667,0.24281,0.11437,0.32847,0.96316,0.38333,NORMAL,2026-09-10 07:20:40
0.00047,0.1153,0.03309,0.0002,0.0141,1.0835,20.0,0.0084,0.0052,0.0297,0.0993,0.0,113.05107,0.8851,0.0,1.21402,149.76,1.248,0.4261,0.30666,0.6125,1.82336,-0.56155,0.6004,0.3,0.22343,0.20029,0.19931,0.94037,0.31667,NORMAL,2026-09-10 07:20:50
0.00269,0.091,0.03407,0.00011,0.0104,1.0496,20.0,0.0062,0.0021,0.0601,0.0409,0.0,79.92181,0.8777,0.0,1.33203,81.36,0.84,0.30538,-0.38908,0.7008,1.74185,1.18772,0.40128,0.03333,0.25446,0.20749,0.39123,0.95695,0.21667,NORMAL,2026-09-10 07:20:50
0.00471,0.0749,0.03444,0.00019,0.01378,0.9903,20.0,0.0099,0.0028,0.0154,0.0002,0.0,120.52675,0.8605,0.0,1.52243,144.72,1.584,0.39994,-0.04694,0.5553,1.84591,-0.2509,0.31927,0.06667,0.20796,0.41068,0.27005,0.95189,0.31667,NORMAL,2026-09-10 07:20:50
0.00328,0.122,0.03723,0.00016,0.01257,1.0205,20.0,0.0074,0.0101,0.0401,0.0499,0.0,103.07989,0.8885,0.0,1.18073,164.52,2.556,0.33758,0.0218,0.4371,1.75255,-0.2925,0.26703,0.31667,0.26406,0.24575,0.48722,0.96506,0.08333,NORMAL,2026-09-10 07:20:50
0.00293,0.0788,0.03492,0.00016,0.01249,1.0116,20.0,0.0085,0.0011,0.0157,0.0003,0.0,94.91625,0.8871,0.0,1.1871,135.36,1.53,0.35774,-0.52464,0.5643,1.54122,-0.04987,0.53802,0.11667,0.22378,0.21558,0.2464,0.95014,0.13333,NORMAL,2026-09-10 07:20:50
0.00567,0.0919,0.03614,0.00015,0.01244,1.0214,20.0,0.0083,0.0071,0.0011,0.0072,0.0,80.89231,0.8878,0.0,1.18073,164.52,2.82,0.34431,-0.01704,0.4128,1.67574,-0.31238,0.18631,0.48333,0.26498,0.25947,0.55422,0.96814,0.41667,NORMAL,2026-09-10 07:21:00
0.00358,0.0645,0.03453,0.0002,0.01406,1.0299,20.0,0.0096,0.0028,0.0015,0.0174,0.0,114.00865,0.8607,0.0,1.52243,144.72,2.1,0.40716,-0.07988,0.4854,1.63786,-0.61297,0.32305,0.33333,0.21347,0.31844,0.35852,0.94428,0.15,NORMAL,2026-09-10 07:21:00
0.00497,0.0657,0.03496,0.00013,0.01138,0.9987,20.0,0.0072,0.0035,0.0057,0.1047,0.0,94.91625,0.8882,0.0,1.1871,135.36,1.53,0.32564,-0.34805,0.564,1.55442,-0.1792,0.33093,0.4,0.23607,0.30685,0.36222,0.96908,0.25,NORMAL,2026-09-10 07:21:00
0.0011,0.1202,0.03247,0.00018,0.01349,1.0802,20.0,0.0085,0.0063,0.0026,0.0602,0.0,83.54164,0.8712,0.0,1.39236,149.76,1.248,0.41525,0.43979,0.6132,1.86501,-0.35703,0.70785,0.13333,0.21357,0.15213,0.14002,0.93338,0.15,NORMAL,2026-09-10 07:21:00
0.00415,0.0621,0.03283,0.00011,0.01027,1.0471,20.0,0.0087,0.0021,0.1195,0.1293,0.0,73.90456,0.8803,0.0,1.27314,53.64,0.714,0.3129,-0.74016,0.7335,1.55633,0.67322,0.50875,0.21667,0.24908,0.14548,0.34576,0.95454,0.2,NORMAL,2026-09-10 07:21:00
0.00114,0.1141,0.03096,0.00016,0.01266,1.1168,20.0,0.0093,0.0063,0.0043,0.096,0.0,85.24944,0.8685,0.0,1.42082,149.76,1.248,0.40895,0.64999,0.6131,1.96077,0.2988,0.74845,0.13333,0.20121,0.16096,0.09059,0.94832,0.15,NORMAL,2026-09-10 07:21:10
0.00473,0.0634,0.03409,0.00011,0.01042,1.0355,20.0,0.0072,0.0104,0.4077,0.0143,0.0,55.0762,0.9139,0.0,0.87041,129.96,2.166,0.30575,-0.21733,0.4783,1.67599,0.13814,0.45846,0.45,0.26877,0.11897,0.42258,0.95689,0.25,NORMAL,2026-09-10 07:21:10
0.00511,0.0634,0.03377,0.0002,0.01427,0.995,20.0,0.0101,0.0028,0.0077,0.0815,0.0,114.00865,0.849,0.0,1.67803,149.04,1.44,0.42256,0.20628,0.5791,1.84888,-0.38844,0.39107,0.13333,0.24686,0.12166,0.48727,0.94542,0.38333,NORMAL,2026-09-10 07:21:10
0.00328,0.1252,0.03684,0.00015,0.01234,1.0008,20.0,0.008,0.0071,0.0067,0.0673,0.0,77.10641,0.888,0.0,1.18073,164.52,1.866,0.33496,-0.04242,0.5117,1.64868,-0.26377,0.32841,0.5,0.27093,0.15091,0.52068,0.96727,0.43333,NORMAL,2026-09-10 07:21:10
0.00376,0.1159,0.03435,0.00013,0.01132,1.0226,20.0,0.0075,0.0035,0.0067,0.1774,0.0,95.12169,0.888,0.0,1.1871,180.36,1.848,0.32952,-0.46893,0.5147,1.48884,-0.29262,0.36968,0.06667,0.24771,0.23881,0.39151,0.96609,0.25,NORMAL,2026-09-10 07:21:10
0.00173,0.1323,0.03115,0.00016,0.01273,1.1095,20.0,0.0091,0.0063,0.046,0.0171,0.0,85.24944,0.8687,0.0,1.42082,149.76,1.248,0.40862,0.62979,0.6128,1.94851,0.21335,0.69367,0.13333,0.21176,0.15948,0.14685,0.93123,0.15,NORMAL,2026-09-10 07:21:20
0.00272,0.0721,0.03421,0.00013,0.0115,1.0433,20.0,0.008,0.0104,0.2797,0.042,0.0,170.43603,0.774,0.0,2.8406,73.8,1.23,0.3361,0.34343,0.6158,1.79397,0.63214,0.40589,0.45,0.27251,0.13127,0.46284,0.97042,0.26667,NORMAL,2026-09-10 07:21:20
0.00307,0.0917,0.03346,0.00018,0.0136,1.0189,20.0,0.0091,0.0028,0.1234,0.12,0.0,114.00865,0.8611,0.0,1.52243,149.04,1.44,0.40644,0.21222,0.5789,1.87681,-0.06143,0.44304,0.13333,0.23658,0.1762,0.38076,0.95208,0.4,NORMAL,2026-09-10 07:21:20
0.0043,0.0847,0.03645,0.00015,0.01205,1.0276,20.0,0.0084,0.0071,0.0102,0.0455,0.0,83.52871,0.9142,0.0,0.85436,164.52,1.866,0.33068,0.00401,0.5145,1.66849,-0.10623,0.52451,0.21667,0.2571,0.1305,0.34499,0.9534,0.23333,NORMAL,2026-09-10 07:21:20
0.00366,0.0886,0.03341,0.00011,0.0104,1.0122,20.0,0.0078,0.0035,0.0024,0.003,0.0,95.12169,0.8877,0.0,1.1871,135.36,1.53,0.31133,-0.47567,0.5645,1.533,-0.04787,0.44852,0.06667,0.23545,0.28229,0.26919,0.96512,0.23333,NORMAL,2026-09-10 07:21:20
0.00329,0.0839,0.03468,0.00015,0.01209,1.0236,20.0,0.0082,0.0035,0.0001,0.0668,0.0,128.5226,0.8966,0.0,1.07102,125.64,1.59,0.34866,-0.19625,0.5545,1.6078,0.11709,0.3595,0.06667,0.21962,0.40213,0.23837,0.94687,0.08333,NORMAL,2026-09-10 07:21:30
0.0025,0.1177,0.03531,0.00015,0.0123,1.002,20.0,0.0066,0.0071,0.0018,0.0,0.0,83.52871,0.9157,0.0,0.85436,164.52,1.866,0.3483,0.21553,0.5145,1.74793,0.03241,0.54414,0.2,0.25221,0.14973,0.30613,0.96593,0.3,NORMAL,2026-09-10 07:21:30
0.00395,0.0793,0.03492,0.00017,0.0131,1.0165,20.0,0.0106,0.0028,0.0633,0.1849,0.0,106.00402,0.8661,0.0,1.44008,149.04,1.44,0.3753,0.20128,0.5742,1.81706,-0.19557,0.55204,0.13333,0.23401,0.16049,0.28748,0.96049,0.15,NORMAL,2026-09-10 07:21:30
0.00395,0.0591,0.03362,0.00014,0.01191,1.0273,20.0,0.0062,0.0066,0.0752,0.0194,0.0,169.20216,0.8326,0.0,1.94887,69.48,1.158,0.35419,0.25565,0.6301,1.8158,0.63352,0.43493,0.43333,0.26195,0.14919,0.41588,0.96695,0.13333,NORMAL,2026-09-10 07:21:30
0.00151,0.1263,0.03198,0.00017,0.013,1.1021,20.0,0.0089,0.0063,0.0707,0.1031,0.0,85.24944,0.8688,0.0,1.42082,118.8,0.99,0.40647,0.52076,0.6657,1.89945,-0.13328,0.46262,0.15,0.2302,0.20684,0.33054,0.95817,0.13333,NORMAL,2026-09-10 07:21:30
0.00152,0.1314,0.03221,0.00016,0.01253,1.1106,20.0,0.0091,0.0102,0.1038,0.1262,0.0,85.42701,0.8685,0.0,1.42378,118.8,0.99,0.38892,0.48909,0.6655,1.83919,-0.5614,0.43542,0.15,0.24497,0.14223,0.42235,0.94986,0.33333,NORMAL,2026-09-10 07:21:40
0.00225,0.0541,0.03552,0.00015,0.01222,1.0345,20.0,0.006,0.0066,0.0006,0.1498,0.0,169.20216,0.8327,0.0,1.94887,69.48,1.158,0.34395,0.05232,0.6251,1.72407,0.0731,0.33225,0.45,0.26312,0.19087,0.47688,0.95093,0.43333,NORMAL,2026-09-10 07:21:40
0.00381,0.0805,0.03567,0.00015,0.01244,1.0024,20.0,0.0091,0.0136,0.1069,0.0625,0.0,106.00402,0.8672,0.0,1.44008,149.04,1.302,0.3486,0.26178,0.6019,1.79363,-0.3649,0.62912,0.13333,0.23543,0.10267,0.26821,0.93772,0.15,NORMAL,2026-09-10 07:21:40
0.00369,0.1201,0.0356,0.00014,0.01196,1.0349,20.0,0.0075,0.0071,0.0247,0.0675,0.0,83.52871,0.9132,0.0,0.87496,164.52,1.788,0.33604,0.31695,0.5221,1.74011,-0.00927,0.42066,0.18333,0.2476,0.22677,0.35257,0.96363,0.5,NORMAL,2026-09-10 07:21:40
0.00337,0.102,0.03505,0.00015,0.01229,1.0041,20.0,0.0089,0.0063,0.1246,0.0039,0.0,128.5226,0.8961,0.0,1.07102,125.64,1.896,0.35048,-0.01844,0.5108,1.58987,-0.40156,0.3577,0.06667,0.22966,0.31661,0.32569,0.9354,0.33333,NORMAL,2026-09-10 07:21:40
0.00045,0.136,0.03215,0.00013,0.01134,1.068,20.0,0.0091,0.0102,0.0079,0.0874,0.0,85.24944,0.8687,0.0,1.42082,118.8,0.99,0.35272,0.16315,0.6654,1.59115,-0.80497,0.48959,0.33333,0.24278,0.10031,0.4101,0.9388,0.13333,NORMAL,2026-09-10 07:21:50
0.00263,0.0503,0.0362,0.00019,0.0139,1.0515,20.0,0.0071,0.0066,0.1416,0.0391,0.0,169.20216,0.832,0.0,1.94887,69.48,1.158,0.38382,0.02648,0.6296,1.83546,-0.08769,0.15088,0.45,0.26418,0.30676,0.54235,0.93519,0.05,NORMAL,2026-09-10 07:21:50
0.00439,0.0866,0.03673,0.00014,0.01189,1.0216,20.0,0.0101,0.0136,0.0835,0.1404,0.0,106.00402,0.8444,0.0,1.74117,149.04,1.302,0.32378,0.12483,0.5961,1.75494,-0.22957,0.52903,0.15,0.22961,0.15922,0.31175,0.95636,0.16667,NORMAL,2026-09-10 07:21:50
0.0055,0.1096,0.0348,0.00015,0.01223,1.0482,20.0,0.0076,0.0071,0.0018,0.2255,0.0,143.45639,0.8828,0.0,1.25174,112.32,1.59,0.3516,0.30363,0.5482,1.77208,-0.03586,0.32562,0.5,0.2628,0.2302,0.44417,0.96203,0.18333,NORMAL,2026-09-10 07:21:50
0.00464,0.0749,0.03451,0.00015,0.01231,1.0051,20.0,0.0091,0.0063,0.0013,0.105,0.0,128.5226,0.8923,0.0,1.11558,125.64,1.248,0.35663,0.04743,0.6128,1.61206,-0.39551,0.30311,0.06667,0.21341,0.39967,0.29722,0.96054,0.05,NORMAL,2026-09-10 07:21:50
0.00319,0.1014,0.03578,0.00015,0.01232,1.0323,20.0,0.0066,0.0099,0.0911,0.0165,0.0,143.45639,0.8836,0.0,1.25174,112.32,1.362,0.34436,0.19721,0.5921,1.7272,-0.27114,0.28679,0.41667,0.25999,0.27576,0.43745,0.96513,0.08333,NORMAL,2026-09-10 07:22:00
0.00448,0.1097,0.03457,0.00013,0.01131,0.9923,20.0,0.0088,0.0101,0.2384,0.0067,0.0,106.00402,0.8675,0.0,1.44008,163.8,2.064,0.32722,0.1102,0.4893,1.86256,0.07248,0.38117,0.33333,0.24753,0.18186,0.43697,0.96232,0.35,NORMAL,2026-09-10 07:22:00
0.00354,0.0933,0.0332,0.00016,0.01275,1.0116,20.0,0.0098,0.0063,0.0029,0.1528,0.0,128.5226,0.8913,0.0,1.12093,125.64,1.248,0.38397,0.20029,0.6081,1.66055,-0.57416,0.30282,0.03333,0.207,0.41514,0.28204,0.95277,0.01667,NORMAL,2026-09-10 07:22:00
0.001,0.1139,0.03422,0.00013,0.01126,1.1032,20.0,0.0101,0.0136,0.0525,0.004,0.0,96.92261,0.8459,0.0,1.72022,118.8,0.99,0.32905,0.01275,0.6657,1.50559,-0.94159,0.56634,0.35,0.24176,0.10736,0.3263,0.94506,0.13333,NORMAL,2026-09-10 07:22:00
0.00182,0.0723,0.03721,0.00017,0.01314,1.0577,20.0,0.0076,0.0066,0.0001,0.0015,0.0,169.20216,0.8316,0.0,1.94887,69.48,1.158,0.3531,0.02569,0.6295,1.80342,0.16842,0.15196,0.05,0.25128,0.35567,0.49237,0.95637,0.43333,NORMAL,2026-09-10 07:22:00
0.00105,0.0819,0.0339,0.00012,0.01099,1.0776,20.0,0.0088,0.0136,0.017,0.0015,0.0,66.97754,0.8926,0.0,1.11629,118.8,1.206,0.32416,0.09195,0.6198,1.48841,-0.93493,0.56125,0.35,0.24098,0.13681,0.30193,0.95738,0.21667,NORMAL,2026-09-10 07:22:10
0.00187,0.108,0.03609,0.00016,0.01278,1.0424,20.0,0.0071,0.0066,0.0001,0.3098,0.0,169.20216,0.8319,0.0,1.94887,138.96,1.158,0.35424,0.16791,0.623,1.85899,0.34,0.3852,0.43333,0.23926,0.23901,0.37579,0.963,0.05,NORMAL,2026-09-10 07:22:10
0.00271,0.0973,0.03612,0.00013,0.01147,1.017,20.0,0.0101,0.0101,0.0083,0.0478,0.0,177.8283,0.7496,0.0,3.2405,163.8,2.064,0.31754,-0.0397,0.4893,1.65317,-0.40805,0.37482,0.13333,0.25774,0.14894,0.47624,0.95645,0.33333,NORMAL,2026-09-10 07:22:10
0.00465,0.1175,0.03528,0.00014,0.01202,1.0306,20.0,0.0073,0.0099,0.1386,0.0839,0.0,143.45639,0.883,0.0,1.25174,112.32,1.362,0.34068,0.24897,0.592,1.75346,-0.08286,0.31066,0.41667,0.24278,0.31333,0.37601,0.96206,0.08333,NORMAL,2026-09-10 07:22:10
0.00358,0.1066,0.03451,0.00018,0.01336,1.003,20.0,0.0111,0.0063,0.0135,0.0146,0.0,128.5226,0.8903,0.0,1.12093,81.36,1.248,0.387,0.27668,0.6128,1.67453,-0.56045,0.37127,0.43333,0.22176,0.28984,0.33889,0.9451,0.18333,NORMAL,2026-09-10 07:22:10
0.00106,0.1376,0.03402,0.00012,0.01091,1.0882,20.0,0.0073,0.0127,0.0782,0.0008,0.0,66.97754,0.8937,0.0,1.11629,84.96,1.206,0.32076,-0.07297,0.6201,1.48469,-0.78146,0.53569,0.36667,0.23755,0.16718,0.29713,0.95737,0.3,NORMAL,2026-09-10 07:22:20
0.00313,0.0831,0.03538,0.00016,0.01258,1.032,20.0,0.0081,0.0066,0.0619,0.3066,0.0,67.27451,0.9021,0.0,1.00416,50.4,0.84,0.35556,0.04872,0.6931,1.89535,0.07122,0.50859,0.21667,0.23591,0.22147,0.26993,0.97106,0.05,NORMAL,2026-09-10 07:22:20
0.00409,0.0957,0.03634,0.00014,0.01164,1.0095,20.0,0.0068,0.0101,0.0983,0.0084,0.0,126.50796,0.8213,0.0,2.10847,163.8,2.064,0.32038,-0.11877,0.4898,1.64176,-0.54007,0.49216,0.13333,0.24838,0.15873,0.34911,0.96928,0.03333,NORMAL,2026-09-10 07:22:20
0.00347,0.1193,0.03382,0.00015,0.01241,1.024,20.0,0.0068,0.0099,0.1149,0.2578,0.0,143.45639,0.8834,0.0,1.25174,112.32,1.362,0.36688,0.46184,0.5867,1.81464,-0.17434,0.33998,0.08333,0.24696,0.2855,0.37452,0.9662,0.3,NORMAL,2026-09-10 07:22:20
0.00349,0.0752,0.03384,0.00019,0.01384,1.0189,20.0,0.0108,0.0063,0.0038,0.1252,0.0,128.5226,0.834,0.0,1.8822,88.92,1.248,0.40912,0.25547,0.6083,1.69502,-0.63755,0.34916,0.38333,0.2376,0.23853,0.4123,0.96894,0.41667,NORMAL,2026-09-10 07:22:20
0.00385,0.1441,0.03433,0.00013,0.0116,1.0345,20.0,0.0067,0.0099,0.1278,0.207,0.0,143.45639,0.8835,0.0,1.25174,112.32,1.242,0.33788,0.18593,0.6085,1.75956,-0.35638,0.35762,0.3,0.23905,0.31328,0.32911,0.96187,0.08333,NORMAL,2026-09-10 07:22:30
0.00362,0.1077,0.03663,0.00012,0.01087,1.0289,20.0,0.0054,0.0101,0.0742,0.1838,0.0,55.9089,0.9102,0.0,0.93182,163.8,2.064,0.2967,-0.01993,0.4859,1.63964,-0.25536,0.44585,0.15,0.25504,0.17947,0.37468,0.97502,0.03333,NORMAL,2026-09-10 07:22:30
0.00415,0.0684,0.03286,0.00021,0.01456,1.0255,20.0,0.0097,0.0102,0.0085,0.1864,0.0,116.54024,0.8914,0.0,1.12093,81.36,1.248,0.44316,1.45959,0.6082,2.66613,4.24809,0.31468,0.38333,0.26436,0.1828,0.50252,0.95,0.4,NORMAL,2026-09-10 07:22:30
0.00094,0.1429,0.03541,0.00018,0.01351,1.1012,20.0,0.0079,0.0125,0.0057,0.0028,0.0,66.97754,0.8932,0.0,1.11629,84.96,1.206,0.38163,0.88646,0.62,2.11056,1.84988,0.5563,0.3,0.23392,0.14245,0.30125,0.95133,0.28333,NORMAL,2026-09-10 07:22:30
0.00324,0.102,0.03793,0.00032,0.01801,1.0474,20.0,0.0097,0.0097,0.1044,0.2945,0.0,115.49415,0.8318,0.0,1.9249,50.4,0.84,0.47489,2.9327,0.6927,3.3108,14.58774,0.40788,0.0,0.20371,0.38499,0.20712,0.96348,0.01667,NORMAL,2026-09-10 07:22:30
0.00156,0.1332,0.0368,0.0002,0.01397,1.1212,20.0,0.0079,0.0125,0.2548,0.1418,0.0,57.93158,0.9054,0.0,0.96553,72.36,1.206,0.37957,1.09202,0.616,2.0323,1.7953,0.33094,0.28333,0.23371,0.33251,0.33655,0.97333,0.33333,NORMAL,2026-09-10 07:22:40
0.00376,0.0815,0.03895,0.00056,0.02373,1.0414,20.0,0.009,0.0097,0.1628,0.0074,0.0,105.41108,0.8441,0.0,1.75685,150.48,1.458,0.60938,2.63476,0.5762,3.05034,7.82985,0.28599,0.01667,0.2272,0.36178,0.35223,0.94575,0.41667,NORMAL,2026-09-10 07:22:40
0.0049,0.1096,0.03751,0.00025,0.01582,1.0197,20.0,0.012,0.0101,0.3828,0.2609,0.0,55.9089,0.8843,0.0,0.93182,163.8,2.064,0.42186,3.05639,0.485,3.13127,15.44547,0.35525,0.21667,0.26303,0.18333,0.46142,0.95675,0.5,NORMAL,2026-09-10 07:22:40
0.00464,0.1483,0.03484,0.00022,0.01472,1.0369,20.0,0.0078,0.0099,0.1916,0.0809,0.0,143.45639,0.8773,0.0,1.321,112.32,1.59,0.42252,1.84144,0.5545,2.78257,6.9619,0.24424,0.01667,0.209,0.56386,0.1919,0.9491,0.03333,NORMAL,2026-09-10 07:22:40
0.0034,0.1017,0.03464,0.00024,0.01555,1.0236,20.0,0.0081,0.0106,0.0228,0.0078,0.0,116.54024,0.8927,0.0,1.12093,81.36,1.116,0.4489,1.38439,0.6384,2.52369,3.26395,0.4898,0.23333,0.26126,0.10517,0.40503,0.94524,0.13333,NORMAL,2026-09-10 07:22:40
0.00352,0.1099,0.03552,0.00022,0.01495,1.035,20.0,0.01,0.0106,0.2208,0.0213,0.0,81.25594,0.873,0.0,1.35427,106.56,1.776,0.42085,1.43337,0.5271,2.48631,3.84077,0.57911,0.23333,0.23934,0.13767,0.28322,0.96481,0.21667,NORMAL,2026-09-10 07:22:50
0.00487,0.1255,0.03434,0.00021,0.01449,1.0493,20.0,0.0076,0.0099,0.3767,0.08,0.0,107.47309,0.9115,0.0,0.89561,65.16,1.068,0.42186,2.03464,0.6492,2.82348,7.83968,0.21514,0.01667,0.22338,0.49959,0.28528,0.96003,0.05,NORMAL,2026-09-10 07:22:50
0.00511,0.1306,0.03793,0.00027,0.01641,1.0314,20.0,0.0144,0.0101,0.5418,0.5384,0.0,85.97414,0.8376,0.0,1.4329,99.0,1.98,0.43271,2.74843,0.4883,3.08452,12.85752,0.42661,0.31667,0.25492,0.18264,0.39075,0.96394,0.21667,NORMAL,2026-09-10 07:22:50
0.00051,0.1392,0.03594,0.0002,0.0142,1.1096,20.0,0.0084,0.0125,0.4661,0.077,0.0,79.23968,0.905,0.0,0.96553,119.88,1.998,0.39522,1.18671,0.4978,2.06986,1.79534,0.26367,0.28333,0.2562,0.33108,0.40525,0.9644,0.03333,NORMAL,2026-09-10 07:22:50
0.00392,0.1039,0.03918,0.00065,0.02545,1.0605,20.0,0.0104,0.0147,0.4904,0.3496,0.0,99.64871,0.8678,0.0,1.17041,150.48,1.458,0.6494,2.59313,0.5703,2.97822,6.61854,0.24957,0.41667,0.24495,0.3347,0.41573,0.97842,0.06667,NORMAL,2026-09-10 07:22:50
0.00113,0.1467,0.03591,0.00021,0.01448,1.1253,20.0,0.0089,0.0125,0.4878,0.2809,0.0,73.26043,0.8876,0.0,0.96553,105.84,1.764,0.4034,1.17448,0.5237,2.06604,1.60793,0.28688,0.43333,0.2599,0.2746,0.43852,0.96197,0.03333,NORMAL,2026-09-10 07:23:00
0.00336,0.0703,0.03809,0.00066,0.02572,1.0692,20.0,0.0107,0.0115,0.4895,0.4594,0.0,99.64871,0.867,0.0,1.17041,150.48,1.458,0.67524,2.61096,0.5682,3.02776,6.67377,0.23477,0.06667,0.23666,0.378,0.38723,0.97585,0.4,WARNING,2026-09-10 07:23:00
0.00475,0.1572,0.03816,0.00027,0.0163,1.0326,20.0,0.0194,0.0162,0.7452,0.8374,1.0,85.97414,0.8195,0.5,1.4329,75.6,1.26,0.42715,2.81888,0.5787,3.07203,13.05252,0.46239,0.31667,0.2523,0.19634,0.34126,0.97193,0.3,WARNING,2026-09-10 07:23:00
0.00484,0.1145,0.03583,0.00029,0.01715,1.0534,20.0,0.008,0.0133,0.5696,0.3605,1.0,107.47309,0.8942,0.5,0.89561,64.08,1.068,0.47855,2.5513,0.6401,2.82363,8.6554,0.29543,0.5,0.27191,0.23141,0.47316,0.96066,0.06667,WARNING,2026-09-10 07:23:00
0.00331,0.1156,0.03601,0.00023,0.01503,1.0312,20.0,0.0104,0.0106,0.248,0.4374,2.0,121.54486,0.8065,1.0,2.29529,99.72,1.662,0.41749,1.37744,0.5362,2.45548,3.54133,0.46491,0.23333,0.23308,0.24141,0.29368,0.96612,0.1,NORMAL,2026-09-10 07:23:00
0.00584,0.125,0.03631,0.00034,0.01854,1.071,20.0,0.0097,0.0133,0.6183,0.3616,1.0,80.30534,0.855,0.5,1.33842,80.28,1.338,0.51066,2.21526,0.59,2.75222,6.14923,0.35783,0.46667,0.27293,0.16922,0.47295,0.96431,0.23333,WARNING,2026-09-10 07:23:10
0.00596,0.123,0.03708,0.00027,0.01641,1.0371,20.0,0.0255,0.0123,0.7942,0.9228,2.0,127.69629,0.7899,1.0,1.62412,55.44,0.924,0.44253,2.84004,0.6353,3.14417,13.41092,0.41454,0.06667,0.24636,0.26323,0.32223,0.97486,0.3,WARNING,2026-09-10 07:23:10
0.00342,0.1114,0.03549,0.00021,0.01446,1.039,20.0,0.0095,0.0106,0.6452,0.6287,2.0,81.25594,0.8539,1.0,1.35427,77.04,0.756,0.40734,1.49625,0.7032,2.50027,4.57632,0.29652,0.1,0.23493,0.34198,0.3615,0.95794,0.36667,NORMAL,2026-09-10 07:23:10
0.0008,0.1128,0.03737,0.00022,0.01476,1.1205,20.0,0.0065,0.0125,0.1138,0.3491,1.0,73.26043,0.8898,1.0,1.17345,76.32,0.984,0.39494,0.92542,0.6587,1.99067,1.11417,0.32406,0.43333,0.26739,0.20686,0.46908,0.9451,0.03333,NORMAL,2026-09-10 07:23:10
0.0037,0.1239,0.03849,0.00066,0.02564,1.0696,20.0,0.0131,0.0115,0.6027,0.5135,1.0,99.64871,0.8584,0.3333,1.17041,150.48,1.458,0.6661,2.59531,0.5651,3.00924,6.63866,0.30549,0.06667,0.23915,0.32699,0.36752,0.96122,0.08333,WARNING,2026-09-10 07:23:10
0.00048,0.1617,0.03826,0.00025,0.01589,1.1323,20.0,0.0085,0.0074,0.2692,0.5706,1.0,79.68483,0.8762,1.0,1.32808,73.44,0.69,0.41541,0.58122,0.7287,1.93076,0.35804,0.28627,0.03333,0.24485,0.30915,0.40458,0.97049,0.41667,NORMAL,2026-09-10 07:23:20
0.0037,0.1334,0.03878,0.00064,0.02539,1.0902,20.0,0.0183,0.0115,0.775,0.7125,1.0,114.73766,0.7906,0.3333,1.91229,150.48,1.458,0.65479,2.64557,0.5616,3.00201,6.88004,0.41663,0.25,0.24398,0.25447,0.32889,0.9751,0.01667,WARNING,2026-09-10 07:23:20
0.0067,0.1476,0.04023,0.00071,0.02661,1.0432,20.0,0.0266,0.0123,0.8322,0.9297,2.0,127.69629,0.786,1.0,1.62412,61.2,1.17,0.66139,4.10913,0.5821,4.11708,20.44027,0.28749,0.06667,0.21886,0.47358,0.23893,0.96323,0.3,WARNING,2026-09-10 07:23:20
0.00669,0.1293,0.04023,0.00036,0.01909,1.0882,20.0,0.0129,0.0138,0.7157,0.5506,1.0,80.30534,0.8445,0.5,1.33842,82.8,0.978,0.4744,1.83238,0.6536,2.51885,4.14618,0.36834,0.21667,0.27233,0.17519,0.45647,0.96147,0.46667,WARNING,2026-09-10 07:23:20
0.00355,0.1171,0.03728,0.00024,0.01534,1.0434,20.0,0.01,0.0116,0.674,0.6826,2.0,81.25594,0.852,1.0,1.35427,72.0,0.756,0.41133,1.36209,0.6998,2.37672,3.14044,0.29787,0.43333,0.24599,0.26693,0.4352,0.9732,0.25,NORMAL,2026-09-10 07:23:20
0.0004,0.1396,0.03807,0.0002,0.0141,1.1407,20.0,0.0124,0.0074,0.5932,0.483,1.0,79.68483,0.8489,1.0,1.32808,108.0,1.146,0.37025,0.20309,0.6259,1.84434,-0.05141,0.26368,0.41667,0.26383,0.22717,0.50915,0.96773,0.5,NORMAL,2026-09-10 07:23:30
0.00404,0.1172,0.03668,0.00047,0.02173,1.1107,20.0,0.018,0.0115,0.7057,0.8502,1.0,107.76211,0.8423,0.3333,1.17041,60.84,1.182,0.59233,2.8205,0.6019,3.00178,8.74061,0.36134,0.5,0.24684,0.26251,0.37615,0.96038,0.0,WARNING,2026-09-10 07:23:30
0.00644,0.1382,0.04386,0.00132,0.03635,1.0511,20.0,0.0247,0.0123,0.7831,0.9436,2.0,127.69629,0.7921,1.0,1.62412,78.48,0.894,0.82878,3.86854,0.6344,4.10783,15.80618,0.27009,0.06667,0.23285,0.40722,0.32268,0.95638,0.01667,WARNING,2026-09-10 07:23:30
0.00541,0.1524,0.04019,0.00038,0.01939,1.0871,20.0,0.0143,0.0138,0.6951,0.7012,1.0,80.30534,0.8409,0.5,1.33842,82.8,0.978,0.48241,1.7636,0.6507,2.51382,3.77513,0.29837,0.08333,0.24773,0.29809,0.40354,0.96286,0.45,WARNING,2026-09-10 07:23:30
0.00331,0.1148,0.03693,0.0002,0.01397,1.0666,20.0,0.0103,0.0116,0.6004,0.6966,2.0,81.25594,0.8525,1.0,1.35427,72.0,0.756,0.37817,0.7223,0.6991,2.01574,0.81018,0.36326,0.43333,0.24937,0.1969,0.43985,0.95045,0.41667,NORMAL,2026-09-10 07:23:30
0.0036,0.1162,0.03611,0.00015,0.01228,1.075,20.0,0.0106,0.0149,0.6479,0.8866,2.0,129.56677,0.871,1.0,1.07972,72.0,0.756,0.33994,0.57865,0.6906,2.02853,0.6347,0.25697,0.06667,0.25902,0.28618,0.45685,0.97427,0.05,NORMAL,2026-09-10 07:23:40
0.006,0.1659,0.0431,0.00121,0.03482,1.0657,20.0,0.0279,0.0116,0.8375,0.9526,2.0,127.69629,0.7824,1.0,1.62412,78.48,0.894,0.80799,4.22431,0.6329,4.22299,19.14617,0.34654,0.06667,0.2633,0.22838,0.42508,0.97712,0.3,WARNING,2026-09-10 07:23:40
0.00538,0.1134,0.03733,0.00033,0.01806,1.107,20.0,0.015,0.011,0.742,0.7976,1.0,124.59588,0.8272,0.5,1.49549,82.8,0.978,0.48383,1.74205,0.6442,2.70528,4.25503,0.28283,0.05,0.23546,0.40595,0.31122,0.97002,0.06667,WARNING,2026-09-10 07:23:40
0.00146,0.1402,0.03683,0.00017,0.01286,1.1561,20.0,0.0119,0.0074,0.482,0.4147,1.0,79.68483,0.8513,1.0,1.343,108.0,1.146,0.34908,0.01833,0.6241,1.66,-0.16114,0.24363,0.41667,0.28172,0.13743,0.61894,0.97138,0.4,NORMAL,2026-09-10 07:23:40
0.00325,0.1044,0.03452,0.00031,0.01755,1.1053,20.0,0.016,0.0115,0.6627,0.8465,1.0,107.76211,0.849,0.3333,1.17041,183.24,1.788,0.50851,2.56423,0.5092,3.04704,9.03728,0.30323,0.5,0.27791,0.16936,0.5274,0.96155,0.46667,WARNING,2026-09-10 07:23:40
0.00284,0.1347,0.03768,0.00016,0.0126,1.1544,20.0,0.0116,0.0074,0.1812,0.1456,1.0,108.18766,0.8738,1.0,1.32808,108.0,1.452,0.33446,-0.20869,0.5729,1.62972,0.15211,0.27805,0.41667,0.28219,0.12727,0.59468,0.97132,0.4,NORMAL,2026-09-10 07:23:50
0.00382,0.1131,0.03382,0.0002,0.01405,1.0956,20.0,0.0138,0.0102,0.5492,0.6702,1.0,107.76211,0.8781,0.3333,0.89802,183.24,2.652,0.41553,1.65982,0.4192,2.66289,5.54888,0.29878,0.5,0.28011,0.15557,0.54565,0.96158,0.46667,WARNING,2026-09-10 07:23:50
0.00541,0.2162,0.04553,0.00223,0.04723,1.0783,20.0,0.0279,0.0058,0.8876,0.9075,2.0,127.69629,0.7809,1.0,1.62412,78.48,1.098,1.03731,3.88255,0.5986,4.39514,14.99834,0.39745,0.28333,0.26826,0.16757,0.43498,0.97102,0.43333,WARNING,2026-09-10 07:23:50
0.00555,0.1359,0.03717,0.00032,0.01793,1.1022,20.0,0.0131,0.011,0.6021,0.8625,1.0,124.59588,0.8349,0.5,1.49549,82.8,0.978,0.48225,1.76212,0.6404,2.7181,4.552,0.36656,0.03333,0.249,0.32981,0.30363,0.95717,0.05,WARNING,2026-09-10 07:23:50
0.00392,0.1056,0.03784,0.00022,0.01471,1.0763,20.0,0.0136,0.0149,0.6089,0.853,2.0,129.56677,0.8174,1.0,1.73344,48.24,0.93,0.38887,1.18044,0.6532,2.37203,2.97665,0.17426,0.38333,0.26753,0.29078,0.53495,0.94997,0.06667,NORMAL,2026-09-10 07:23:50
0.00212,0.1457,0.03643,0.00017,0.01303,1.161,20.0,0.011,0.0074,0.1548,0.409,1.0,140.3972,0.8529,1.0,1.61406,108.0,1.452,0.35778,-0.22921,0.5681,1.67371,-0.15888,0.34942,0.41667,0.2499,0.26111,0.38948,0.9573,0.03333,NORMAL,2026-09-10 07:24:00
0.00496,0.1263,0.03746,0.00037,0.01911,1.1032,20.0,0.0098,0.0102,0.5169,0.8462,1.0,107.76211,0.8898,0.3333,0.89802,183.24,1.788,0.51014,2.72773,0.507,3.21579,10.79488,0.22198,0.48333,0.28159,0.16378,0.61424,0.95447,0.5,WARNING,2026-09-10 07:24:00
0.00607,0.1881,0.04647,0.0022,0.04688,1.0919,20.0,0.0275,0.0058,0.8768,0.8995,2.0,127.69629,0.7785,1.0,1.68609,99.36,0.918,1.00887,3.91955,0.6329,4.36818,15.22893,0.43389,0.28333,0.26238,0.17495,0.39116,0.966,0.36667,WARNING,2026-09-10 07:24:00
0.0068,0.1599,0.03487,0.00024,0.01537,1.1085,20.0,0.0103,0.011,0.4962,0.6949,1.0,124.59588,0.8439,0.5,1.49549,82.8,0.978,0.44084,1.14776,0.6433,2.25971,1.95265,0.32719,0.03333,0.24941,0.37775,0.29506,0.94155,0.01667,WARNING,2026-09-10 07:24:00
0.0046,0.114,0.03949,0.0003,0.01746,1.081,20.0,0.0132,0.0171,0.6242,0.5142,2.0,129.56677,0.8426,1.0,1.37814,80.28,1.338,0.44208,2.0933,0.5839,2.73911,6.79146,0.34703,0.38333,0.26502,0.19634,0.45663,0.95685,0.36667,NORMAL,2026-09-10 07:24:00
0.00707,0.145,0.03469,0.00019,0.01384,1.1349,20.0,0.0119,0.011,0.4474,0.661,1.0,124.59588,0.823,0.5,1.75895,87.84,0.978,0.39906,0.94001,0.6487,2.30539,1.7195,0.23356,0.01667,0.23698,0.37532,0.39112,0.94848,0.0,WARNING,2026-09-10 07:24:10
0.0082,0.2086,0.04661,0.00218,0.04672,1.0746,20.0,0.0293,0.0058,0.9473,0.9032,2.0,121.38637,0.8051,1.0,1.15057,99.36,1.05,1.00225,3.95552,0.6116,4.36858,15.42269,0.45159,0.28333,0.25512,0.20204,0.34637,0.97343,0.08333,WARNING,2026-09-10 07:24:10
